{
  "type": "FeatureCollection",
  "name": "germany_neighbours_natural_earth_10m",
  "source": "Natural Earth 1:10m Admin 0 Countries",
  "features": [
    {
      "type": "Feature",
      "properties": {
        "ADM0_ISO": "CZE",
        "featurecla": "Admin-0 country",
        "scalerank": 0,
        "LABELRANK": 5,
        "SOVEREIGNT": "Czechia",
        "SOV_A3": "CZE",
        "ADM0_DIF": 0,
        "LEVEL": 2,
        "TYPE": "Sovereign country",
        "TLC": "1",
        "ADMIN": "Czechia",
        "ADM0_A3": "CZE",
        "GEOU_DIF": 0,
        "GEOUNIT": "Czechia",
        "GU_A3": "CZE",
        "SU_DIF": 0,
        "SUBUNIT": "Czechia",
        "SU_A3": "CZE",
        "BRK_DIFF": 0,
        "NAME": "Czechia",
        "NAME_LONG": "Czechia",
        "BRK_A3": "CZE",
        "BRK_NAME": "Czechia",
        "BRK_GROUP": null,
        "ABBREV": "Cz.",
        "POSTAL": "CZ",
        "FORMAL_EN": "Czech Republic",
        "FORMAL_FR": "la République tchèque",
        "NAME_CIAWF": "Czechia",
        "NOTE_ADM0": null,
        "NOTE_BRK": null,
        "NAME_SORT": "Czechia",
        "NAME_ALT": "Česko",
        "MAPCOLOR7": 1,
        "MAPCOLOR8": 1,
        "MAPCOLOR9": 2,
        "MAPCOLOR13": 6,
        "POP_EST": 10669709,
        "POP_RANK": 14,
        "POP_YEAR": 2019,
        "GDP_MD": 250680,
        "GDP_YEAR": 2019,
        "ECONOMY": "2. Developed region: nonG7",
        "INCOME_GRP": "1. High income: OECD",
        "FIPS_10": "EZ",
        "ISO_A2": "CZ",
        "ISO_A2_EH": "CZ",
        "ISO_A3": "CZE",
        "ISO_A3_EH": "CZE",
        "ISO_N3": "203",
        "ISO_N3_EH": "203",
        "UN_A3": "203",
        "WB_A2": "CZ",
        "WB_A3": "CZE",
        "WOE_ID": 23424810,
        "WOE_ID_EH": 23424810,
        "WOE_NOTE": "Exact WOE match as country",
        "ADM0_DIFF": null,
        "ADM0_TLC": "CZE",
        "ADM0_A3_US": "CZE",
        "ADM0_A3_FR": "CZE",
        "ADM0_A3_RU": "CZE",
        "ADM0_A3_ES": "CZE",
        "ADM0_A3_CN": "CZE",
        "ADM0_A3_TW": "CZE",
        "ADM0_A3_IN": "CZE",
        "ADM0_A3_NP": "CZE",
        "ADM0_A3_PK": "CZE",
        "ADM0_A3_DE": "CZE",
        "ADM0_A3_GB": "CZE",
        "ADM0_A3_BR": "CZE",
        "ADM0_A3_IL": "CZE",
        "ADM0_A3_PS": "CZE",
        "ADM0_A3_SA": "CZE",
        "ADM0_A3_EG": "CZE",
        "ADM0_A3_MA": "CZE",
        "ADM0_A3_PT": "CZE",
        "ADM0_A3_AR": "CZE",
        "ADM0_A3_JP": "CZE",
        "ADM0_A3_KO": "CZE",
        "ADM0_A3_VN": "CZE",
        "ADM0_A3_TR": "CZE",
        "ADM0_A3_ID": "CZE",
        "ADM0_A3_PL": "CZE",
        "ADM0_A3_GR": "CZE",
        "ADM0_A3_IT": "CZE",
        "ADM0_A3_NL": "CZE",
        "ADM0_A3_SE": "CZE",
        "ADM0_A3_BD": "CZE",
        "ADM0_A3_UA": "CZE",
        "ADM0_A3_UN": -99,
        "ADM0_A3_WB": -99,
        "CONTINENT": "Europe",
        "REGION_UN": "Europe",
        "SUBREGION": "Eastern Europe",
        "REGION_WB": "Europe & Central Asia",
        "NAME_LEN": 7,
        "LONG_LEN": 14,
        "ABBREV_LEN": 3,
        "TINY": -99,
        "HOMEPART": 1,
        "MIN_ZOOM": 0,
        "MIN_LABEL": 4,
        "MAX_LABEL": 9,
        "LABEL_X": 15.377555,
        "LABEL_Y": 49.882364,
        "NE_ID": 1159320535,
        "WIKIDATAID": "Q213",
        "NAME_AR": "التشيك",
        "NAME_BN": "চেক প্রজাতন্ত্র",
        "NAME_DE": "Tschechien",
        "NAME_EN": "Czech Republic",
        "NAME_ES": "República Checa",
        "NAME_FA": "جمهوری چک",
        "NAME_FR": "Tchéquie",
        "NAME_EL": "Τσεχία",
        "NAME_HE": "צ'כיה",
        "NAME_HI": "चेक गणराज्य",
        "NAME_HU": "Csehország",
        "NAME_ID": "Republik Ceko",
        "NAME_IT": "Repubblica Ceca",
        "NAME_JA": "チェコ",
        "NAME_KO": "체코",
        "NAME_NL": "Tsjechië",
        "NAME_PL": "Czechy",
        "NAME_PT": "Chéquia",
        "NAME_RU": "Чехия",
        "NAME_SV": "Tjeckien",
        "NAME_TR": "Çek Cumhuriyeti",
        "NAME_UK": "Чехія",
        "NAME_UR": "چیک جمہوریہ",
        "NAME_VI": "Cộng hòa Séc",
        "NAME_ZH": "捷克",
        "NAME_ZHT": "捷克共和國",
        "FCLASS_ISO": "Admin-0 country",
        "TLC_DIFF": null,
        "FCLASS_TLC": "Admin-0 country",
        "FCLASS_US": null,
        "FCLASS_FR": null,
        "FCLASS_RU": null,
        "FCLASS_ES": null,
        "FCLASS_CN": null,
        "FCLASS_TW": null,
        "FCLASS_IN": null,
        "FCLASS_NP": null,
        "FCLASS_PK": null,
        "FCLASS_DE": null,
        "FCLASS_GB": null,
        "FCLASS_BR": null,
        "FCLASS_IL": null,
        "FCLASS_PS": null,
        "FCLASS_SA": null,
        "FCLASS_EG": null,
        "FCLASS_MA": null,
        "FCLASS_PT": null,
        "FCLASS_AR": null,
        "FCLASS_JP": null,
        "FCLASS_KO": null,
        "FCLASS_VN": null,
        "FCLASS_TR": null,
        "FCLASS_ID": null,
        "FCLASS_PL": null,
        "FCLASS_GR": null,
        "FCLASS_IT": null,
        "FCLASS_NL": null,
        "FCLASS_SE": null,
        "FCLASS_BD": null,
        "FCLASS_UA": null
      },
      "bbox": [
        12.076141,
        48.557916,
        18.837434,
        51.040012
      ],
      "geometry": {
        "type": "Polygon",
        "coordinates": [
          [
            [
              14.810393,
              50.858447
            ],
            [
              14.831683,
              50.857982
            ],
            [
              14.867857,
              50.86439
            ],
            [
              14.982062,
              50.859067
            ],
            [
              14.984129,
              50.867697
            ],
            [
              14.982889,
              50.902424
            ],
            [
              14.981752,
              50.905266
            ],
            [
              14.981132,
              50.90909
            ],
            [
              14.982062,
              50.914671
            ],
            [
              14.984852,
              50.918082
            ],
            [
              14.994671,
              50.92511
            ],
            [
              14.997771,
              50.930174
            ],
            [
              14.996635,
              50.959216
            ],
            [
              14.981442,
              50.973221
            ],
            [
              14.965215,
              50.981334
            ],
            [
              14.960978,
              50.992651
            ],
            [
              14.961081,
              50.992651
            ],
            [
              14.965629,
              50.996062
            ],
            [
              14.970693,
              50.998697
            ],
            [
              14.976377,
              51.000402
            ],
            [
              14.982062,
              51.001177
            ],
            [
              14.996531,
              51.007844
            ],
            [
              15.001182,
              51.012443
            ],
            [
              15.003973,
              51.020685
            ],
            [
              15.02299,
              51.009652
            ],
            [
              15.073632,
              51.002624
            ],
            [
              15.082107,
              50.992754
            ],
            [
              15.09389,
              50.985416
            ],
            [
              15.107946,
              50.981024
            ],
            [
              15.119211,
              50.982471
            ],
            [
              15.122518,
              50.992651
            ],
            [
              15.122518,
              50.992754
            ],
            [
              15.13151,
              51.005828
            ],
            [
              15.144429,
              51.011564
            ],
            [
              15.156108,
              51.007844
            ],
            [
              15.160759,
              50.992651
            ],
            [
              15.170164,
              50.977975
            ],
            [
              15.227111,
              50.977406
            ],
            [
              15.253776,
              50.969035
            ],
            [
              15.269796,
              50.952653
            ],
            [
              15.268763,
              50.94299
            ],
            [
              15.260081,
              50.932499
            ],
            [
              15.253053,
              50.914103
            ],
            [
              15.25605,
              50.899892
            ],
            [
              15.265352,
              50.88227
            ],
            [
              15.277134,
              50.865734
            ],
            [
              15.28778,
              50.854881
            ],
            [
              15.307727,
              50.844753
            ],
            [
              15.325813,
              50.839689
            ],
            [
              15.341006,
              50.83173
            ],
            [
              15.352995,
              50.812972
            ],
            [
              15.353305,
              50.803257
            ],
            [
              15.350515,
              50.793232
            ],
            [
              15.349688,
              50.783723
            ],
            [
              15.356096,
              50.775455
            ],
            [
              15.368579,
              50.772949
            ],
            [
              15.370255,
              50.772613
            ],
            [
              15.381314,
              50.780002
            ],
            [
              15.390822,
              50.790648
            ],
            [
              15.400124,
              50.797986
            ],
            [
              15.441775,
              50.800208
            ],
            [
              15.641866,
              50.755766
            ],
            [
              15.653235,
              50.75096
            ],
            [
              15.666464,
              50.738093
            ],
            [
              15.673803,
              50.733545
            ],
            [
              15.684345,
              50.731426
            ],
            [
              15.76744,
              50.744191
            ],
            [
              15.792245,
              50.742692
            ],
            [
              15.794415,
              50.735871
            ],
            [
              15.797619,
              50.729773
            ],
            [
              15.848159,
              50.675151
            ],
            [
              15.854567,
              50.673704
            ],
            [
              15.882265,
              50.674221
            ],
            [
              15.941486,
              50.68838
            ],
            [
              15.958023,
              50.686881
            ],
            [
              15.971459,
              50.678613
            ],
            [
              15.984481,
              50.662904
            ],
            [
              15.993163,
              50.649364
            ],
            [
              15.998641,
              50.635567
            ],
            [
              15.996367,
              50.623681
            ],
            [
              15.982001,
              50.61624
            ],
            [
              15.980037,
              50.612984
            ],
            [
              15.97921,
              50.60978
            ],
            [
              15.979934,
              50.606628
            ],
            [
              15.982001,
              50.603631
            ],
            [
              16.024479,
              50.608592
            ],
            [
              16.086491,
              50.64678
            ],
            [
              16.128658,
              50.644042
            ],
            [
              16.160284,
              50.628642
            ],
            [
              16.175477,
              50.624095
            ],
            [
              16.192324,
              50.626575
            ],
            [
              16.204519,
              50.636342
            ],
            [
              16.211754,
              50.649106
            ],
            [
              16.219092,
              50.659131
            ],
            [
              16.232011,
              50.660888
            ],
            [
              16.268288,
              50.660423
            ],
            [
              16.300948,
              50.6551
            ],
            [
              16.331644,
              50.644042
            ],
            [
              16.416806,
              50.586629
            ],
            [
              16.425901,
              50.567561
            ],
            [
              16.394482,
              50.559344
            ],
            [
              16.398306,
              50.551799
            ],
            [
              16.398306,
              50.548492
            ],
            [
              16.395516,
              50.545701
            ],
            [
              16.391175,
              50.539914
            ],
            [
              16.389624,
              50.534849
            ],
            [
              16.388281,
              50.52715
            ],
            [
              16.388384,
              50.521258
            ],
            [
              16.391175,
              50.521827
            ],
            [
              16.382596,
              50.514179
            ],
            [
              16.362029,
              50.501208
            ],
            [
              16.352624,
              50.492785
            ],
            [
              16.335468,
              50.490356
            ],
            [
              16.303428,
              50.49604
            ],
            [
              16.287719,
              50.492785
            ],
            [
              16.279967,
              50.479866
            ],
            [
              16.264981,
              50.471649
            ],
            [
              16.247411,
              50.464983
            ],
            [
              16.232011,
              50.456766
            ],
            [
              16.226534,
              50.455371
            ],
            [
              16.217335,
              50.45165
            ],
            [
              16.211237,
              50.451289
            ],
            [
              16.216095,
              50.440178
            ],
            [
              16.217955,
              50.437129
            ],
            [
              16.198008,
              50.440023
            ],
            [
              16.190153,
              50.424158
            ],
            [
              16.199559,
              50.406278
            ],
            [
              16.232011,
              50.402609
            ],
            [
              16.24493,
              50.376823
            ],
            [
              16.249685,
              50.371035
            ],
            [
              16.2625,
              50.36442
            ],
            [
              16.269839,
              50.365454
            ],
            [
              16.27697,
              50.369433
            ],
            [
              16.288649,
              50.371862
            ],
            [
              16.334227,
              50.371862
            ],
            [
              16.343736,
              50.36995
            ],
            [
              16.350764,
              50.360648
            ],
            [
              16.351487,
              50.351346
            ],
            [
              16.35066,
              50.342251
            ],
            [
              16.353244,
              50.333518
            ],
            [
              16.371021,
              50.318377
            ],
            [
              16.415566,
              50.307938
            ],
            [
              16.437787,
              50.297965
            ],
            [
              16.452153,
              50.284994
            ],
            [
              16.477578,
              50.255332
            ],
            [
              16.492047,
              50.242722
            ],
            [
              16.50476,
              50.227995
            ],
            [
              16.535042,
              50.207738
            ],
            [
              16.545894,
              50.188824
            ],
            [
              16.557263,
              50.154718
            ],
            [
              16.566668,
              50.142212
            ],
            [
              16.584238,
              50.127432
            ],
            [
              16.618654,
              50.10702
            ],
            [
              16.660616,
              50.093016
            ],
            [
              16.701233,
              50.094928
            ],
            [
              16.732033,
              50.121955
            ],
            [
              16.754253,
              50.13229
            ],
            [
              16.766449,
              50.1434
            ],
            [
              16.777301,
              50.15694
            ],
            [
              16.795284,
              50.174406
            ],
            [
              16.817712,
              50.186757
            ],
            [
              16.837556,
              50.188617
            ],
            [
              16.857606,
              50.187739
            ],
            [
              16.869762,
              50.189729
            ],
            [
              16.880964,
              50.191563
            ],
            [
              16.890369,
              50.196937
            ],
            [
              16.907009,
              50.211768
            ],
            [
              16.918998,
              50.217091
            ],
            [
              16.927783,
              50.217298
            ],
            [
              16.946283,
              50.21306
            ],
            [
              16.955275,
              50.213474
            ],
            [
              16.957755,
              50.217143
            ],
            [
              16.957548,
              50.229235
            ],
            [
              16.960339,
              50.231974
            ],
            [
              16.975015,
              50.231819
            ],
            [
              16.98101,
              50.229183
            ],
            [
              16.98566,
              50.223137
            ],
            [
              16.996306,
              50.212905
            ],
            [
              17.008398,
              50.20996
            ],
            [
              17.014806,
              50.218486
            ],
            [
              17.012842,
              50.231664
            ],
            [
              16.99982,
              50.242722
            ],
            [
              16.998373,
              50.26701
            ],
            [
              16.987831,
              50.284942
            ],
            [
              16.969641,
              50.297758
            ],
            [
              16.945249,
              50.306905
            ],
            [
              16.926543,
              50.319255
            ],
            [
              16.916724,
              50.338634
            ],
            [
              16.909283,
              50.359925
            ],
            [
              16.897914,
              50.378218
            ],
            [
              16.865874,
              50.408449
            ],
            [
              16.865771,
              50.422401
            ],
            [
              16.892953,
              50.432943
            ],
            [
              16.915794,
              50.431083
            ],
            [
              16.944005,
              50.420267
            ],
            [
              16.958789,
              50.414598
            ],
            [
              16.98194,
              50.416355
            ],
            [
              17.084672,
              50.397958
            ],
            [
              17.095628,
              50.393669
            ],
            [
              17.118882,
              50.381164
            ],
            [
              17.131698,
              50.376823
            ],
            [
              17.145444,
              50.376719
            ],
            [
              17.175933,
              50.38075
            ],
            [
              17.187612,
              50.378476
            ],
            [
              17.185442,
              50.375686
            ],
            [
              17.188852,
              50.364834
            ],
            [
              17.195053,
              50.351915
            ],
            [
              17.201048,
              50.343233
            ],
            [
              17.210866,
              50.336412
            ],
            [
              17.24611,
              50.322149
            ],
            [
              17.269881,
              50.317757
            ],
            [
              17.316803,
              50.318635
            ],
            [
              17.337474,
              50.313002
            ],
            [
              17.319077,
              50.308248
            ],
            [
              17.321867,
              50.304476
            ],
            [
              17.325381,
              50.301117
            ],
            [
              17.329515,
              50.298223
            ],
            [
              17.334063,
              50.295691
            ],
            [
              17.332823,
              50.282668
            ],
            [
              17.334786,
              50.270008
            ],
            [
              17.341711,
              50.259724
            ],
            [
              17.355044,
              50.253264
            ],
            [
              17.365896,
              50.271558
            ],
            [
              17.388013,
              50.272643
            ],
            [
              17.409821,
              50.261326
            ],
            [
              17.419122,
              50.242722
            ],
            [
              17.424187,
              50.240552
            ],
            [
              17.429561,
              50.239777
            ],
            [
              17.434832,
              50.2405
            ],
            [
              17.44,
              50.242722
            ],
            [
              17.469352,
              50.265563
            ],
            [
              17.516998,
              50.268354
            ],
            [
              17.606398,
              50.258225
            ],
            [
              17.629549,
              50.262101
            ],
            [
              17.646705,
              50.271093
            ],
            [
              17.676368,
              50.297396
            ],
            [
              17.681949,
              50.305561
            ],
            [
              17.684533,
              50.312382
            ],
            [
              17.691044,
              50.315069
            ],
            [
              17.707994,
              50.311039
            ],
            [
              17.713575,
              50.30768
            ],
            [
              17.731971,
              50.291763
            ],
            [
              17.734452,
              50.28949
            ],
            [
              17.734969,
              50.286802
            ],
            [
              17.734245,
              50.283805
            ],
            [
              17.731971,
              50.280653
            ],
            [
              17.721119,
              50.261946
            ],
            [
              17.719156,
              50.252799
            ],
            [
              17.721429,
              50.242722
            ],
            [
              17.731971,
              50.236005
            ],
            [
              17.747578,
              50.217504
            ],
            [
              17.738173,
              50.202363
            ],
            [
              17.717915,
              50.191098
            ],
            [
              17.675334,
              50.174716
            ],
            [
              17.648669,
              50.167998
            ],
            [
              17.600403,
              50.16681
            ],
            [
              17.589448,
              50.163244
            ],
            [
              17.58211,
              50.153167
            ],
            [
              17.584177,
              50.145881
            ],
            [
              17.632753,
              50.106348
            ],
            [
              17.648359,
              50.101801
            ],
            [
              17.658488,
              50.102989
            ],
            [
              17.666963,
              50.106142
            ],
            [
              17.677608,
              50.107744
            ],
            [
              17.690734,
              50.10547
            ],
            [
              17.717915,
              50.096788
            ],
            [
              17.731971,
              50.094876
            ],
            [
              17.732385,
              50.093894
            ],
            [
              17.732592,
              50.092964
            ],
            [
              17.732385,
              50.092189
            ],
            [
              17.731971,
              50.091466
            ],
            [
              17.72267,
              50.08635
            ],
            [
              17.719466,
              50.080872
            ],
            [
              17.722566,
              50.075136
            ],
            [
              17.731971,
              50.06909
            ],
            [
              17.74303,
              50.060563
            ],
            [
              17.749852,
              50.049504
            ],
            [
              17.755433,
              50.037154
            ],
            [
              17.763287,
              50.025216
            ],
            [
              17.774553,
              50.015191
            ],
            [
              17.839355,
              49.973643
            ],
            [
              17.875735,
              49.968682
            ],
            [
              17.912116,
              49.975814
            ],
            [
              17.941571,
              49.992764
            ],
            [
              17.959761,
              49.995812
            ],
            [
              17.999862,
              49.996588
            ],
            [
              18.032418,
              50.00284
            ],
            [
              18.037483,
              50.007233
            ],
            [
              18.035726,
              50.017207
            ],
            [
              18.028698,
              50.024131
            ],
            [
              18.020119,
              50.024286
            ],
            [
              18.012161,
              50.022684
            ],
            [
              18.00689,
              50.024131
            ],
            [
              18.002446,
              50.046765
            ],
            [
              18.019074,
              50.044087
            ],
            [
              18.033245,
              50.041805
            ],
            [
              18.091639,
              50.017207
            ],
            [
              18.085128,
              49.998758
            ],
            [
              18.098151,
              49.989043
            ],
            [
              18.162023,
              49.98124
            ],
            [
              18.177216,
              49.975814
            ],
            [
              18.208738,
              49.958295
            ],
            [
              18.22052,
              49.954885
            ],
            [
              18.243982,
              49.951732
            ],
            [
              18.255867,
              49.946048
            ],
            [
              18.260105,
              49.94057
            ],
            [
              18.267029,
              49.925067
            ],
            [
              18.27261,
              49.918298
            ],
            [
              18.292454,
              49.907808
            ],
            [
              18.306923,
              49.909668
            ],
            [
              18.334932,
              49.925429
            ],
            [
              18.333795,
              49.927135
            ],
            [
              18.332452,
              49.928271
            ],
            [
              18.330695,
              49.92884
            ],
            [
              18.328524,
              49.92884
            ],
            [
              18.368832,
              49.932044
            ],
            [
              18.407486,
              49.923155
            ],
            [
              18.481797,
              49.896645
            ],
            [
              18.505051,
              49.896697
            ],
            [
              18.544428,
              49.912975
            ],
            [
              18.559208,
              49.907187
            ],
            [
              18.565409,
              49.889049
            ],
            [
              18.562929,
              49.873701
            ],
            [
              18.567269,
              49.861454
            ],
            [
              18.593831,
              49.852204
            ],
            [
              18.566339,
              49.831585
            ],
            [
              18.566753,
              49.804765
            ],
            [
              18.584116,
              49.774379
            ],
            [
              18.60768,
              49.74296
            ],
            [
              18.617706,
              49.713866
            ],
            [
              18.62401,
              49.706373
            ],
            [
              18.637343,
              49.700327
            ],
            [
              18.668142,
              49.69857
            ],
            [
              18.682404,
              49.695779
            ],
            [
              18.695427,
              49.688854
            ],
            [
              18.715064,
              49.673817
            ],
            [
              18.727673,
              49.668907
            ],
            [
              18.742246,
              49.669683
            ],
            [
              18.757852,
              49.674075
            ],
            [
              18.773458,
              49.675832
            ],
            [
              18.788444,
              49.668597
            ],
            [
              18.792579,
              49.660794
            ],
            [
              18.799297,
              49.626378
            ],
            [
              18.803947,
              49.616766
            ],
            [
              18.81573,
              49.599299
            ],
            [
              18.820174,
              49.590256
            ],
            [
              18.83454,
              49.547623
            ],
            [
              18.837434,
              49.526952
            ],
            [
              18.833196,
              49.510261
            ],
            [
              18.792269,
              49.509537
            ],
            [
              18.773562,
              49.504886
            ],
            [
              18.732531,
              49.480288
            ],
            [
              18.704522,
              49.479255
            ],
            [
              18.675583,
              49.485043
            ],
            [
              18.64282,
              49.495791
            ],
            [
              18.635896,
              49.496721
            ],
            [
              18.628971,
              49.495791
            ],
            [
              18.600446,
              49.485973
            ],
            [
              18.556211,
              49.490159
            ],
            [
              18.535643,
              49.481684
            ],
            [
              18.530476,
              49.473467
            ],
            [
              18.527995,
              49.454864
            ],
            [
              18.522931,
              49.446079
            ],
            [
              18.514663,
              49.440601
            ],
            [
              18.481797,
              49.429077
            ],
            [
              18.439215,
              49.395074
            ],
            [
              18.416788,
              49.385462
            ],
            [
              18.387642,
              49.389751
            ],
            [
              18.385162,
              49.342261
            ],
            [
              18.361586,
              49.330191
            ],
            [
              18.324597,
              49.311255
            ],
            [
              18.190031,
              49.276942
            ],
            [
              18.160576,
              49.2587
            ],
            [
              18.136495,
              49.233068
            ],
            [
              18.117788,
              49.202579
            ],
            [
              18.105075,
              49.169765
            ],
            [
              18.101458,
              49.142945
            ],
            [
              18.10163,
              49.136928
            ],
            [
              18.102905,
              49.09225
            ],
            [
              18.09629,
              49.070288
            ],
            [
              18.075516,
              49.047188
            ],
            [
              18.046061,
              49.029153
            ],
            [
              18.012885,
              49.019128
            ],
            [
              17.959244,
              49.021867
            ],
            [
              17.93506,
              49.019386
            ],
            [
              17.914079,
              49.010498
            ],
            [
              17.90085,
              48.993031
            ],
            [
              17.894649,
              48.9782
            ],
            [
              17.886897,
              48.947246
            ],
            [
              17.878733,
              48.933552
            ],
            [
              17.860336,
              48.921718
            ],
            [
              17.841215,
              48.920994
            ],
            [
              17.820131,
              48.923371
            ],
            [
              17.795533,
              48.920581
            ],
            [
              17.77941,
              48.911744
            ],
            [
              17.744891,
              48.872574
            ],
            [
              17.727217,
              48.86291
            ],
            [
              17.535084,
              48.812991
            ],
            [
              17.498497,
              48.816763
            ],
            [
              17.467905,
              48.838105
            ],
            [
              17.453332,
              48.842756
            ],
            [
              17.429561,
              48.838157
            ],
            [
              17.411225,
              48.830216
            ],
            [
              17.391734,
              48.821776
            ],
            [
              17.374371,
              48.819605
            ],
            [
              17.260269,
              48.857794
            ],
            [
              17.21221,
              48.866062
            ],
            [
              17.167458,
              48.859758
            ],
            [
              17.113715,
              48.83392
            ],
            [
              17.10462,
              48.824618
            ],
            [
              17.098728,
              48.805756
            ],
            [
              17.084362,
              48.793715
            ],
            [
              17.049946,
              48.774027
            ],
            [
              17.025348,
              48.746328
            ],
            [
              16.974808,
              48.649874
            ],
            [
              16.963336,
              48.635947
            ],
            [
              16.947523,
              48.623157
            ],
            [
              16.945043,
              48.604166
            ],
            [
              16.910523,
              48.63078
            ],
            [
              16.896674,
              48.696977
            ],
            [
              16.873006,
              48.718991
            ],
            [
              16.856573,
              48.719818
            ],
            [
              16.818125,
              48.710775
            ],
            [
              16.798902,
              48.709224
            ],
            [
              16.780505,
              48.713772
            ],
            [
              16.744332,
              48.729637
            ],
            [
              16.729035,
              48.733099
            ],
            [
              16.691001,
              48.732065
            ],
            [
              16.675085,
              48.733926
            ],
            [
              16.661959,
              48.740023
            ],
            [
              16.654725,
              48.751857
            ],
            [
              16.651004,
              48.766223
            ],
            [
              16.643149,
              48.778264
            ],
            [
              16.624029,
              48.78338
            ],
            [
              16.605529,
              48.784827
            ],
            [
              16.545791,
              48.796299
            ],
            [
              16.528737,
              48.803534
            ],
            [
              16.519539,
              48.805601
            ],
            [
              16.510341,
              48.804774
            ],
            [
              16.492254,
              48.79971
            ],
            [
              16.481919,
              48.7994
            ],
            [
              16.453083,
              48.80219
            ],
            [
              16.43572,
              48.794542
            ],
            [
              16.384974,
              48.737078
            ],
            [
              16.374018,
              48.730308
            ],
            [
              16.358309,
              48.727259
            ],
            [
              16.352727,
              48.728448
            ],
            [
              16.339498,
              48.735579
            ],
            [
              16.318724,
              48.733512
            ],
            [
              16.317588,
              48.73284
            ],
            [
              16.177751,
              48.746535
            ],
            [
              16.085354,
              48.742866
            ],
            [
              16.032334,
              48.758059
            ],
            [
              15.931771,
              48.806428
            ],
            [
              15.930324,
              48.811389
            ],
            [
              15.930324,
              48.818313
            ],
            [
              15.925053,
              48.822602
            ],
            [
              15.908103,
              48.819709
            ],
            [
              15.90707,
              48.830251
            ],
            [
              15.899629,
              48.834746
            ],
            [
              15.888363,
              48.835056
            ],
            [
              15.875754,
              48.833093
            ],
            [
              15.885986,
              48.842033
            ],
            [
              15.877614,
              48.841671
            ],
            [
              15.870173,
              48.843893
            ],
            [
              15.859218,
              48.849164
            ],
            [
              15.840097,
              48.850094
            ],
            [
              15.833276,
              48.852006
            ],
            [
              15.828315,
              48.857122
            ],
            [
              15.824284,
              48.869421
            ],
            [
              15.818497,
              48.872315
            ],
            [
              15.787904,
              48.872263
            ],
            [
              15.779222,
              48.870868
            ],
            [
              15.743669,
              48.858466
            ],
            [
              15.726823,
              48.854952
            ],
            [
              15.703775,
              48.854952
            ],
            [
              15.681347,
              48.858466
            ],
            [
              15.603729,
              48.887353
            ],
            [
              15.544187,
              48.902612
            ],
            [
              15.521254,
              48.908489
            ],
            [
              15.471851,
              48.936704
            ],
            [
              15.450354,
              48.944817
            ],
            [
              15.405912,
              48.954687
            ],
            [
              15.357853,
              48.97081
            ],
            [
              15.335529,
              48.974996
            ],
            [
              15.28871,
              48.975358
            ],
            [
              15.283749,
              48.977632
            ],
            [
              15.279615,
              48.982593
            ],
            [
              15.27455,
              48.986727
            ],
            [
              15.266902,
              48.986675
            ],
            [
              15.262872,
              48.982593
            ],
            [
              15.260391,
              48.969157
            ],
            [
              15.257084,
              48.963886
            ],
            [
              15.243234,
              48.95293
            ],
            [
              15.238067,
              48.95076
            ],
            [
              15.161792,
              48.937221
            ],
            [
              15.141949,
              48.937479
            ],
            [
              15.148563,
              48.951742
            ],
            [
              15.148977,
              48.965333
            ],
            [
              15.144739,
              48.978924
            ],
            [
              15.137401,
              48.993031
            ],
            [
              15.059576,
              48.997217
            ],
            [
              15.003973,
              49.009774
            ],
            [
              14.982062,
              49.007914
            ],
            [
              14.978858,
              49.00626
            ],
            [
              14.977308,
              49.002902
            ],
            [
              14.977308,
              48.998251
            ],
            [
              14.978238,
              48.992825
            ],
            [
              14.964595,
              48.971741
            ],
            [
              14.964182,
              48.943267
            ],
            [
              14.968316,
              48.912674
            ],
            [
              14.968213,
              48.885028
            ],
            [
              14.947025,
              48.822396
            ],
            [
              14.93979,
              48.809787
            ],
            [
              14.938137,
              48.80281
            ],
            [
              14.940101,
              48.796506
            ],
            [
              14.944441,
              48.788599
            ],
            [
              14.948886,
              48.78214
            ],
            [
              14.951056,
              48.780331
            ],
            [
              14.939584,
              48.762813
            ],
            [
              14.919327,
              48.761573
            ],
            [
              14.86765,
              48.775577
            ],
            [
              14.815457,
              48.780331
            ],
            [
              14.800367,
              48.776507
            ],
            [
              14.794476,
              48.766999
            ],
            [
              14.790446,
              48.754855
            ],
            [
              14.78042,
              48.743124
            ],
            [
              14.775356,
              48.724004
            ],
            [
              14.722749,
              48.693411
            ],
            [
              14.703836,
              48.673103
            ],
            [
              14.700219,
              48.646102
            ],
            [
              14.700735,
              48.615535
            ],
            [
              14.695671,
              48.589542
            ],
            [
              14.69114,
              48.586535
            ],
            [
              14.675621,
              48.576235
            ],
            [
              14.659187,
              48.576959
            ],
            [
              14.651333,
              48.583496
            ],
            [
              14.645442,
              48.592901
            ],
            [
              14.634693,
              48.602332
            ],
            [
              14.628182,
              48.603288
            ],
            [
              14.612885,
              48.599748
            ],
            [
              14.605134,
              48.600316
            ],
            [
              14.60193,
              48.604528
            ],
            [
              14.601827,
              48.611194
            ],
            [
              14.600586,
              48.617576
            ],
            [
              14.594179,
              48.621323
            ],
            [
              14.578779,
              48.620496
            ],
            [
              14.548807,
              48.610936
            ],
            [
              14.53382,
              48.608714
            ],
            [
              14.522038,
              48.610626
            ],
            [
              14.482144,
              48.624475
            ],
            [
              14.458166,
              48.643182
            ],
            [
              14.443593,
              48.636516
            ],
            [
              14.421166,
              48.597061
            ],
            [
              14.405353,
              48.586286
            ],
            [
              14.353366,
              48.571429
            ],
            [
              14.333213,
              48.560706
            ],
            [
              14.325358,
              48.558639
            ],
            [
              14.315746,
              48.557916
            ],
            [
              14.216527,
              48.58117
            ],
            [
              14.07483,
              48.591712
            ],
            [
              14.040827,
              48.601169
            ],
            [
              14.032456,
              48.60613
            ],
            [
              14.015196,
              48.620393
            ],
            [
              14.010855,
              48.62587
            ],
            [
              14.006204,
              48.639513
            ],
            [
              14.008064,
              48.642407
            ],
            [
              14.013749,
              48.643802
            ],
            [
              14.020467,
              48.653155
            ],
            [
              14.023464,
              48.654602
            ],
            [
              14.028322,
              48.653982
            ],
            [
              14.032869,
              48.654912
            ],
            [
              14.034729,
              48.661165
            ],
            [
              14.032146,
              48.667263
            ],
            [
              14.026151,
              48.670054
            ],
            [
              14.019227,
              48.671914
            ],
            [
              14.014162,
              48.675066
            ],
            [
              14.007754,
              48.683283
            ],
            [
              13.991115,
              48.700181
            ],
            [
              13.98233,
              48.706485
            ],
            [
              13.915047,
              48.73098
            ],
            [
              13.893136,
              48.743021
            ],
            [
              13.874946,
              48.752426
            ],
            [
              13.855929,
              48.759299
            ],
            [
              13.815725,
              48.76643
            ],
            [
              13.796191,
              48.779814
            ],
            [
              13.747925,
              48.843376
            ],
            [
              13.724671,
              48.867303
            ],
            [
              13.710615,
              48.87247
            ],
            [
              13.673356,
              48.876346
            ],
            [
              13.654443,
              48.882237
            ],
            [
              13.637389,
              48.893451
            ],
            [
              13.621783,
              48.909057
            ],
            [
              13.611138,
              48.927247
            ],
            [
              13.608657,
              48.946161
            ],
            [
              13.590467,
              48.944817
            ],
            [
              13.573414,
              48.951018
            ],
            [
              13.556464,
              48.959958
            ],
            [
              13.538894,
              48.967038
            ],
            [
              13.522395,
              48.969342
            ],
            [
              13.51595,
              48.970242
            ],
            [
              13.5021,
              48.966056
            ],
            [
              13.492592,
              48.955049
            ],
            [
              13.482257,
              48.937634
            ],
            [
              13.458899,
              48.945024
            ],
            [
              13.427273,
              48.959958
            ],
            [
              13.398541,
              48.977683
            ],
            [
              13.384175,
              48.993031
            ],
            [
              13.383555,
              49.021092
            ],
            [
              13.372393,
              49.038507
            ],
            [
              13.329915,
              49.066929
            ],
            [
              13.299529,
              49.093645
            ],
            [
              13.287333,
              49.10057
            ],
            [
              13.267283,
              49.105634
            ],
            [
              13.206821,
              49.107495
            ],
            [
              13.178503,
              49.118347
            ],
            [
              13.162586,
              49.135142
            ],
            [
              13.14946,
              49.15483
            ],
            [
              13.055823,
              49.238184
            ],
            [
              13.04342,
              49.242784
            ],
            [
              13.043214,
              49.242887
            ],
            [
              13.011278,
              49.267795
            ],
            [
              13.00673,
              49.277097
            ],
            [
              13.005387,
              49.28676
            ],
            [
              12.999806,
              49.294925
            ],
            [
              12.982442,
              49.299628
            ],
            [
              12.95433,
              49.31911
            ],
            [
              12.939861,
              49.326758
            ],
            [
              12.922911,
              49.332701
            ],
            [
              12.88467,
              49.339573
            ],
            [
              12.870925,
              49.336731
            ],
            [
              12.875369,
              49.323864
            ],
            [
              12.856662,
              49.32221
            ],
            [
              12.797751,
              49.327843
            ],
            [
              12.777907,
              49.332545
            ],
            [
              12.762094,
              49.343242
            ],
            [
              12.729331,
              49.391147
            ],
            [
              12.709177,
              49.404737
            ],
            [
              12.663082,
              49.418897
            ],
            [
              12.643548,
              49.42949
            ],
            [
              12.632179,
              49.44396
            ],
            [
              12.627218,
              49.460186
            ],
            [
              12.624325,
              49.493001
            ],
            [
              12.622981,
              49.509847
            ],
            [
              12.61554,
              49.513775
            ],
            [
              12.604998,
              49.512793
            ],
            [
              12.593732,
              49.515015
            ],
            [
              12.58288,
              49.522405
            ],
            [
              12.575025,
              49.529898
            ],
            [
              12.568721,
              49.538838
            ],
            [
              12.562313,
              49.550827
            ],
            [
              12.558282,
              49.562557
            ],
            [
              12.553631,
              49.584726
            ],
            [
              12.546603,
              49.595579
            ],
            [
              12.536061,
              49.603123
            ],
            [
              12.512187,
              49.61165
            ],
            [
              12.501955,
              49.619711
            ],
            [
              12.502678,
              49.62214
            ],
            [
              12.507432,
              49.629995
            ],
            [
              12.499474,
              49.632527
            ],
            [
              12.496891,
              49.633871
            ],
            [
              12.505365,
              49.646118
            ],
            [
              12.504642,
              49.659399
            ],
            [
              12.496374,
              49.669993
            ],
            [
              12.482524,
              49.674695
            ],
            [
              12.449245,
              49.68503
            ],
            [
              12.433949,
              49.6918
            ],
            [
              12.419583,
              49.700223
            ],
            [
              12.398912,
              49.719499
            ],
            [
              12.388577,
              49.732314
            ],
            [
              12.383616,
              49.742856
            ],
            [
              12.395398,
              49.757894
            ],
            [
              12.436739,
              49.769263
            ],
            [
              12.452655,
              49.779702
            ],
            [
              12.455859,
              49.796135
            ],
            [
              12.456376,
              49.817115
            ],
            [
              12.462474,
              49.831223
            ],
            [
              12.482524,
              49.827244
            ],
            [
              12.489863,
              49.842695
            ],
            [
              12.51291,
              49.870239
            ],
            [
              12.520972,
              49.885535
            ],
            [
              12.524072,
              49.904965
            ],
            [
              12.517871,
              49.9122
            ],
            [
              12.503608,
              49.915766
            ],
            [
              12.462681,
              49.931269
            ],
            [
              12.463818,
              49.942121
            ],
            [
              12.470742,
              49.955608
            ],
            [
              12.468158,
              49.970233
            ],
            [
              12.451312,
              49.980568
            ],
            [
              12.414518,
              49.983048
            ],
            [
              12.399222,
              49.992764
            ],
            [
              12.398189,
              49.992764
            ],
            [
              12.24688,
              50.044957
            ],
            [
              12.243676,
              50.051313
            ],
            [
              12.243469,
              50.060408
            ],
            [
              12.241402,
              50.07064
            ],
            [
              12.232514,
              50.08051
            ],
            [
              12.218044,
              50.088572
            ],
            [
              12.202025,
              50.094514
            ],
            [
              12.187865,
              50.102834
            ],
            [
              12.179184,
              50.117976
            ],
            [
              12.178564,
              50.132962
            ],
            [
              12.185592,
              50.155699
            ],
            [
              12.182698,
              50.170737
            ],
            [
              12.17505,
              50.182623
            ],
            [
              12.163784,
              50.193785
            ],
            [
              12.13929,
              50.211045
            ],
            [
              12.089887,
              50.230837
            ],
            [
              12.079552,
              50.242722
            ],
            [
              12.092057,
              50.254815
            ],
            [
              12.102393,
              50.259156
            ],
            [
              12.109111,
              50.263806
            ],
            [
              12.110971,
              50.276622
            ],
            [
              12.10725,
              50.290885
            ],
            [
              12.099189,
              50.299773
            ],
            [
              12.076141,
              50.315173
            ],
            [
              12.101344,
              50.31398
            ],
            [
              12.149315,
              50.311711
            ],
            [
              12.168538,
              50.302977
            ],
            [
              12.17443,
              50.293727
            ],
            [
              12.17412,
              50.276571
            ],
            [
              12.178047,
              50.268767
            ],
            [
              12.189209,
              50.262463
            ],
            [
              12.203782,
              50.259569
            ],
            [
              12.232514,
              50.259104
            ],
            [
              12.239645,
              50.256572
            ],
            [
              12.242953,
              50.252954
            ],
            [
              12.242436,
              50.248355
            ],
            [
              12.237992,
              50.242722
            ],
            [
              12.236441,
              50.242567
            ],
            [
              12.235098,
              50.242257
            ],
            [
              12.233754,
              50.241689
            ],
            [
              12.232514,
              50.240965
            ],
            [
              12.229827,
              50.239053
            ],
            [
              12.228897,
              50.237038
            ],
            [
              12.22993,
              50.234816
            ],
            [
              12.232514,
              50.232491
            ],
            [
              12.249981,
              50.221173
            ],
            [
              12.254321,
              50.217401
            ],
            [
              12.258455,
              50.21089
            ],
            [
              12.260212,
              50.20505
            ],
            [
              12.261246,
              50.199883
            ],
            [
              12.273235,
              50.172339
            ],
            [
              12.283363,
              50.162211
            ],
            [
              12.300417,
              50.160815
            ],
            [
              12.314369,
              50.167327
            ],
            [
              12.314369,
              50.176215
            ],
            [
              12.308582,
              50.186912
            ],
            [
              12.305584,
              50.199314
            ],
            [
              12.308685,
              50.217091
            ],
            [
              12.314059,
              50.226496
            ],
            [
              12.3338,
              50.242722
            ],
            [
              12.336487,
              50.258587
            ],
            [
              12.344652,
              50.26639
            ],
            [
              12.355814,
              50.271403
            ],
            [
              12.367183,
              50.279051
            ],
            [
              12.398189,
              50.315173
            ],
            [
              12.408937,
              50.321994
            ],
            [
              12.438289,
              50.332536
            ],
            [
              12.450175,
              50.339357
            ],
            [
              12.453792,
              50.340701
            ],
            [
              12.462784,
              50.340494
            ],
            [
              12.466815,
              50.34189
            ],
            [
              12.468985,
              50.345559
            ],
            [
              12.468365,
              50.349486
            ],
            [
              12.467022,
              50.352845
            ],
            [
              12.466815,
              50.354912
            ],
            [
              12.469502,
              50.359408
            ],
            [
              12.471569,
              50.364472
            ],
            [
              12.475083,
              50.369433
            ],
            [
              12.482524,
              50.373567
            ],
            [
              12.510223,
              50.38876
            ],
            [
              12.550531,
              50.396357
            ],
            [
              12.625358,
              50.399922
            ],
            [
              12.678792,
              50.393721
            ],
            [
              12.691814,
              50.394651
            ],
            [
              12.702976,
              50.401524
            ],
            [
              12.725094,
              50.423435
            ],
            [
              12.737909,
              50.431548
            ],
            [
              12.754239,
              50.435321
            ],
            [
              12.770259,
              50.435941
            ],
            [
              12.788139,
              50.434339
            ],
            [
              12.79434,
              50.435889
            ],
            [
              12.808396,
              50.441832
            ],
            [
              12.817388,
              50.44302
            ],
            [
              12.825759,
              50.441418
            ],
            [
              12.918363,
              50.4054
            ],
            [
              12.952573,
              50.40416
            ],
            [
              12.960631,
              50.409234
            ],
            [
              12.982442,
              50.42297
            ],
            [
              12.996602,
              50.433667
            ],
            [
              13.003113,
              50.451909
            ],
            [
              13.009624,
              50.492681
            ],
            [
              13.017892,
              50.49635
            ],
            [
              13.026264,
              50.497642
            ],
            [
              13.034532,
              50.496505
            ],
            [
              13.042284,
              50.492785
            ],
            [
              13.051069,
              50.491131
            ],
            [
              13.06037,
              50.490614
            ],
            [
              13.069775,
              50.491079
            ],
            [
              13.07887,
              50.492681
            ],
            [
              13.078974,
              50.492681
            ],
            [
              13.079181,
              50.492785
            ],
            [
              13.107396,
              50.498986
            ],
            [
              13.160106,
              50.497022
            ],
            [
              13.184704,
              50.508753
            ],
            [
              13.19907,
              50.525341
            ],
            [
              13.232349,
              50.58203
            ],
            [
              13.25178,
              50.580893
            ],
            [
              13.268006,
              50.573658
            ],
            [
              13.284646,
              50.568956
            ],
            [
              13.305627,
              50.575777
            ],
            [
              13.316272,
              50.596034
            ],
            [
              13.321853,
              50.60239
            ],
            [
              13.35937,
              50.61934
            ],
            [
              13.365365,
              50.623474
            ],
            [
              13.365985,
              50.627092
            ],
            [
              13.368775,
              50.628332
            ],
            [
              13.380971,
              50.62549
            ],
            [
              13.386345,
              50.621614
            ],
            [
              13.400401,
              50.606576
            ],
            [
              13.407016,
              50.601305
            ],
            [
              13.42934,
              50.594329
            ],
            [
              13.447944,
              50.597274
            ],
            [
              13.464893,
              50.607093
            ],
            [
              13.482257,
              50.620891
            ],
            [
              13.492179,
              50.624456
            ],
            [
              13.498173,
              50.629159
            ],
            [
              13.499103,
              50.635205
            ],
            [
              13.493315,
              50.643215
            ],
            [
              13.509955,
              50.651225
            ],
            [
              13.523288,
              50.66218
            ],
            [
              13.527215,
              50.675668
            ],
            [
              13.51564,
              50.691016
            ],
            [
              13.556567,
              50.706725
            ],
            [
              13.601939,
              50.712151
            ],
            [
              13.691753,
              50.711841
            ],
            [
              13.711028,
              50.71427
            ],
            [
              13.749062,
              50.72321
            ],
            [
              13.770663,
              50.724605
            ],
            [
              13.816552,
              50.72135
            ],
            [
              13.834535,
              50.723675
            ],
            [
              13.863474,
              50.735147
            ],
            [
              13.869572,
              50.735251
            ],
            [
              13.875359,
              50.736542
            ],
            [
              13.882181,
              50.742744
            ],
            [
              13.882697,
              50.748015
            ],
            [
              13.88032,
              50.755043
            ],
            [
              13.87908,
              50.763518
            ],
            [
              13.883318,
              50.773233
            ],
            [
              13.892516,
              50.780416
            ],
            [
              13.900991,
              50.780622
            ],
            [
              13.910706,
              50.778762
            ],
            [
              13.923315,
              50.779951
            ],
            [
              13.933547,
              50.784808
            ],
            [
              13.948843,
              50.797211
            ],
            [
              13.959592,
              50.802068
            ],
            [
              13.979126,
              50.804755
            ],
            [
              14.015713,
              50.801758
            ],
            [
              14.034936,
              50.802585
            ],
            [
              14.190792,
              50.847905
            ],
            [
              14.202988,
              50.85514
            ],
            [
              14.221281,
              50.872607
            ],
            [
              14.232133,
              50.879376
            ],
            [
              14.2681,
              50.88413
            ],
            [
              14.346545,
              50.880203
            ],
            [
              14.375897,
              50.895964
            ],
            [
              14.381892,
              50.920872
            ],
            [
              14.355227,
              50.930639
            ],
            [
              14.31833,
              50.937512
            ],
            [
              14.292802,
              50.95348
            ],
            [
              14.293732,
              50.96397
            ],
            [
              14.302207,
              50.967691
            ],
            [
              14.303757,
              50.969707
            ],
            [
              14.28381,
              50.974822
            ],
            [
              14.250013,
              50.977613
            ],
            [
              14.238335,
              50.982471
            ],
            [
              14.249497,
              50.992651
            ],
            [
              14.263553,
              51.021435
            ],
            [
              14.287531,
              51.036834
            ],
            [
              14.319363,
              51.040012
            ],
            [
              14.35657,
              51.032338
            ],
            [
              14.364115,
              51.027998
            ],
            [
              14.369386,
              51.022442
            ],
            [
              14.375897,
              51.01699
            ],
            [
              14.386749,
              51.01327
            ],
            [
              14.397808,
              51.013115
            ],
            [
              14.425817,
              51.020944
            ],
            [
              14.462094,
              51.019652
            ],
            [
              14.473462,
              51.023372
            ],
            [
              14.482144,
              51.037196
            ],
            [
              14.487932,
              51.028721
            ],
            [
              14.490102,
              51.022701
            ],
            [
              14.493513,
              51.016706
            ],
            [
              14.502918,
              51.008516
            ],
            [
              14.51532,
              51.003038
            ],
            [
              14.542295,
              50.998749
            ],
            [
              14.554594,
              50.992651
            ],
            [
              14.566687,
              50.983401
            ],
            [
              14.574335,
              50.975494
            ],
            [
              14.577435,
              50.965727
            ],
            [
              14.575575,
              50.95069
            ],
            [
              14.567824,
              50.938649
            ],
            [
              14.555835,
              50.924283
            ],
            [
              14.550357,
              50.912087
            ],
            [
              14.561829,
              50.906351
            ],
            [
              14.617123,
              50.920872
            ],
            [
              14.629215,
              50.920717
            ],
            [
              14.634589,
              50.9094
            ],
            [
              14.628802,
              50.896119
            ],
            [
              14.611852,
              50.870953
            ],
            [
              14.608338,
              50.853073
            ],
            [
              14.613195,
              50.84558
            ],
            [
              14.647922,
              50.839379
            ],
            [
              14.662185,
              50.834366
            ],
            [
              14.700425,
              50.815969
            ],
            [
              14.737529,
              50.810698
            ],
            [
              14.759233,
              50.810181
            ],
            [
              14.775356,
              50.812972
            ],
            [
              14.785071,
              50.820052
            ],
            [
              14.79458,
              50.831627
            ],
            [
              14.810393,
              50.858447
            ]
          ]
        ]
      }
    },
    {
      "type": "Feature",
      "properties": {
        "ADM0_ISO": "LUX",
        "featurecla": "Admin-0 country",
        "scalerank": 0,
        "LABELRANK": 6,
        "SOVEREIGNT": "Luxembourg",
        "SOV_A3": "LUX",
        "ADM0_DIF": 0,
        "LEVEL": 2,
        "TYPE": "Sovereign country",
        "TLC": "1",
        "ADMIN": "Luxembourg",
        "ADM0_A3": "LUX",
        "GEOU_DIF": 0,
        "GEOUNIT": "Luxembourg",
        "GU_A3": "LUX",
        "SU_DIF": 0,
        "SUBUNIT": "Luxembourg",
        "SU_A3": "LUX",
        "BRK_DIFF": 0,
        "NAME": "Luxembourg",
        "NAME_LONG": "Luxembourg",
        "BRK_A3": "LUX",
        "BRK_NAME": "Luxembourg",
        "BRK_GROUP": null,
        "ABBREV": "Lux.",
        "POSTAL": "L",
        "FORMAL_EN": "Grand Duchy of Luxembourg",
        "FORMAL_FR": null,
        "NAME_CIAWF": "Luxembourg",
        "NOTE_ADM0": null,
        "NOTE_BRK": null,
        "NAME_SORT": "Luxembourg",
        "NAME_ALT": null,
        "MAPCOLOR7": 1,
        "MAPCOLOR8": 7,
        "MAPCOLOR9": 3,
        "MAPCOLOR13": 7,
        "POP_EST": 619896,
        "POP_RANK": 11,
        "POP_YEAR": 2019,
        "GDP_MD": 71104,
        "GDP_YEAR": 2019,
        "ECONOMY": "2. Developed region: nonG7",
        "INCOME_GRP": "1. High income: OECD",
        "FIPS_10": "LU",
        "ISO_A2": "LU",
        "ISO_A2_EH": "LU",
        "ISO_A3": "LUX",
        "ISO_A3_EH": "LUX",
        "ISO_N3": "442",
        "ISO_N3_EH": "442",
        "UN_A3": "442",
        "WB_A2": "LU",
        "WB_A3": "LUX",
        "WOE_ID": 23424881,
        "WOE_ID_EH": 23424881,
        "WOE_NOTE": "Exact WOE match as country",
        "ADM0_DIFF": null,
        "ADM0_TLC": "LUX",
        "ADM0_A3_US": "LUX",
        "ADM0_A3_FR": "LUX",
        "ADM0_A3_RU": "LUX",
        "ADM0_A3_ES": "LUX",
        "ADM0_A3_CN": "LUX",
        "ADM0_A3_TW": "LUX",
        "ADM0_A3_IN": "LUX",
        "ADM0_A3_NP": "LUX",
        "ADM0_A3_PK": "LUX",
        "ADM0_A3_DE": "LUX",
        "ADM0_A3_GB": "LUX",
        "ADM0_A3_BR": "LUX",
        "ADM0_A3_IL": "LUX",
        "ADM0_A3_PS": "LUX",
        "ADM0_A3_SA": "LUX",
        "ADM0_A3_EG": "LUX",
        "ADM0_A3_MA": "LUX",
        "ADM0_A3_PT": "LUX",
        "ADM0_A3_AR": "LUX",
        "ADM0_A3_JP": "LUX",
        "ADM0_A3_KO": "LUX",
        "ADM0_A3_VN": "LUX",
        "ADM0_A3_TR": "LUX",
        "ADM0_A3_ID": "LUX",
        "ADM0_A3_PL": "LUX",
        "ADM0_A3_GR": "LUX",
        "ADM0_A3_IT": "LUX",
        "ADM0_A3_NL": "LUX",
        "ADM0_A3_SE": "LUX",
        "ADM0_A3_BD": "LUX",
        "ADM0_A3_UA": "LUX",
        "ADM0_A3_UN": -99,
        "ADM0_A3_WB": -99,
        "CONTINENT": "Europe",
        "REGION_UN": "Europe",
        "SUBREGION": "Western Europe",
        "REGION_WB": "Europe & Central Asia",
        "NAME_LEN": 10,
        "LONG_LEN": 10,
        "ABBREV_LEN": 4,
        "TINY": 5,
        "HOMEPART": 1,
        "MIN_ZOOM": 0,
        "MIN_LABEL": 5.7,
        "MAX_LABEL": 10,
        "LABEL_X": 6.07762,
        "LABEL_Y": 49.733732,
        "NE_ID": 1159321031,
        "WIKIDATAID": "Q32",
        "NAME_AR": "لوكسمبورغ",
        "NAME_BN": "লুক্সেমবুর্গ",
        "NAME_DE": "Luxemburg",
        "NAME_EN": "Luxembourg",
        "NAME_ES": "Luxemburgo",
        "NAME_FA": "لوکزامبورگ",
        "NAME_FR": "Luxembourg",
        "NAME_EL": "Λουξεμβούργο",
        "NAME_HE": "לוקסמבורג",
        "NAME_HI": "लक्ज़मबर्ग",
        "NAME_HU": "Luxemburg",
        "NAME_ID": "Luksemburg",
        "NAME_IT": "Lussemburgo",
        "NAME_JA": "ルクセンブルク",
        "NAME_KO": "룩셈부르크",
        "NAME_NL": "Luxemburg",
        "NAME_PL": "Luksemburg",
        "NAME_PT": "Luxemburgo",
        "NAME_RU": "Люксембург",
        "NAME_SV": "Luxemburg",
        "NAME_TR": "Lüksemburg",
        "NAME_UK": "Люксембург",
        "NAME_UR": "لکسمبرگ",
        "NAME_VI": "Luxembourg",
        "NAME_ZH": "卢森堡",
        "NAME_ZHT": "盧森堡",
        "FCLASS_ISO": "Admin-0 country",
        "TLC_DIFF": null,
        "FCLASS_TLC": "Admin-0 country",
        "FCLASS_US": null,
        "FCLASS_FR": null,
        "FCLASS_RU": null,
        "FCLASS_ES": null,
        "FCLASS_CN": null,
        "FCLASS_TW": null,
        "FCLASS_IN": null,
        "FCLASS_NP": null,
        "FCLASS_PK": null,
        "FCLASS_DE": null,
        "FCLASS_GB": null,
        "FCLASS_BR": null,
        "FCLASS_IL": null,
        "FCLASS_PS": null,
        "FCLASS_SA": null,
        "FCLASS_EG": null,
        "FCLASS_MA": null,
        "FCLASS_PT": null,
        "FCLASS_AR": null,
        "FCLASS_JP": null,
        "FCLASS_KO": null,
        "FCLASS_VN": null,
        "FCLASS_TR": null,
        "FCLASS_ID": null,
        "FCLASS_PL": null,
        "FCLASS_GR": null,
        "FCLASS_IT": null,
        "FCLASS_NL": null,
        "FCLASS_SE": null,
        "FCLASS_BD": null,
        "FCLASS_UA": null
      },
      "bbox": [
        5.714927,
        49.441324,
        6.502579,
        50.174975
      ],
      "geometry": {
        "type": "Polygon",
        "coordinates": [
          [
            [
              6.117487,
              50.120456
            ],
            [
              6.110562,
              50.105987
            ],
            [
              6.105704,
              50.092241
            ],
            [
              6.0994,
              50.064129
            ],
            [
              6.101157,
              50.063405
            ],
            [
              6.107151,
              50.063767
            ],
            [
              6.109425,
              50.06356
            ],
            [
              6.105704,
              50.060305
            ],
            [
              6.096403,
              50.048626
            ],
            [
              6.107255,
              50.044595
            ],
            [
              6.113766,
              50.036378
            ],
            [
              6.119967,
              50.015501
            ],
            [
              6.117177,
              50.004391
            ],
            [
              6.121517,
              49.996278
            ],
            [
              6.138777,
              49.979328
            ],
            [
              6.15397,
              49.951216
            ],
            [
              6.161928,
              49.942482
            ],
            [
              6.172677,
              49.956228
            ],
            [
              6.189834,
              49.938297
            ],
            [
              6.2227,
              49.887137
            ],
            [
              6.238306,
              49.876905
            ],
            [
              6.272206,
              49.867138
            ],
            [
              6.286779,
              49.86104
            ],
            [
              6.291533,
              49.855563
            ],
            [
              6.295568,
              49.848616
            ],
            [
              6.301558,
              49.838303
            ],
            [
              6.302592,
              49.834944
            ],
            [
              6.310653,
              49.834479
            ],
            [
              6.325639,
              49.84037
            ],
            [
              6.334424,
              49.840215
            ],
            [
              6.351374,
              49.83329
            ],
            [
              6.380106,
              49.815565
            ],
            [
              6.397056,
              49.808589
            ],
            [
              6.414523,
              49.805488
            ],
            [
              6.462478,
              49.805488
            ],
            [
              6.493278,
              49.799597
            ],
            [
              6.497205,
              49.799442
            ],
            [
              6.502579,
              49.79567
            ],
            [
              6.502269,
              49.795876
            ],
            [
              6.500099,
              49.794481
            ],
            [
              6.499996,
              49.786058
            ],
            [
              6.498549,
              49.785386
            ],
            [
              6.493794,
              49.76363
            ],
            [
              6.493691,
              49.756551
            ],
            [
              6.496378,
              49.752106
            ],
            [
              6.495965,
              49.748231
            ],
            [
              6.48625,
              49.742701
            ],
            [
              6.485526,
              49.733761
            ],
            [
              6.4878,
              49.725596
            ],
            [
              6.492554,
              49.718413
            ],
            [
              6.499686,
              49.712212
            ],
            [
              6.491004,
              49.714434
            ],
            [
              6.486353,
              49.712936
            ],
            [
              6.482942,
              49.708078
            ],
            [
              6.489764,
              49.702962
            ],
            [
              6.491727,
              49.700792
            ],
            [
              6.418243,
              49.669889
            ],
            [
              6.402741,
              49.655782
            ],
            [
              6.404498,
              49.652474
            ],
            [
              6.410905,
              49.649632
            ],
            [
              6.417003,
              49.645756
            ],
            [
              6.417933,
              49.639142
            ],
            [
              6.415246,
              49.634646
            ],
            [
              6.407701,
              49.627411
            ],
            [
              6.397573,
              49.613872
            ],
            [
              6.371528,
              49.592995
            ],
            [
              6.356438,
              49.577595
            ],
            [
              6.350754,
              49.566588
            ],
            [
              6.350754,
              49.53491
            ],
            [
              6.348809,
              49.52529
            ],
            [
              6.342279,
              49.493001
            ],
            [
              6.34538,
              49.462718
            ],
            [
              6.345307,
              49.455349
            ],
            [
              6.325329,
              49.456724
            ],
            [
              6.298768,
              49.466232
            ],
            [
              6.251117,
              49.48946
            ],
            [
              6.249365,
              49.490314
            ],
            [
              6.221976,
              49.497445
            ],
            [
              6.193554,
              49.499409
            ],
            [
              6.13609,
              49.495275
            ],
            [
              6.142601,
              49.486076
            ],
            [
              6.114386,
              49.484371
            ],
            [
              6.107255,
              49.48251
            ],
            [
              6.101984,
              49.476413
            ],
            [
              6.102087,
              49.470005
            ],
            [
              6.099813,
              49.46463
            ],
            [
              6.087721,
              49.461633
            ],
            [
              6.078006,
              49.452021
            ],
            [
              6.06333,
              49.448456
            ],
            [
              5.978064,
              49.445097
            ],
            [
              5.9607,
              49.441324
            ],
            [
              5.946954,
              49.469953
            ],
            [
              5.928144,
              49.482304
            ],
            [
              5.864686,
              49.492174
            ],
            [
              5.839571,
              49.499874
            ],
            [
              5.822104,
              49.510519
            ],
            [
              5.790685,
              49.537753
            ],
            [
              5.814456,
              49.545142
            ],
            [
              5.8374,
              49.56111
            ],
            [
              5.846909,
              49.576717
            ],
            [
              5.829959,
              49.582763
            ],
            [
              5.841224,
              49.589687
            ],
            [
              5.849183,
              49.599713
            ],
            [
              5.861998,
              49.62276
            ],
            [
              5.869957,
              49.628858
            ],
            [
              5.879878,
              49.634853
            ],
            [
              5.885459,
              49.643534
            ],
            [
              5.879878,
              49.657745
            ],
            [
              5.872644,
              49.661724
            ],
            [
              5.852593,
              49.663223
            ],
            [
              5.845772,
              49.666582
            ],
            [
              5.842258,
              49.67392
            ],
            [
              5.843705,
              49.677486
            ],
            [
              5.846702,
              49.68069
            ],
            [
              5.847219,
              49.687201
            ],
            [
              5.848769,
              49.69273
            ],
            [
              5.853627,
              49.696296
            ],
            [
              5.857347,
              49.70043
            ],
            [
              5.856403,
              49.705807
            ],
            [
              5.856004,
              49.708078
            ],
            [
              5.850216,
              49.714021
            ],
            [
              5.843705,
              49.714331
            ],
            [
              5.837297,
              49.712936
            ],
            [
              5.831716,
              49.713607
            ],
            [
              5.825721,
              49.715778
            ],
            [
              5.811769,
              49.718517
            ],
            [
              5.805361,
              49.721876
            ],
            [
              5.805774,
              49.724201
            ],
            [
              5.803604,
              49.738154
            ],
            [
              5.802054,
              49.742856
            ],
            [
              5.778489,
              49.773035
            ],
            [
              5.771875,
              49.779392
            ],
            [
              5.759162,
              49.784456
            ],
            [
              5.748414,
              49.785644
            ],
            [
              5.738285,
              49.788848
            ],
            [
              5.727743,
              49.800217
            ],
            [
              5.721645,
              49.812775
            ],
            [
              5.720198,
              49.824712
            ],
            [
              5.724642,
              49.834272
            ],
            [
              5.736528,
              49.83944
            ],
            [
              5.726916,
              49.845227
            ],
            [
              5.728673,
              49.848845
            ],
            [
              5.730533,
              49.85117
            ],
            [
              5.73198,
              49.854167
            ],
            [
              5.731877,
              49.859955
            ],
            [
              5.758129,
              49.858198
            ],
            [
              5.748827,
              49.867293
            ],
            [
              5.726709,
              49.878197
            ],
            [
              5.714927,
              49.881866
            ],
            [
              5.718958,
              49.891374
            ],
            [
              5.753581,
              49.930183
            ],
            [
              5.757612,
              49.93654
            ],
            [
              5.759989,
              49.941604
            ],
            [
              5.76371,
              49.946823
            ],
            [
              5.771565,
              49.953541
            ],
            [
              5.778593,
              49.95659
            ],
            [
              5.793372,
              49.958812
            ],
            [
              5.80164,
              49.963825
            ],
            [
              5.812596,
              49.977571
            ],
            [
              5.808565,
              49.9831
            ],
            [
              5.801537,
              49.988681
            ],
            [
              5.802674,
              50.002479
            ],
            [
              5.808875,
              50.007801
            ],
            [
              5.829132,
              50.013589
            ],
            [
              5.836367,
              50.01855
            ],
            [
              5.838847,
              50.026457
            ],
            [
              5.838847,
              50.035862
            ],
            [
              5.83771,
              50.047437
            ],
            [
              5.843705,
              50.053638
            ],
            [
              5.858278,
              50.061803
            ],
            [
              5.864375,
              50.067488
            ],
            [
              5.866856,
              50.074309
            ],
            [
              5.86882,
              50.090535
            ],
            [
              5.872437,
              50.096892
            ],
            [
              5.888973,
              50.106607
            ],
            [
              5.92618,
              50.118337
            ],
            [
              5.941063,
              50.128311
            ],
            [
              5.949021,
              50.142677
            ],
            [
              5.953156,
              50.156371
            ],
            [
              5.96163,
              50.165621
            ],
            [
              5.982921,
              50.167068
            ],
            [
              5.998321,
              50.174975
            ],
            [
              6.004729,
              50.170479
            ],
            [
              6.008036,
              50.160919
            ],
            [
              6.014134,
              50.153581
            ],
            [
              6.022967,
              50.15082
            ],
            [
              6.027363,
              50.149447
            ],
            [
              6.038628,
              50.148413
            ],
            [
              6.061366,
              50.150738
            ],
            [
              6.070048,
              50.154201
            ],
            [
              6.076456,
              50.158645
            ],
            [
              6.084207,
              50.159317
            ],
            [
              6.097126,
              50.151307
            ],
            [
              6.101467,
              50.142108
            ],
            [
              6.10033,
              50.132652
            ],
            [
              6.102604,
              50.124745
            ],
            [
              6.117487,
              50.120456
            ]
          ]
        ]
      }
    },
    {
      "type": "Feature",
      "properties": {
        "ADM0_ISO": "FRA",
        "featurecla": "Admin-0 country",
        "scalerank": 0,
        "LABELRANK": 2,
        "SOVEREIGNT": "France",
        "SOV_A3": "FR1",
        "ADM0_DIF": 1,
        "LEVEL": 2,
        "TYPE": "Country",
        "TLC": "1",
        "ADMIN": "France",
        "ADM0_A3": "FRA",
        "GEOU_DIF": 0,
        "GEOUNIT": "France",
        "GU_A3": "FRA",
        "SU_DIF": 0,
        "SUBUNIT": "France",
        "SU_A3": "FRA",
        "BRK_DIFF": 0,
        "NAME": "France",
        "NAME_LONG": "France",
        "BRK_A3": "FRA",
        "BRK_NAME": "France",
        "BRK_GROUP": null,
        "ABBREV": "Fr.",
        "POSTAL": "F",
        "FORMAL_EN": "French Republic",
        "FORMAL_FR": null,
        "NAME_CIAWF": "France",
        "NOTE_ADM0": null,
        "NOTE_BRK": null,
        "NAME_SORT": "France",
        "NAME_ALT": null,
        "MAPCOLOR7": 7,
        "MAPCOLOR8": 5,
        "MAPCOLOR9": 9,
        "MAPCOLOR13": 11,
        "POP_EST": 67059887,
        "POP_RANK": 16,
        "POP_YEAR": 2019,
        "GDP_MD": 2715518,
        "GDP_YEAR": 2019,
        "ECONOMY": "1. Developed region: G7",
        "INCOME_GRP": "1. High income: OECD",
        "FIPS_10": "FR",
        "ISO_A2": "-99",
        "ISO_A2_EH": "FR",
        "ISO_A3": "-99",
        "ISO_A3_EH": "FRA",
        "ISO_N3": "-99",
        "ISO_N3_EH": "250",
        "UN_A3": "250",
        "WB_A2": "FR",
        "WB_A3": "FRA",
        "WOE_ID": -90,
        "WOE_ID_EH": 23424819,
        "WOE_NOTE": "Includes only Metropolitan France (including Corsica)",
        "ADM0_DIFF": null,
        "ADM0_TLC": "FRA",
        "ADM0_A3_US": "FRA",
        "ADM0_A3_FR": "FRA",
        "ADM0_A3_RU": "FRA",
        "ADM0_A3_ES": "FRA",
        "ADM0_A3_CN": "FRA",
        "ADM0_A3_TW": "FRA",
        "ADM0_A3_IN": "FRA",
        "ADM0_A3_NP": "FRA",
        "ADM0_A3_PK": "FRA",
        "ADM0_A3_DE": "FRA",
        "ADM0_A3_GB": "FRA",
        "ADM0_A3_BR": "FRA",
        "ADM0_A3_IL": "FRA",
        "ADM0_A3_PS": "FRA",
        "ADM0_A3_SA": "FRA",
        "ADM0_A3_EG": "FRA",
        "ADM0_A3_MA": "FRA",
        "ADM0_A3_PT": "FRA",
        "ADM0_A3_AR": "FRA",
        "ADM0_A3_JP": "FRA",
        "ADM0_A3_KO": "FRA",
        "ADM0_A3_VN": "FRA",
        "ADM0_A3_TR": "FRA",
        "ADM0_A3_ID": "FRA",
        "ADM0_A3_PL": "FRA",
        "ADM0_A3_GR": "FRA",
        "ADM0_A3_IT": "FRA",
        "ADM0_A3_NL": "FRA",
        "ADM0_A3_SE": "FRA",
        "ADM0_A3_BD": "FRA",
        "ADM0_A3_UA": "FRA",
        "ADM0_A3_UN": -99,
        "ADM0_A3_WB": -99,
        "CONTINENT": "Europe",
        "REGION_UN": "Europe",
        "SUBREGION": "Western Europe",
        "REGION_WB": "Europe & Central Asia",
        "NAME_LEN": 6,
        "LONG_LEN": 6,
        "ABBREV_LEN": 3,
        "TINY": -99,
        "HOMEPART": 1,
        "MIN_ZOOM": 0,
        "MIN_LABEL": 1.7,
        "MAX_LABEL": 6.7,
        "LABEL_X": 2.552275,
        "LABEL_Y": 46.696113,
        "NE_ID": 1159320637,
        "WIKIDATAID": "Q142",
        "NAME_AR": "فرنسا",
        "NAME_BN": "ফ্রান্স",
        "NAME_DE": "Frankreich",
        "NAME_EN": "France",
        "NAME_ES": "Francia",
        "NAME_FA": "فرانسه",
        "NAME_FR": "France",
        "NAME_EL": "Γαλλία",
        "NAME_HE": "צרפת",
        "NAME_HI": "फ़्रान्स",
        "NAME_HU": "Franciaország",
        "NAME_ID": "Prancis",
        "NAME_IT": "Francia",
        "NAME_JA": "フランス",
        "NAME_KO": "프랑스",
        "NAME_NL": "Frankrijk",
        "NAME_PL": "Francja",
        "NAME_PT": "França",
        "NAME_RU": "Франция",
        "NAME_SV": "Frankrike",
        "NAME_TR": "Fransa",
        "NAME_UK": "Франція",
        "NAME_UR": "فرانس",
        "NAME_VI": "Pháp",
        "NAME_ZH": "法国",
        "NAME_ZHT": "法國",
        "FCLASS_ISO": "Admin-0 country",
        "TLC_DIFF": null,
        "FCLASS_TLC": "Admin-0 country",
        "FCLASS_US": null,
        "FCLASS_FR": null,
        "FCLASS_RU": null,
        "FCLASS_ES": null,
        "FCLASS_CN": null,
        "FCLASS_TW": null,
        "FCLASS_IN": null,
        "FCLASS_NP": null,
        "FCLASS_PK": null,
        "FCLASS_DE": null,
        "FCLASS_GB": null,
        "FCLASS_BR": null,
        "FCLASS_IL": null,
        "FCLASS_PS": null,
        "FCLASS_SA": null,
        "FCLASS_EG": null,
        "FCLASS_MA": null,
        "FCLASS_PT": null,
        "FCLASS_AR": null,
        "FCLASS_JP": null,
        "FCLASS_KO": null,
        "FCLASS_VN": null,
        "FCLASS_TR": null,
        "FCLASS_ID": null,
        "FCLASS_PL": null,
        "FCLASS_GR": null,
        "FCLASS_IT": null,
        "FCLASS_NL": null,
        "FCLASS_SE": null,
        "FCLASS_BD": null,
        "FCLASS_UA": null
      },
      "bbox": [
        -109.234242,
        10.281562,
        9.559581,
        51.087541
      ],
      "geometry": {
        "type": "MultiPolygon",
        "coordinates": [
          [
            [
              [
                2.5218,
                51.087541
              ],
              [
                2.537033,
                51.06461
              ],
              [
                2.547059,
                51.020479
              ],
              [
                2.55698,
                51.001177
              ],
              [
                2.592741,
                50.976114
              ],
              [
                2.60845,
                50.961128
              ],
              [
                2.611654,
                50.941233
              ],
              [
                2.605763,
                50.935238
              ],
              [
                2.582715,
                50.920666
              ],
              [
                2.576928,
                50.911519
              ],
              [
                2.596668,
                50.867646
              ],
              [
                2.595531,
                50.861134
              ],
              [
                2.58778,
                50.850024
              ],
              [
                2.586746,
                50.845425
              ],
              [
                2.58995,
                50.842014
              ],
              [
                2.602042,
                50.838087
              ],
              [
                2.60659,
                50.834831
              ],
              [
                2.615168,
                50.82217
              ],
              [
                2.620439,
                50.816486
              ],
              [
                2.627777,
                50.814419
              ],
              [
                2.642453,
                50.812455
              ],
              [
                2.650618,
                50.812248
              ],
              [
                2.669222,
                50.813902
              ],
              [
                2.67873,
                50.81323
              ],
              [
                2.691856,
                50.808838
              ],
              [
                2.69692,
                50.80305
              ],
              [
                2.700021,
                50.79628
              ],
              [
                2.706635,
                50.788787
              ],
              [
                2.743842,
                50.766205
              ],
              [
                2.749527,
                50.75959
              ],
              [
                2.762963,
                50.739385
              ],
              [
                2.768234,
                50.733235
              ],
              [
                2.786734,
                50.723365
              ],
              [
                2.866726,
                50.700091
              ],
              [
                2.871276,
                50.698767
              ],
              [
                2.886883,
                50.696648
              ],
              [
                2.900112,
                50.703108
              ],
              [
                2.930188,
                50.736232
              ],
              [
                2.948378,
                50.748686
              ],
              [
                2.971425,
                50.757833
              ],
              [
                3.023817,
                50.768262
              ],
              [
                3.103304,
                50.784085
              ],
              [
                3.129245,
                50.779072
              ],
              [
                3.146195,
                50.768892
              ],
              [
                3.162811,
                50.749939
              ],
              [
                3.176684,
                50.734114
              ],
              [
                3.188983,
                50.715097
              ],
              [
                3.196941,
                50.709206
              ],
              [
                3.210997,
                50.707965
              ],
              [
                3.224433,
                50.705175
              ],
              [
                3.232391,
                50.695925
              ],
              [
                3.24376,
                50.672102
              ],
              [
                3.229808,
                50.65541
              ],
              [
                3.237869,
                50.626472
              ],
              [
                3.264327,
                50.570196
              ],
              [
                3.265878,
                50.538312
              ],
              [
                3.271045,
                50.526943
              ],
              [
                3.286755,
                50.514075
              ],
              [
                3.299881,
                50.507461
              ],
              [
                3.343599,
                50.49294
              ],
              [
                3.361066,
                50.489787
              ],
              [
                3.385354,
                50.491648
              ],
              [
                3.429175,
                50.501828
              ],
              [
                3.442714,
                50.508494
              ],
              [
                3.452636,
                50.514851
              ],
              [
                3.462868,
                50.51914
              ],
              [
                3.477131,
                50.519863
              ],
              [
                3.491497,
                50.517073
              ],
              [
                3.498008,
                50.511853
              ],
              [
                3.496458,
                50.503792
              ],
              [
                3.486743,
                50.492681
              ],
              [
                3.499145,
                50.48679
              ],
              [
                3.563741,
                50.486532
              ],
              [
                3.586375,
                50.483483
              ],
              [
                3.608286,
                50.476507
              ],
              [
                3.62813,
                50.464363
              ],
              [
                3.644356,
                50.445501
              ],
              [
                3.652831,
                50.406847
              ],
              [
                3.652934,
                50.360183
              ],
              [
                3.661719,
                50.319307
              ],
              [
                3.696859,
                50.298223
              ],
              [
                3.700787,
                50.304683
              ],
              [
                3.702234,
                50.305251
              ],
              [
                3.703887,
                50.304321
              ],
              [
                3.708435,
                50.306336
              ],
              [
                3.711122,
                50.309333
              ],
              [
                3.715463,
                50.317653
              ],
              [
                3.733446,
                50.337239
              ],
              [
                3.741508,
                50.34313
              ],
              [
                3.755047,
                50.346334
              ],
              [
                3.798662,
                50.348452
              ],
              [
                3.84021,
                50.345197
              ],
              [
                3.86088,
                50.338479
              ],
              [
                3.878037,
                50.330779
              ],
              [
                3.895917,
                50.325301
              ],
              [
                3.918551,
                50.325456
              ],
              [
                3.982113,
                50.342613
              ],
              [
                4.0033,
                50.34406
              ],
              [
                4.022731,
                50.338117
              ],
              [
                4.055907,
                50.314553
              ],
              [
                4.077198,
                50.306646
              ],
              [
                4.097868,
                50.294812
              ],
              [
                4.125257,
                50.25714
              ],
              [
                4.143654,
                50.251611
              ],
              [
                4.150992,
                50.256262
              ],
              [
                4.149751,
                50.263135
              ],
              [
                4.150268,
                50.269543
              ],
              [
                4.162774,
                50.272953
              ],
              [
                4.171766,
                50.270886
              ],
              [
                4.185201,
                50.26546
              ],
              [
                4.197604,
                50.258484
              ],
              [
                4.203702,
                50.251973
              ],
              [
                4.201325,
                50.241534
              ],
              [
                4.191506,
                50.234299
              ],
              [
                4.167942,
                50.222465
              ],
              [
                4.157296,
                50.212698
              ],
              [
                4.152749,
                50.204534
              ],
              [
                4.147374,
                50.186343
              ],
              [
                4.128151,
                50.146243
              ],
              [
                4.125774,
                50.128156
              ],
              [
                4.139933,
                50.123557
              ],
              [
                4.15988,
                50.129396
              ],
              [
                4.170629,
                50.130481
              ],
              [
                4.180551,
                50.127226
              ],
              [
                4.197397,
                50.084076
              ],
              [
                4.203392,
                50.074671
              ],
              [
                4.210316,
                50.066713
              ],
              [
                4.210006,
                50.06015
              ],
              [
                4.186028,
                50.05245
              ],
              [
                4.162877,
                50.041805
              ],
              [
                4.144584,
                50.030797
              ],
              [
                4.137349,
                50.025061
              ],
              [
                4.132285,
                50.017568
              ],
              [
                4.128151,
                50.005786
              ],
              [
                4.132905,
                50.004494
              ],
              [
                4.138383,
                49.989198
              ],
              [
                4.139623,
                49.974522
              ],
              [
                4.132365,
                49.974946
              ],
              [
                4.131665,
                49.974987
              ],
              [
                4.187682,
                49.955505
              ],
              [
                4.201118,
                49.953024
              ],
              [
                4.215953,
                49.954408
              ],
              [
                4.277599,
                49.960156
              ],
              [
                4.427651,
                49.933572
              ],
              [
                4.435109,
                49.93225
              ],
              [
                4.464771,
                49.935609
              ],
              [
                4.604194,
                49.980206
              ],
              [
                4.645845,
                49.984495
              ],
              [
                4.656697,
                49.989095
              ],
              [
                4.665896,
                50.000515
              ],
              [
                4.672924,
                50.01638
              ],
              [
                4.680572,
                50.048316
              ],
              [
                4.679538,
                50.055189
              ],
              [
                4.675818,
                50.060201
              ],
              [
                4.67344,
                50.066196
              ],
              [
                4.676128,
                50.076066
              ],
              [
                4.681915,
                50.083921
              ],
              [
                4.788575,
                50.153374
              ],
              [
                4.815551,
                50.161332
              ],
              [
                4.820098,
                50.146449
              ],
              [
                4.831364,
                50.1434
              ],
              [
                4.862679,
                50.147586
              ],
              [
                4.871878,
                50.139783
              ],
              [
                4.870534,
                50.122265
              ],
              [
                4.86516,
                50.101594
              ],
              [
                4.862886,
                50.084076
              ],
              [
                4.852137,
                50.091621
              ],
              [
                4.84604,
                50.09069
              ],
              [
                4.827229,
                50.064077
              ],
              [
                4.826093,
                50.055034
              ],
              [
                4.827643,
                50.046714
              ],
              [
                4.826713,
                50.036017
              ],
              [
                4.788265,
                49.974263
              ],
              [
                4.783925,
                49.958295
              ],
              [
                4.797257,
                49.944291
              ],
              [
                4.844593,
                49.931734
              ],
              [
                4.860199,
                49.913337
              ],
              [
                4.861956,
                49.900314
              ],
              [
                4.859372,
                49.891684
              ],
              [
                4.854308,
                49.883313
              ],
              [
                4.848934,
                49.871066
              ],
              [
                4.845626,
                49.865846
              ],
              [
                4.836738,
                49.859128
              ],
              [
                4.834878,
                49.85303
              ],
              [
                4.836945,
                49.848018
              ],
              [
                4.846763,
                49.837528
              ],
              [
                4.849244,
                49.831585
              ],
              [
                4.849037,
                49.794171
              ],
              [
                4.858029,
                49.786575
              ],
              [
                4.884177,
                49.784146
              ],
              [
                4.906604,
                49.786471
              ],
              [
                4.950013,
                49.796393
              ],
              [
                4.968371,
                49.796981
              ],
              [
                4.970993,
                49.797065
              ],
              [
                4.98908,
                49.790554
              ],
              [
                5.026287,
                49.766731
              ],
              [
                5.046234,
                49.759393
              ],
              [
                5.081891,
                49.752727
              ],
              [
                5.093776,
                49.745337
              ],
              [
                5.136358,
                49.705339
              ],
              [
                5.151241,
                49.695986
              ],
              [
                5.169431,
                49.687201
              ],
              [
                5.192478,
                49.682808
              ],
              [
                5.237644,
                49.690973
              ],
              [
                5.259244,
                49.691335
              ],
              [
                5.280122,
                49.677899
              ],
              [
                5.299449,
                49.662499
              ],
              [
                5.306373,
                49.647513
              ],
              [
                5.301826,
                49.643896
              ],
              [
                5.293764,
                49.640537
              ],
              [
                5.290664,
                49.626378
              ],
              [
                5.293041,
                49.617179
              ],
              [
                5.297898,
                49.613252
              ],
              [
                5.314538,
                49.611133
              ],
              [
                5.32167,
                49.61258
              ],
              [
                5.326941,
                49.617644
              ],
              [
                5.331178,
                49.623122
              ],
              [
                5.334899,
                49.625809
              ],
              [
                5.3411,
                49.625137
              ],
              [
                5.352469,
                49.620693
              ],
              [
                5.383475,
                49.613304
              ],
              [
                5.391166,
                49.608817
              ],
              [
                5.402078,
                49.602451
              ],
              [
                5.450241,
                49.545762
              ],
              [
                5.454375,
                49.536616
              ],
              [
                5.454168,
                49.526177
              ],
              [
                5.450964,
                49.516772
              ],
              [
                5.44993,
                49.507832
              ],
              [
                5.456132,
                49.498944
              ],
              [
                5.477732,
                49.495223
              ],
              [
                5.503674,
                49.505093
              ],
              [
                5.528789,
                49.517961
              ],
              [
                5.547599,
                49.523438
              ],
              [
                5.578915,
                49.51393
              ],
              [
                5.587493,
                49.512431
              ],
              [
                5.602273,
                49.513723
              ],
              [
                5.60558,
                49.517754
              ],
              [
                5.607854,
                49.524937
              ],
              [
                5.619739,
                49.53553
              ],
              [
                5.644647,
                49.543799
              ],
              [
                5.667178,
                49.54044
              ],
              [
                5.688676,
                49.533515
              ],
              [
                5.710276,
                49.531086
              ],
              [
                5.722679,
                49.5346
              ],
              [
                5.735598,
                49.545711
              ],
              [
                5.746346,
                49.549431
              ],
              [
                5.757095,
                49.548398
              ],
              [
                5.779006,
                49.539613
              ],
              [
                5.790685,
                49.537753
              ],
              [
                5.822104,
                49.510519
              ],
              [
                5.839571,
                49.499874
              ],
              [
                5.864686,
                49.492174
              ],
              [
                5.928144,
                49.482304
              ],
              [
                5.946954,
                49.469953
              ],
              [
                5.9607,
                49.441324
              ],
              [
                5.978064,
                49.445097
              ],
              [
                6.06333,
                49.448456
              ],
              [
                6.078006,
                49.452021
              ],
              [
                6.087721,
                49.461633
              ],
              [
                6.099813,
                49.46463
              ],
              [
                6.102087,
                49.470005
              ],
              [
                6.101984,
                49.476413
              ],
              [
                6.107255,
                49.48251
              ],
              [
                6.114386,
                49.484371
              ],
              [
                6.142601,
                49.486076
              ],
              [
                6.13609,
                49.495275
              ],
              [
                6.193554,
                49.499409
              ],
              [
                6.221976,
                49.497445
              ],
              [
                6.249365,
                49.490314
              ],
              [
                6.251117,
                49.48946
              ],
              [
                6.298768,
                49.466232
              ],
              [
                6.325329,
                49.456724
              ],
              [
                6.345307,
                49.455349
              ],
              [
                6.353855,
                49.45476
              ],
              [
                6.3645,
                49.456104
              ],
              [
                6.383517,
                49.46463
              ],
              [
                6.391682,
                49.466697
              ],
              [
                6.402741,
                49.465457
              ],
              [
                6.494518,
                49.435537
              ],
              [
                6.511674,
                49.424736
              ],
              [
                6.517876,
                49.416416
              ],
              [
                6.520563,
                49.408148
              ],
              [
                6.520769,
                49.402567
              ],
              [
                6.518806,
                49.402154
              ],
              [
                6.52573,
                49.395487
              ],
              [
                6.574306,
                49.361794
              ],
              [
                6.577717,
                49.3558
              ],
              [
                6.573376,
                49.347738
              ],
              [
                6.555599,
                49.34717
              ],
              [
                6.550122,
                49.338023
              ],
              [
                6.556426,
                49.326396
              ],
              [
                6.573169,
                49.313115
              ],
              [
                6.639677,
                49.271154
              ],
              [
                6.641227,
                49.266916
              ],
              [
                6.63916,
                49.256788
              ],
              [
                6.640297,
                49.252757
              ],
              [
                6.645671,
                49.250018
              ],
              [
                6.659521,
                49.246763
              ],
              [
                6.663758,
                49.243869
              ],
              [
                6.671613,
                49.225317
              ],
              [
                6.674817,
                49.221131
              ],
              [
                6.675954,
                49.218909
              ],
              [
                6.677918,
                49.211054
              ],
              [
                6.680605,
                49.207489
              ],
              [
                6.685049,
                49.207799
              ],
              [
                6.698485,
                49.213586
              ],
              [
                6.702516,
                49.213638
              ],
              [
                6.70882,
                49.197773
              ],
              [
                6.703756,
                49.185113
              ],
              [
                6.700965,
                49.172865
              ],
              [
                6.713781,
                49.158861
              ],
              [
                6.725563,
                49.155554
              ],
              [
                6.770108,
                49.155295
              ],
              [
                6.809072,
                49.145839
              ],
              [
                6.821785,
                49.147751
              ],
              [
                6.839045,
                49.162788
              ],
              [
                6.835221,
                49.179377
              ],
              [
                6.827676,
                49.195551
              ],
              [
                6.833464,
                49.209452
              ],
              [
                6.843489,
                49.211054
              ],
              [
                6.885243,
                49.204801
              ],
              [
                6.914389,
                49.206662
              ],
              [
                6.925448,
                49.205576
              ],
              [
                6.987873,
                49.182425
              ],
              [
                7.009474,
                49.181702
              ],
              [
                7.008957,
                49.146407
              ],
              [
                7.020532,
                49.118967
              ],
              [
                7.042546,
                49.107598
              ],
              [
                7.073242,
                49.12031
              ],
              [
                7.074793,
                49.125375
              ],
              [
                7.071589,
                49.130594
              ],
              [
                7.070762,
                49.136123
              ],
              [
                7.079857,
                49.142014
              ],
              [
                7.085335,
                49.141549
              ],
              [
                7.123575,
                49.123308
              ],
              [
                7.139285,
                49.117933
              ],
              [
                7.154994,
                49.114419
              ],
              [
                7.241191,
                49.113902
              ],
              [
                7.268062,
                49.105634
              ],
              [
                7.274367,
                49.105014
              ],
              [
                7.280258,
                49.108993
              ],
              [
                7.2908,
                49.123101
              ],
              [
                7.297105,
                49.128114
              ],
              [
                7.305993,
                49.130129
              ],
              [
                7.326457,
                49.131834
              ],
              [
                7.334002,
                49.13416
              ],
              [
                7.339066,
                49.139689
              ],
              [
                7.3463,
                49.15421
              ],
              [
                7.350951,
                49.159171
              ],
              [
                7.367591,
                49.165372
              ],
              [
                7.371634,
                49.166174
              ],
              [
                7.391052,
                49.170023
              ],
              [
                7.410483,
                49.168938
              ],
              [
                7.414823,
                49.157776
              ],
              [
                7.458025,
                49.155864
              ],
              [
                7.476112,
                49.151523
              ],
              [
                7.482726,
                49.137054
              ],
              [
                7.475285,
                49.133901
              ],
              [
                7.472804,
                49.131628
              ],
              [
                7.471047,
                49.12832
              ],
              [
                7.485103,
                49.118708
              ],
              [
                7.507738,
                49.094576
              ],
              [
                7.520863,
                49.083672
              ],
              [
                7.542671,
                49.074577
              ],
              [
                7.586389,
                49.069564
              ],
              [
                7.60861,
                49.061968
              ],
              [
                7.615948,
                49.055973
              ],
              [
                7.625663,
                49.043002
              ],
              [
                7.634965,
                49.037783
              ],
              [
                7.644939,
                49.036294
              ],
              [
                7.648814,
                49.035716
              ],
              [
                7.660803,
                49.037731
              ],
              [
                7.672482,
                49.041039
              ],
              [
                7.685091,
                49.042796
              ],
              [
                7.69615,
                49.041555
              ],
              [
                7.717337,
                49.036595
              ],
              [
                7.726949,
                49.035664
              ],
              [
                7.739145,
                49.037731
              ],
              [
                7.762606,
                49.046155
              ],
              [
                7.773665,
                49.048118
              ],
              [
                7.856864,
                49.032254
              ],
              [
                7.913811,
                49.036181
              ],
              [
                7.931898,
                49.034838
              ],
              [
                8.090441,
                48.979182
              ],
              [
                8.18873,
                48.965746
              ],
              [
                8.200305,
                48.958563
              ],
              [
                8.199892,
                48.95825
              ],
              [
                8.179325,
                48.942698
              ],
              [
                8.148112,
                48.903734
              ],
              [
                8.10274,
                48.821311
              ],
              [
                8.090338,
                48.807513
              ],
              [
                8.08424,
                48.804051
              ],
              [
                8.04755,
                48.791028
              ],
              [
                8.038765,
                48.79077
              ],
              [
                8.036594,
                48.788289
              ],
              [
                8.031943,
                48.785344
              ],
              [
                8.027293,
                48.780021
              ],
              [
                8.025122,
                48.770616
              ],
              [
                8.022952,
                48.765087
              ],
              [
                8.017267,
                48.761831
              ],
              [
                8.009619,
                48.760074
              ],
              [
                7.981507,
                48.759764
              ],
              [
                7.970138,
                48.757283
              ],
              [
                7.964867,
                48.748343
              ],
              [
                7.963627,
                48.729275
              ],
              [
                7.959183,
                48.721368
              ],
              [
                7.948434,
                48.71186
              ],
              [
                7.935205,
                48.703333
              ],
              [
                7.92332,
                48.698217
              ],
              [
                7.895931,
                48.676513
              ],
              [
                7.880635,
                48.667728
              ],
              [
                7.864098,
                48.664162
              ],
              [
                7.852419,
                48.658685
              ],
              [
                7.810252,
                48.615018
              ],
              [
                7.801777,
                48.582359
              ],
              [
                7.801673,
                48.54758
              ],
              [
                7.813455,
                48.526341
              ],
              [
                7.813455,
                48.519468
              ],
              [
                7.788444,
                48.506343
              ],
              [
                7.776455,
                48.498178
              ],
              [
                7.771287,
                48.489109
              ],
              [
                7.76922,
                48.470066
              ],
              [
                7.764156,
                48.460351
              ],
              [
                7.757645,
                48.453891
              ],
              [
                7.75072,
                48.444408
              ],
              [
                7.745656,
                48.433014
              ],
              [
                7.738318,
                48.406607
              ],
              [
                7.737181,
                48.393481
              ],
              [
                7.740385,
                48.381441
              ],
              [
                7.746896,
                48.368677
              ],
              [
                7.75196,
                48.355344
              ],
              [
                7.75072,
                48.341366
              ],
              [
                7.736974,
                48.326664
              ],
              [
                7.718578,
                48.319997
              ],
              [
                7.702454,
                48.311187
              ],
              [
                7.69553,
                48.29018
              ],
              [
                7.693463,
                48.269871
              ],
              [
                7.687158,
                48.252921
              ],
              [
                7.676616,
                48.2384
              ],
              [
                7.613364,
                48.179205
              ],
              [
                7.60675,
                48.166984
              ],
              [
                7.604786,
                48.152566
              ],
              [
                7.599722,
                48.144711
              ],
              [
                7.5929,
                48.138665
              ],
              [
                7.585666,
                48.129725
              ],
              [
                7.578948,
                48.11448
              ],
              [
                7.572643,
                48.094972
              ],
              [
                7.575744,
                48.053709
              ],
              [
                7.618945,
                48.002652
              ],
              [
                7.621116,
                47.97144
              ],
              [
                7.611607,
                47.959399
              ],
              [
                7.584942,
                47.940408
              ],
              [
                7.579568,
                47.92705
              ],
              [
                7.580808,
                47.910798
              ],
              [
                7.578948,
                47.906328
              ],
              [
                7.572643,
                47.896302
              ],
              [
                7.568613,
                47.891367
              ],
              [
                7.561998,
                47.887052
              ],
              [
                7.559001,
                47.882711
              ],
              [
                7.557864,
                47.878526
              ],
              [
                7.558381,
                47.875994
              ],
              [
                7.559207,
                47.873461
              ],
              [
                7.559001,
                47.869017
              ],
              [
                7.564168,
                47.850414
              ],
              [
                7.561998,
                47.839226
              ],
              [
                7.548459,
                47.834239
              ],
              [
                7.542878,
                47.829433
              ],
              [
                7.528615,
                47.797032
              ],
              [
                7.525928,
                47.783157
              ],
              [
                7.53833,
                47.748146
              ],
              [
                7.537813,
                47.731816
              ],
              [
                7.531922,
                47.725202
              ],
              [
                7.515386,
                47.713316
              ],
              [
                7.511872,
                47.707322
              ],
              [
                7.514662,
                47.685798
              ],
              [
                7.517866,
                47.675024
              ],
              [
                7.521794,
                47.670425
              ],
              [
                7.536573,
                47.665205
              ],
              [
                7.550112,
                47.652441
              ],
              [
                7.572643,
                47.622004
              ],
              [
                7.578638,
                47.61694
              ],
              [
                7.585046,
                47.613167
              ],
              [
                7.590317,
                47.607948
              ],
              [
                7.592487,
                47.598414
              ],
              [
                7.59011,
                47.594822
              ],
              [
                7.586028,
                47.584619
              ],
              [
                7.585483,
                47.584479
              ],
              [
                7.550319,
                47.575495
              ],
              [
                7.526341,
                47.566452
              ],
              [
                7.520867,
                47.563416
              ],
              [
                7.482726,
                47.542267
              ],
              [
                7.485103,
                47.541595
              ],
              [
                7.501743,
                47.532965
              ],
              [
                7.505154,
                47.533017
              ],
              [
                7.505464,
                47.523018
              ],
              [
                7.501123,
                47.517307
              ],
              [
                7.493062,
                47.515499
              ],
              [
                7.482726,
                47.516997
              ],
              [
                7.476939,
                47.514879
              ],
              [
                7.475595,
                47.511726
              ],
              [
                7.477765,
                47.507696
              ],
              [
                7.484897,
                47.5009
              ],
              [
                7.485776,
                47.498768
              ],
              [
                7.48593,
                47.498394
              ],
              [
                7.485827,
                47.495784
              ],
              [
                7.484483,
                47.492942
              ],
              [
                7.482726,
                47.491263
              ],
              [
                7.46743,
                47.481909
              ],
              [
                7.454511,
                47.483201
              ],
              [
                7.445996,
                47.486884
              ],
              [
                7.441488,
                47.488834
              ],
              [
                7.425986,
                47.492503
              ],
              [
                7.414307,
                47.490177
              ],
              [
                7.41441,
                47.484028
              ],
              [
                7.419474,
                47.477852
              ],
              [
                7.422782,
                47.475424
              ],
              [
                7.427639,
                47.470747
              ],
              [
                7.429293,
                47.465114
              ],
              [
                7.426089,
                47.455761
              ],
              [
                7.420563,
                47.450857
              ],
              [
                7.406349,
                47.438242
              ],
              [
                7.388219,
                47.433289
              ],
              [
                7.378547,
                47.430646
              ],
              [
                7.33693,
                47.431854
              ],
              [
                7.309093,
                47.432661
              ],
              [
                7.282635,
                47.428889
              ],
              [
                7.244808,
                47.417727
              ],
              [
                7.23809,
                47.416797
              ],
              [
                7.230339,
                47.419019
              ],
              [
                7.226308,
                47.422636
              ],
              [
                7.223517,
                47.426228
              ],
              [
                7.219383,
                47.428476
              ],
              [
                7.190031,
                47.434728
              ],
              [
                7.168327,
                47.443565
              ],
              [
                7.162642,
                47.459895
              ],
              [
                7.180833,
                47.488265
              ],
              [
                7.153651,
                47.486405
              ],
              [
                7.142169,
                47.487651
              ],
              [
                7.140318,
                47.487852
              ],
              [
                7.127296,
                47.492942
              ],
              [
                7.103731,
                47.496275
              ],
              [
                7.053915,
                47.490384
              ],
              [
                7.027974,
                47.492942
              ],
              [
                7.018879,
                47.49767
              ],
              [
                7.009784,
                47.499247
              ],
              [
                7.000792,
                47.49767
              ],
              [
                6.991904,
                47.492942
              ],
              [
                6.9733,
                47.489092
              ],
              [
                6.97578,
                47.477956
              ],
              [
                6.986116,
                47.464132
              ],
              [
                6.990973,
                47.452221
              ],
              [
                6.983429,
                47.443798
              ],
              [
                6.968546,
                47.435194
              ],
              [
                6.952319,
                47.428837
              ],
              [
                6.926068,
                47.424858
              ],
              [
                6.924517,
                47.405996
              ],
              [
                6.898783,
                47.395713
              ],
              [
                6.884003,
                47.382587
              ],
              [
                6.871601,
                47.366955
              ],
              [
                6.86664,
                47.354165
              ],
              [
                6.985599,
                47.362123
              ],
              [
                7.003996,
                47.368143
              ],
              [
                7.018879,
                47.359901
              ],
              [
                7.033865,
                47.350651
              ],
              [
                7.044303,
                47.340497
              ],
              [
                7.036552,
                47.329515
              ],
              [
                7.027147,
                47.325433
              ],
              [
                7.016915,
                47.323521
              ],
              [
                7.006476,
                47.319361
              ],
              [
                6.991904,
                47.305951
              ],
              [
                6.986529,
                47.304504
              ],
              [
                6.977434,
                47.303729
              ],
              [
                6.958624,
                47.290551
              ],
              [
                6.952216,
                47.270036
              ],
              [
                6.956247,
                47.245231
              ],
              [
                6.888344,
                47.211305
              ],
              [
                6.859302,
                47.190919
              ],
              [
                6.840285,
                47.169525
              ],
              [
                6.838076,
                47.168132
              ],
              [
                6.774759,
                47.128184
              ],
              [
                6.744787,
                47.121053
              ],
              [
                6.746027,
                47.103948
              ],
              [
                6.731661,
                47.098883
              ],
              [
                6.72794,
                47.097126
              ],
              [
                6.72422,
                47.09077
              ],
              [
                6.699105,
                47.084621
              ],
              [
                6.6897,
                47.07829
              ],
              [
                6.676264,
                47.0624
              ],
              [
                6.688253,
                47.043848
              ],
              [
                6.665412,
                47.021291
              ],
              [
                6.598698,
                46.986539
              ],
              [
                6.491107,
                46.963388
              ],
              [
                6.442635,
                46.944164
              ],
              [
                6.427752,
                46.909076
              ],
              [
                6.431886,
                46.900032
              ],
              [
                6.445219,
                46.882617
              ],
              [
                6.448422,
                46.871559
              ],
              [
                6.446769,
                46.857709
              ],
              [
                6.443118,
                46.851455
              ],
              [
                6.441188,
                46.848149
              ],
              [
                6.434263,
                46.839545
              ],
              [
                6.418554,
                46.807015
              ],
              [
                6.417107,
                46.802157
              ],
              [
                6.419897,
                46.796525
              ],
              [
                6.425168,
                46.791615
              ],
              [
                6.432609,
                46.785983
              ],
              [
                6.433023,
                46.76911
              ],
              [
                6.429199,
                46.760816
              ],
              [
                6.417933,
                46.751101
              ],
              [
                6.407391,
                46.745701
              ],
              [
                6.374215,
                46.733609
              ],
              [
                6.34786,
                46.71317
              ],
              [
                6.337938,
                46.707409
              ],
              [
                6.266315,
                46.680356
              ],
              [
                6.131853,
                46.595607
              ],
              [
                6.118417,
                46.583463
              ],
              [
                6.121517,
                46.570285
              ],
              [
                6.145702,
                46.55163
              ],
              [
                6.110355,
                46.520831
              ],
              [
                6.075525,
                46.479593
              ],
              [
                6.064157,
                46.471118
              ],
              [
                6.060229,
                46.46502
              ],
              [
                6.060229,
                46.459904
              ],
              [
                6.0624,
                46.455202
              ],
              [
                6.064777,
                46.451068
              ],
              [
                6.0655,
                46.447993
              ],
              [
                6.0655,
                46.440371
              ],
              [
                6.067567,
                46.433601
              ],
              [
                6.065707,
                46.427012
              ],
              [
                6.054235,
                46.419416
              ],
              [
                6.059019,
                46.417383
              ],
              [
                6.108185,
                46.396497
              ],
              [
                6.122861,
                46.385542
              ],
              [
                6.135057,
                46.370401
              ],
              [
                6.1364,
                46.359342
              ],
              [
                6.118607,
                46.331771
              ],
              [
                6.104051,
                46.309216
              ],
              [
                6.100743,
                46.301413
              ],
              [
                6.093612,
                46.273094
              ],
              [
                6.093095,
                46.262294
              ],
              [
                6.094026,
                46.253044
              ],
              [
                6.089685,
                46.246377
              ],
              [
                6.067671,
                46.241623
              ],
              [
                6.061883,
                46.241158
              ],
              [
                6.055888,
                46.241675
              ],
              [
                6.048033,
                46.243432
              ],
              [
                6.046173,
                46.243535
              ],
              [
                6.044519,
                46.243432
              ],
              [
                6.042866,
                46.24307
              ],
              [
                5.982921,
                46.222709
              ],
              [
                5.95853,
                46.211961
              ],
              [
                5.954809,
                46.19992
              ],
              [
                5.965248,
                46.186226
              ],
              [
                5.982921,
                46.170826
              ],
              [
                5.979821,
                46.162248
              ],
              [
                5.972172,
                46.152171
              ],
              [
                5.95884,
                46.130467
              ],
              [
                5.982921,
                46.140441
              ],
              [
                6.028293,
                46.147934
              ],
              [
                6.073872,
                46.149174
              ],
              [
                6.107875,
                46.138632
              ],
              [
                6.140328,
                46.150207
              ],
              [
                6.191384,
                46.191704
              ],
              [
                6.255359,
                46.221107
              ],
              [
                6.281198,
                46.240073
              ],
              [
                6.27603,
                46.26312
              ],
              [
                6.269002,
                46.265239
              ],
              [
                6.252259,
                46.259916
              ],
              [
                6.24182,
                46.263689
              ],
              [
                6.237583,
                46.267926
              ],
              [
                6.227971,
                46.284463
              ],
              [
                6.227454,
                46.288494
              ],
              [
                6.218256,
                46.305495
              ],
              [
                6.214122,
                46.315469
              ],
              [
                6.219496,
                46.329111
              ],
              [
                6.24058,
                46.348955
              ],
              [
                6.269105,
                46.375026
              ],
              [
                6.301558,
                46.394482
              ],
              [
                6.332357,
                46.401381
              ],
              [
                6.365223,
                46.40244
              ],
              [
                6.397676,
                46.408176
              ],
              [
                6.482942,
                46.448587
              ],
              [
                6.547021,
                46.457372
              ],
              [
                6.613684,
                46.455899
              ],
              [
                6.762667,
                46.42926
              ],
              [
                6.777716,
                46.424106
              ],
              [
                6.787058,
                46.414171
              ],
              [
                6.788107,
                46.405008
              ],
              [
                6.789229,
                46.395205
              ],
              [
                6.782097,
                46.378462
              ],
              [
                6.755742,
                46.357068
              ],
              [
                6.750368,
                46.345518
              ],
              [
                6.769488,
                46.322678
              ],
              [
                6.804938,
                46.296607
              ],
              [
                6.827676,
                46.269477
              ],
              [
                6.792226,
                46.221676
              ],
              [
                6.774863,
                46.185864
              ],
              [
                6.765664,
                46.151603
              ],
              [
                6.774346,
                46.134808
              ],
              [
                6.853927,
                46.122612
              ],
              [
                6.869224,
                46.112329
              ],
              [
                6.86819,
                46.10468
              ],
              [
                6.861162,
                46.097032
              ],
              [
                6.853101,
                46.090211
              ],
              [
                6.848553,
                46.085043
              ],
              [
                6.851344,
                46.086025
              ],
              [
                6.853101,
                46.076103
              ],
              [
                6.853411,
                46.065665
              ],
              [
                6.851964,
                46.064683
              ],
              [
                6.852377,
                46.056931
              ],
              [
                6.85031,
                46.052746
              ],
              [
                6.85093,
                46.049645
              ],
              [
                6.859715,
                46.044994
              ],
              [
                6.869224,
                46.044064
              ],
              [
                6.876872,
                46.048095
              ],
              [
                6.884003,
                46.053211
              ],
              [
                6.892375,
                46.055588
              ],
              [
                6.915112,
                46.048612
              ],
              [
                6.982808,
                45.995385
              ],
              [
                6.987666,
                45.993111
              ],
              [
                6.991283,
                45.982466
              ],
              [
                7.002756,
                45.961692
              ],
              [
                7.009784,
                45.943398
              ],
              [
                7.015158,
                45.933321
              ],
              [
                7.022083,
                45.92526
              ],
              [
                7.007717,
                45.920506
              ],
              [
                6.997175,
                45.911307
              ],
              [
                6.989113,
                45.899267
              ],
              [
                6.982808,
                45.885779
              ],
              [
                6.969166,
                45.869759
              ],
              [
                6.949012,
                45.857822
              ],
              [
                6.926378,
                45.849761
              ],
              [
                6.905087,
                45.845368
              ],
              [
                6.880386,
                45.845523
              ],
              [
                6.873461,
                45.8448
              ],
              [
                6.872736,
                45.83968
              ],
              [
                6.871699,
                45.832767
              ],
              [
                6.870662,
                45.828273
              ],
              [
                6.864441,
                45.826891
              ],
              [
                6.858564,
                45.833458
              ],
              [
                6.851997,
                45.836223
              ],
              [
                6.843356,
                45.838643
              ],
              [
                6.816204,
                45.832914
              ],
              [
                6.800804,
                45.826455
              ],
              [
                6.788092,
                45.811727
              ],
              [
                6.782717,
                45.795294
              ],
              [
                6.781994,
                45.777465
              ],
              [
                6.784681,
                45.759585
              ],
              [
                6.795946,
                45.718141
              ],
              [
                6.8161,
                45.69685
              ],
              [
                6.843075,
                45.682742
              ],
              [
                6.869224,
                45.679022
              ],
              [
                6.882556,
                45.675508
              ],
              [
                6.905294,
                45.659695
              ],
              [
                6.918626,
                45.652563
              ],
              [
                6.951079,
                45.646776
              ],
              [
                6.963378,
                45.640729
              ],
              [
                6.969476,
                45.625847
              ],
              [
                6.967099,
                45.620162
              ],
              [
                6.955627,
                45.602592
              ],
              [
                6.952939,
                45.594272
              ],
              [
                6.954903,
                45.586211
              ],
              [
                6.965859,
                45.574429
              ],
              [
                6.969786,
                45.566987
              ],
              [
                6.975264,
                45.525646
              ],
              [
                6.982808,
                45.511125
              ],
              [
                7.02849,
                45.493142
              ],
              [
                7.072002,
                45.470042
              ],
              [
                7.075369,
                45.466286
              ],
              [
                7.081821,
                45.459087
              ],
              [
                7.088745,
                45.446633
              ],
              [
                7.096807,
                45.435419
              ],
              [
                7.110139,
                45.428288
              ],
              [
                7.152927,
                45.41511
              ],
              [
                7.160679,
                45.410924
              ],
              [
                7.159645,
                45.39847
              ],
              [
                7.150757,
                45.383226
              ],
              [
                7.130086,
                45.357078
              ],
              [
                7.097737,
                45.329844
              ],
              [
                7.092569,
                45.323953
              ],
              [
                7.097634,
                45.294962
              ],
              [
                7.108382,
                45.274912
              ],
              [
                7.108382,
                45.259202
              ],
              [
                7.0812,
                45.243079
              ],
              [
                7.062183,
                45.218533
              ],
              [
                7.055466,
                45.213675
              ],
              [
                7.050195,
                45.215019
              ],
              [
                7.037689,
                45.225768
              ],
              [
                7.029731,
                45.228197
              ],
              [
                6.994487,
                45.221324
              ],
              [
                6.958727,
                45.2098
              ],
              [
                6.945808,
                45.201066
              ],
              [
                6.928445,
                45.179569
              ],
              [
                6.913769,
                45.170164
              ],
              [
                6.904674,
                45.168614
              ],
              [
                6.881316,
                45.168407
              ],
              [
                6.873461,
                45.165926
              ],
              [
                6.86819,
                45.157451
              ],
              [
                6.872841,
                45.152025
              ],
              [
                6.878629,
                45.147426
              ],
              [
                6.876665,
                45.141225
              ],
              [
                6.844109,
                45.130115
              ],
              [
                6.808142,
                45.139106
              ],
              [
                6.771452,
                45.153162
              ],
              [
                6.736415,
                45.157348
              ],
              [
                6.72887,
                45.154609
              ],
              [
                6.710887,
                45.144739
              ],
              [
                6.702205,
                45.141225
              ],
              [
                6.694351,
                45.140295
              ],
              [
                6.676264,
                45.14076
              ],
              [
                6.667376,
                45.139623
              ],
              [
                6.632701,
                45.125515
              ],
              [
                6.629385,
                45.123545
              ],
              [
                6.614614,
                45.114767
              ],
              [
                6.602728,
                45.10345
              ],
              [
                6.620298,
                45.084433
              ],
              [
                6.636576,
                45.074459
              ],
              [
                6.638127,
                45.067431
              ],
              [
                6.63699,
                45.059421
              ],
              [
                6.639677,
                45.050378
              ],
              [
                6.651666,
                45.03565
              ],
              [
                6.662208,
                45.029242
              ],
              [
                6.697245,
                45.026917
              ],
              [
                6.723496,
                45.013378
              ],
              [
                6.729904,
                44.984697
              ],
              [
                6.72794,
                44.928732
              ],
              [
                6.745407,
                44.907803
              ],
              [
                6.77817,
                44.887649
              ],
              [
                6.847106,
                44.859072
              ],
              [
                6.86602,
                44.855661
              ],
              [
                6.915319,
                44.862689
              ],
              [
                6.932682,
                44.861656
              ],
              [
                6.982808,
                44.846979
              ],
              [
                7.000792,
                44.832975
              ],
              [
                7.004926,
                44.827963
              ],
              [
                7.007096,
                44.822071
              ],
              [
                7.006786,
                44.819023
              ],
              [
                7.005856,
                44.816335
              ],
              [
                7.00596,
                44.811529
              ],
              [
                7.004099,
                44.810806
              ],
              [
                6.999138,
                44.795045
              ],
              [
                6.998415,
                44.793753
              ],
              [
                7.009784,
                44.7721
              ],
              [
                7.015158,
                44.747399
              ],
              [
                7.018982,
                44.738872
              ],
              [
                7.049368,
                44.697893
              ],
              [
                7.055155,
                44.684871
              ],
              [
                7.037275,
                44.684612
              ],
              [
                7.001205,
                44.69226
              ],
              [
                6.982808,
                44.692157
              ],
              [
                6.959864,
                44.683165
              ],
              [
                6.941467,
                44.66699
              ],
              [
                6.934336,
                44.646682
              ],
              [
                6.945601,
                44.625443
              ],
              [
                6.931649,
                44.61795
              ],
              [
                6.897336,
                44.57542
              ],
              [
                6.846383,
                44.547463
              ],
              [
                6.835737,
                44.534027
              ],
              [
                6.838838,
                44.502918
              ],
              [
                6.861266,
                44.474909
              ],
              [
                6.891651,
                44.451965
              ],
              [
                6.9178,
                44.436307
              ],
              [
                6.88421,
                44.423026
              ],
              [
                6.877182,
                44.414396
              ],
              [
                6.86881,
                44.383183
              ],
              [
                6.86633,
                44.377189
              ],
              [
                6.866123,
                44.372125
              ],
              [
                6.869844,
                44.362926
              ],
              [
                6.873978,
                44.358379
              ],
              [
                6.895992,
                44.339827
              ],
              [
                6.903847,
                44.330008
              ],
              [
                6.915629,
                44.3097
              ],
              [
                6.92121,
                44.302155
              ],
              [
                6.930202,
                44.295385
              ],
              [
                6.950046,
                44.285102
              ],
              [
                6.959244,
                44.27735
              ],
              [
                6.965549,
                44.267532
              ],
              [
                6.968856,
                44.258178
              ],
              [
                6.973403,
                44.249445
              ],
              [
                6.982808,
                44.241745
              ],
              [
                6.996141,
                44.237818
              ],
              [
                7.008027,
                44.239213
              ],
              [
                7.020016,
                44.242107
              ],
              [
                7.033451,
                44.242934
              ],
              [
                7.04606,
                44.240298
              ],
              [
                7.104868,
                44.217767
              ],
              [
                7.144969,
                44.207225
              ],
              [
                7.251319,
                44.160045
              ],
              [
                7.270129,
                44.154309
              ],
              [
                7.296174,
                44.151156
              ],
              [
                7.3093,
                44.147487
              ],
              [
                7.316225,
                44.140201
              ],
              [
                7.321599,
                44.131881
              ],
              [
                7.331004,
                44.125266
              ],
              [
                7.340616,
                44.123664
              ],
              [
                7.38082,
                44.122941
              ],
              [
                7.554763,
                44.159063
              ],
              [
                7.583599,
                44.160716
              ],
              [
                7.624733,
                44.180095
              ],
              [
                7.655636,
                44.176064
              ],
              [
                7.64189,
                44.14356
              ],
              [
                7.654085,
                44.124956
              ],
              [
                7.676203,
                44.108988
              ],
              [
                7.687943,
                44.090799
              ],
              [
                7.691912,
                44.084649
              ],
              [
                7.689949,
                44.067337
              ],
              [
                7.678787,
                44.056588
              ],
              [
                7.664317,
                44.048579
              ],
              [
                7.653362,
                44.03969
              ],
              [
                7.646954,
                44.027495
              ],
              [
                7.638686,
                44.005067
              ],
              [
                7.630934,
                43.993543
              ],
              [
                7.60861,
                43.975611
              ],
              [
                7.556934,
                43.944089
              ],
              [
                7.53678,
                43.920783
              ],
              [
                7.493475,
                43.886237
              ],
              [
                7.477869,
                43.865515
              ],
              [
                7.482726,
                43.840219
              ],
              [
                7.502289,
                43.792222
              ],
              [
                7.489106,
                43.785468
              ],
              [
                7.484874,
                43.785386
              ],
              [
                7.480724,
                43.785834
              ],
              [
                7.47641,
                43.784491
              ],
              [
                7.475759,
                43.780829
              ],
              [
                7.477306,
                43.768134
              ],
              [
                7.47641,
                43.764635
              ],
              [
                7.468435,
                43.761705
              ],
              [
                7.462657,
                43.762112
              ],
              [
                7.454345,
                43.757117
              ],
              [
                7.445974,
                43.749845
              ],
              [
                7.437454,
                43.743361
              ],
              [
                7.426246,
                43.755464
              ],
              [
                7.406969,
                43.763506
              ],
              [
                7.387538,
                43.757899
              ],
              [
                7.372655,
                43.745832
              ],
              [
                7.367263,
                43.734125
              ],
              [
                7.36575,
                43.72273
              ],
              [
                7.353184,
                43.715691
              ],
              [
                7.342296,
                43.707831
              ],
              [
                7.338064,
                43.69831
              ],
              [
                7.330533,
                43.686424
              ],
              [
                7.319002,
                43.68525
              ],
              [
                7.300904,
                43.687689
              ],
              [
                7.280253,
                43.693326
              ],
              [
                7.257273,
                43.691648
              ],
              [
                7.241675,
                43.684869
              ],
              [
                7.228509,
                43.674196
              ],
              [
                7.231814,
                43.66347
              ],
              [
                7.213805,
                43.648673
              ],
              [
                7.203791,
                43.64436
              ],
              [
                7.196677,
                43.656917
              ],
              [
                7.177651,
                43.660109
              ],
              [
                7.164595,
                43.656061
              ],
              [
                7.151622,
                43.654771
              ],
              [
                7.144216,
                43.645453
              ],
              [
                7.136567,
                43.641181
              ],
              [
                7.133067,
                43.633857
              ],
              [
                7.126154,
                43.605833
              ],
              [
                7.132091,
                43.578803
              ],
              [
                7.132579,
                43.573554
              ],
              [
                7.136242,
                43.562459
              ],
              [
                7.138916,
                43.55402
              ],
              [
                7.125511,
                43.547768
              ],
              [
                7.112941,
                43.564544
              ],
              [
                7.104324,
                43.568294
              ],
              [
                7.088427,
                43.568674
              ],
              [
                7.071052,
                43.560805
              ],
              [
                7.058108,
                43.549885
              ],
              [
                7.045078,
                43.542143
              ],
              [
                7.037202,
                43.536264
              ],
              [
                7.030634,
                43.547889
              ],
              [
                7.014468,
                43.547087
              ],
              [
                6.993819,
                43.548906
              ],
              [
                6.9756,
                43.546946
              ],
              [
                6.962087,
                43.540107
              ],
              [
                6.945203,
                43.527253
              ],
              [
                6.940888,
                43.51246
              ],
              [
                6.949555,
                43.50788
              ],
              [
                6.948985,
                43.507392
              ],
              [
                6.953805,
                43.504616
              ],
              [
                6.954299,
                43.500106
              ],
              [
                6.92508,
                43.472761
              ],
              [
                6.920372,
                43.449012
              ],
              [
                6.898242,
                43.437999
              ],
              [
                6.894028,
                43.427628
              ],
              [
                6.871072,
                43.426093
              ],
              [
                6.869672,
                43.432052
              ],
              [
                6.86656,
                43.435456
              ],
              [
                6.862957,
                43.439362
              ],
              [
                6.857988,
                43.436176
              ],
              [
                6.856098,
                43.428729
              ],
              [
                6.860136,
                43.415868
              ],
              [
                6.846672,
                43.412577
              ],
              [
                6.834826,
                43.415811
              ],
              [
                6.818843,
                43.416072
              ],
              [
                6.78305,
                43.408635
              ],
              [
                6.772974,
                43.418454
              ],
              [
                6.757086,
                43.422687
              ],
              [
                6.746501,
                43.417906
              ],
              [
                6.731146,
                43.407847
              ],
              [
                6.732824,
                43.382079
              ],
              [
                6.717784,
                43.366889
              ],
              [
                6.717838,
                43.350604
              ],
              [
                6.693931,
                43.348372
              ],
              [
                6.674571,
                43.346381
              ],
              [
                6.666026,
                43.333197
              ],
              [
                6.661306,
                43.322333
              ],
              [
                6.652029,
                43.314927
              ],
              [
                6.624629,
                43.295913
              ],
              [
                6.597243,
                43.284007
              ],
              [
                6.590892,
                43.268898
              ],
              [
                6.611672,
                43.264288
              ],
              [
                6.672358,
                43.276196
              ],
              [
                6.693374,
                43.272973
              ],
              [
                6.698022,
                43.265457
              ],
              [
                6.685395,
                43.248037
              ],
              [
                6.668356,
                43.239536
              ],
              [
                6.665403,
                43.22129
              ],
              [
                6.671978,
                43.213609
              ],
              [
                6.679801,
                43.201553
              ],
              [
                6.6604,
                43.190412
              ],
              [
                6.640391,
                43.18183
              ],
              [
                6.629161,
                43.179877
              ],
              [
                6.609874,
                43.173407
              ],
              [
                6.599457,
                43.174994
              ],
              [
                6.59547,
                43.179877
              ],
              [
                6.593272,
                43.18773
              ],
              [
                6.581276,
                43.184374
              ],
              [
                6.563718,
                43.184449
              ],
              [
                6.539912,
                43.182204
              ],
              [
                6.536427,
                43.172544
              ],
              [
                6.526714,
                43.160567
              ],
              [
                6.505683,
                43.150971
              ],
              [
                6.479163,
                43.15606
              ],
              [
                6.451332,
                43.152719
              ],
              [
                6.422018,
                43.152342
              ],
              [
                6.401679,
                43.146938
              ],
              [
                6.378541,
                43.136079
              ],
              [
                6.36608,
                43.118635
              ],
              [
                6.369878,
                43.105519
              ],
              [
                6.375371,
                43.090841
              ],
              [
                6.342258,
                43.090763
              ],
              [
                6.328868,
                43.099921
              ],
              [
                6.325694,
                43.104193
              ],
              [
                6.306202,
                43.109413
              ],
              [
                6.280374,
                43.118666
              ],
              [
                6.25347,
                43.120875
              ],
              [
                6.219702,
                43.116548
              ],
              [
                6.193198,
                43.108773
              ],
              [
                6.178664,
                43.102856
              ],
              [
                6.162934,
                43.092597
              ],
              [
                6.153168,
                43.071967
              ],
              [
                6.152768,
                43.048107
              ],
              [
                6.17133,
                43.042325
              ],
              [
                6.18542,
                43.045444
              ],
              [
                6.180072,
                43.035922
              ],
              [
                6.154462,
                43.033751
              ],
              [
                6.097694,
                43.031261
              ],
              [
                6.088517,
                43.034849
              ],
              [
                6.103031,
                43.040781
              ],
              [
                6.119254,
                43.04515
              ],
              [
                6.132066,
                43.052638
              ],
              [
                6.129088,
                43.071362
              ],
              [
                6.109662,
                43.084316
              ],
              [
                6.091933,
                43.082903
              ],
              [
                6.044523,
                43.078208
              ],
              [
                6.027008,
                43.078195
              ],
              [
                6.01652,
                43.098936
              ],
              [
                5.991732,
                43.102347
              ],
              [
                5.958652,
                43.102168
              ],
              [
                5.934093,
                43.113593
              ],
              [
                5.936534,
                43.119452
              ],
              [
                5.938243,
                43.129096
              ],
              [
                5.940929,
                43.134019
              ],
              [
                5.92449,
                43.134345
              ],
              [
                5.908539,
                43.131293
              ],
              [
                5.879405,
                43.120429
              ],
              [
                5.896251,
                43.115424
              ],
              [
                5.91061,
                43.093204
              ],
              [
                5.927252,
                43.087601
              ],
              [
                5.951379,
                43.079978
              ],
              [
                5.940288,
                43.07091
              ],
              [
                5.917208,
                43.072742
              ],
              [
                5.887956,
                43.072226
              ],
              [
                5.875336,
                43.068793
              ],
              [
                5.856605,
                43.044829
              ],
              [
                5.81896,
                43.053469
              ],
              [
                5.790242,
                43.069931
              ],
              [
                5.781873,
                43.079118
              ],
              [
                5.802896,
                43.08889
              ],
              [
                5.818085,
                43.09909
              ],
              [
                5.811465,
                43.106725
              ],
              [
                5.800564,
                43.111849
              ],
              [
                5.783407,
                43.114598
              ],
              [
                5.78084,
                43.123334
              ],
              [
                5.776127,
                43.130811
              ],
              [
                5.760558,
                43.131982
              ],
              [
                5.741012,
                43.132063
              ],
              [
                5.696299,
                43.146875
              ],
              [
                5.687673,
                43.16885
              ],
              [
                5.673919,
                43.179889
              ],
              [
                5.655221,
                43.18559
              ],
              [
                5.634213,
                43.187229
              ],
              [
                5.622903,
                43.176727
              ],
              [
                5.61242,
                43.160429
              ],
              [
                5.588262,
                43.167979
              ],
              [
                5.572706,
                43.169148
              ],
              [
                5.558974,
                43.181578
              ],
              [
                5.547246,
                43.193859
              ],
              [
                5.537836,
                43.20739
              ],
              [
                5.524952,
                43.212629
              ],
              [
                5.514336,
                43.20774
              ],
              [
                5.504176,
                43.205659
              ],
              [
                5.459833,
                43.208519
              ],
              [
                5.439754,
                43.207646
              ],
              [
                5.409515,
                43.211292
              ],
              [
                5.395311,
                43.212341
              ],
              [
                5.370337,
                43.207859
              ],
              [
                5.34698,
                43.215899
              ],
              [
                5.350597,
                43.233588
              ],
              [
                5.35377,
                43.243801
              ],
              [
                5.36085,
                43.253974
              ],
              [
                5.369151,
                43.270413
              ],
              [
                5.357343,
                43.280345
              ],
              [
                5.355968,
                43.29206
              ],
              [
                5.351817,
                43.297919
              ],
              [
                5.338883,
                43.334289
              ],
              [
                5.294173,
                43.355472
              ],
              [
                5.238279,
                43.328041
              ],
              [
                5.163237,
                43.329314
              ],
              [
                5.125174,
                43.325769
              ],
              [
                5.064795,
                43.328019
              ],
              [
                5.034022,
                43.335476
              ],
              [
                5.013936,
                43.357921
              ],
              [
                5.005572,
                43.381628
              ],
              [
                5.026134,
                43.409329
              ],
              [
                5.05714,
                43.422065
              ],
              [
                5.146169,
                43.422065
              ],
              [
                5.173839,
                43.42829
              ],
              [
                5.192882,
                43.439521
              ],
              [
                5.213552,
                43.457831
              ],
              [
                5.226329,
                43.480292
              ],
              [
                5.22283,
                43.503974
              ],
              [
                5.193614,
                43.489936
              ],
              [
                5.165538,
                43.482489
              ],
              [
                5.139985,
                43.485785
              ],
              [
                5.118419,
                43.503974
              ],
              [
                5.111501,
                43.519355
              ],
              [
                5.11085,
                43.527899
              ],
              [
                5.105724,
                43.533026
              ],
              [
                5.084972,
                43.538153
              ],
              [
                5.077403,
                43.538886
              ],
              [
                5.053722,
                43.538153
              ],
              [
                5.049571,
                43.541449
              ],
              [
                5.03533,
                43.555732
              ],
              [
                5.029145,
                43.55858
              ],
              [
                5.022309,
                43.552191
              ],
              [
                5.01588,
                43.538764
              ],
              [
                5.010997,
                43.525092
              ],
              [
                5.009288,
                43.517646
              ],
              [
                5.014659,
                43.498725
              ],
              [
                5.023692,
                43.490465
              ],
              [
                5.035818,
                43.485582
              ],
              [
                5.050304,
                43.476711
              ],
              [
                5.062266,
                43.451646
              ],
              [
                5.051117,
                43.429267
              ],
              [
                5.027599,
                43.416978
              ],
              [
                4.998466,
                43.414699
              ],
              [
                4.983084,
                43.41706
              ],
              [
                4.928477,
                43.440131
              ],
              [
                4.903168,
                43.431627
              ],
              [
                4.892589,
                43.42536
              ],
              [
                4.868175,
                43.421454
              ],
              [
                4.858409,
                43.415229
              ],
              [
                4.850271,
                43.401435
              ],
              [
                4.854991,
                43.396186
              ],
              [
                4.864891,
                43.3779
              ],
              [
                4.867532,
                43.365112
              ],
              [
                4.901005,
                43.366965
              ],
              [
                4.877189,
                43.350782
              ],
              [
                4.855778,
                43.341779
              ],
              [
                4.850823,
                43.358929
              ],
              [
                4.833263,
                43.381985
              ],
              [
                4.791759,
                43.399115
              ],
              [
                4.757823,
                43.422349
              ],
              [
                4.742442,
                43.448717
              ],
              [
                4.744965,
                43.507392
              ],
              [
                4.742442,
                43.524482
              ],
              [
                4.736176,
                43.539496
              ],
              [
                4.725841,
                43.556789
              ],
              [
                4.711925,
                43.571519
              ],
              [
                4.694591,
                43.579088
              ],
              [
                4.694591,
                43.572903
              ],
              [
                4.724376,
                43.538398
              ],
              [
                4.72877,
                43.527899
              ],
              [
                4.72877,
                43.456204
              ],
              [
                4.742524,
                43.422553
              ],
              [
                4.769705,
                43.401923
              ],
              [
                4.800059,
                43.386054
              ],
              [
                4.823019,
                43.367169
              ],
              [
                4.820279,
                43.346356
              ],
              [
                4.791247,
                43.345222
              ],
              [
                4.665886,
                43.347541
              ],
              [
                4.592336,
                43.359889
              ],
              [
                4.566289,
                43.371094
              ],
              [
                4.565544,
                43.387949
              ],
              [
                4.585704,
                43.404242
              ],
              [
                4.588044,
                43.416891
              ],
              [
                4.579594,
                43.430066
              ],
              [
                4.555208,
                43.443266
              ],
              [
                4.513031,
                43.455797
              ],
              [
                4.409419,
                43.447741
              ],
              [
                4.205903,
                43.459906
              ],
              [
                4.181651,
                43.463772
              ],
              [
                4.16033,
                43.471503
              ],
              [
                4.132823,
                43.487047
              ],
              [
                4.117198,
                43.510484
              ],
              [
                4.132823,
                43.532782
              ],
              [
                4.131196,
                43.536241
              ],
              [
                4.105317,
                43.551866
              ],
              [
                4.047455,
                43.556138
              ],
              [
                3.990896,
                43.550849
              ],
              [
                3.952973,
                43.539944
              ],
              [
                3.939301,
                43.532538
              ],
              [
                3.739919,
                43.412828
              ],
              [
                3.622162,
                43.374905
              ],
              [
                3.589692,
                43.354885
              ],
              [
                3.513357,
                43.281073
              ],
              [
                3.492361,
                43.274319
              ],
              [
                3.452403,
                43.288764
              ],
              [
                3.428396,
                43.285468
              ],
              [
                3.385427,
                43.283922
              ],
              [
                3.317719,
                43.263088
              ],
              [
                3.244314,
                43.219428
              ],
              [
                3.22755,
                43.20425
              ],
              [
                3.220958,
                43.195217
              ],
              [
                3.207286,
                43.186632
              ],
              [
                3.195893,
                43.176663
              ],
              [
                3.178722,
                43.165229
              ],
              [
                3.165945,
                43.152411
              ],
              [
                3.15447,
                43.135281
              ],
              [
                3.135997,
                43.121039
              ],
              [
                3.114024,
                43.106309
              ],
              [
                3.104177,
                43.087795
              ],
              [
                3.096039,
                43.072577
              ],
              [
                3.086029,
                43.054023
              ],
              [
                3.070404,
                43.026923
              ],
              [
                3.063243,
                43.008368
              ],
              [
                3.056082,
                42.992703
              ],
              [
                3.046153,
                42.964179
              ],
              [
                3.038992,
                42.942776
              ],
              [
                3.04184,
                42.932807
              ],
              [
                3.054698,
                42.92711
              ],
              [
                3.056082,
                42.907131
              ],
              [
                3.047537,
                42.847235
              ],
              [
                3.040457,
                42.790188
              ],
              [
                3.038992,
                42.750271
              ],
              [
                3.043305,
                42.724595
              ],
              [
                3.037608,
                42.683214
              ],
              [
                3.04184,
                42.629055
              ],
              [
                3.046153,
                42.587673
              ],
              [
                3.05185,
                42.554877
              ],
              [
                3.066091,
                42.54206
              ],
              [
                3.087494,
                42.534939
              ],
              [
                3.114594,
                42.530626
              ],
              [
                3.13738,
                42.524929
              ],
              [
                3.145925,
                42.51496
              ],
              [
                3.145925,
                42.503526
              ],
              [
                3.143077,
                42.492133
              ],
              [
                3.150238,
                42.482164
              ],
              [
                3.160248,
                42.475043
              ],
              [
                3.175873,
                42.456488
              ],
              [
                3.18157,
                42.435085
              ],
              [
                3.18097,
                42.431484
              ],
              [
                3.137824,
                42.425939
              ],
              [
                3.111675,
                42.425008
              ],
              [
                3.086147,
                42.427179
              ],
              [
                3.06558,
                42.432011
              ],
              [
                3.053591,
                42.437643
              ],
              [
                3.043876,
                42.445266
              ],
              [
                3.036021,
                42.454619
              ],
              [
                3.029613,
                42.465652
              ],
              [
                3.022998,
                42.467047
              ],
              [
                2.99375,
                42.467616
              ],
              [
                2.983104,
                42.469321
              ],
              [
                2.966051,
                42.461001
              ],
              [
                2.933702,
                42.470225
              ],
              [
                2.900835,
                42.45126
              ],
              [
                2.884092,
                42.449193
              ],
              [
                2.866936,
                42.449632
              ],
              [
                2.850813,
                42.448366
              ],
              [
                2.834793,
                42.441312
              ],
              [
                2.804614,
                42.419557
              ],
              [
                2.788594,
                42.412012
              ],
              [
                2.767717,
                42.409557
              ],
              [
                2.728546,
                42.414027
              ],
              [
                2.708082,
                42.41289
              ],
              [
                2.690409,
                42.406172
              ],
              [
                2.648241,
                42.381471
              ],
              [
                2.640283,
                42.372841
              ],
              [
                2.649378,
                42.353721
              ],
              [
                2.66178,
                42.34336
              ],
              [
                2.662194,
                42.339019
              ],
              [
                2.635425,
                42.337882
              ],
              [
                2.613411,
                42.340957
              ],
              [
                2.567419,
                42.352636
              ],
              [
                2.548092,
                42.352248
              ],
              [
                2.540341,
                42.346977
              ],
              [
                2.531969,
                42.330776
              ],
              [
                2.525251,
                42.325893
              ],
              [
                2.514812,
                42.325661
              ],
              [
                2.50365,
                42.328451
              ],
              [
                2.483393,
                42.336978
              ],
              [
                2.464893,
                42.340621
              ],
              [
                2.445566,
                42.351964
              ],
              [
                2.429856,
                42.367544
              ],
              [
                2.422518,
                42.383693
              ],
              [
                2.406602,
                42.384262
              ],
              [
                2.375493,
                42.389326
              ],
              [
                2.317305,
                42.409609
              ],
              [
                2.305316,
                42.416973
              ],
              [
                2.277411,
                42.428626
              ],
              [
                2.245992,
                42.426119
              ],
              [
                2.184187,
                42.411805
              ],
              [
                2.136954,
                42.416223
              ],
              [
                2.121038,
                42.410617
              ],
              [
                2.116284,
                42.405397
              ],
              [
                2.108739,
                42.390644
              ],
              [
                2.103985,
                42.38483
              ],
              [
                2.08011,
                42.371265
              ],
              [
                2.063264,
                42.357907
              ],
              [
                2.051688,
                42.352351
              ],
              [
                2.035255,
                42.349251
              ],
              [
                2.00921,
                42.34708
              ],
              [
                1.995671,
                42.348682
              ],
              [
                1.983372,
                42.354548
              ],
              [
                1.963735,
                42.367234
              ],
              [
                1.954227,
                42.382685
              ],
              [
                1.941101,
                42.420099
              ],
              [
                1.927458,
                42.436894
              ],
              [
                1.911955,
                42.441958
              ],
              [
                1.893248,
                42.442733
              ],
              [
                1.869787,
                42.44679
              ],
              [
                1.813667,
                42.475238
              ],
              [
                1.792686,
                42.481723
              ],
              [
                1.730571,
                42.488054
              ],
              [
                1.712174,
                42.493712
              ],
              [
                1.712691,
                42.496787
              ],
              [
                1.711967,
                42.499293
              ],
              [
                1.710004,
                42.501335
              ],
              [
                1.707006,
                42.502781
              ],
              [
                1.710624,
                42.527741
              ],
              [
                1.721683,
                42.548515
              ],
              [
                1.739976,
                42.561641
              ],
              [
                1.765091,
                42.563372
              ],
              [
                1.761107,
                42.567646
              ],
              [
                1.752688,
                42.576679
              ],
              [
                1.729434,
                42.582001
              ],
              [
                1.713311,
                42.589546
              ],
              [
                1.721993,
                42.609855
              ],
              [
                1.608304,
                42.618123
              ],
              [
                1.597349,
                42.621921
              ],
              [
                1.543089,
                42.649362
              ],
              [
                1.527793,
                42.648535
              ],
              [
                1.49844,
                42.640241
              ],
              [
                1.466814,
                42.641455
              ],
              [
                1.451415,
                42.602052
              ],
              [
                1.429297,
                42.595386
              ],
              [
                1.414828,
                42.609338
              ],
              [
                1.397981,
                42.643626
              ],
              [
                1.378758,
                42.663237
              ],
              [
                1.361084,
                42.686724
              ],
              [
                1.352713,
                42.690057
              ],
              [
                1.343308,
                42.690444
              ],
              [
                1.338243,
                42.694449
              ],
              [
                1.342584,
                42.70866
              ],
              [
                1.319123,
                42.713363
              ],
              [
                1.195927,
                42.713647
              ],
              [
                1.162544,
                42.705689
              ],
              [
                1.151485,
                42.706723
              ],
              [
                1.134328,
                42.715973
              ],
              [
                1.124096,
                42.729744
              ],
              [
                1.116552,
                42.745247
              ],
              [
                1.106733,
                42.759613
              ],
              [
                1.08906,
                42.771318
              ],
              [
                1.068182,
                42.776124
              ],
              [
                0.982916,
                42.780361
              ],
              [
                0.975268,
                42.783746
              ],
              [
                0.958732,
                42.79372
              ],
              [
                0.950257,
                42.796123
              ],
              [
                0.940025,
                42.793668
              ],
              [
                0.93062,
                42.788035
              ],
              [
                0.921111,
                42.784366
              ],
              [
                0.910363,
                42.787674
              ],
              [
                0.894446,
                42.799327
              ],
              [
                0.885765,
                42.804236
              ],
              [
                0.856102,
                42.812763
              ],
              [
                0.812901,
                42.831624
              ],
              [
                0.795744,
                42.833847
              ],
              [
                0.776314,
                42.832451
              ],
              [
                0.758847,
                42.835268
              ],
              [
                0.724327,
                42.845293
              ],
              [
                0.706757,
                42.846585
              ],
              [
                0.679369,
                42.845112
              ],
              [
                0.656321,
                42.83842
              ],
              [
                0.651567,
                42.824054
              ],
              [
                0.653737,
                42.802686
              ],
              [
                0.639681,
                42.774677
              ],
              [
                0.65074,
                42.763386
              ],
              [
                0.643299,
                42.759071
              ],
              [
                0.639578,
                42.754833
              ],
              [
                0.63348,
                42.744782
              ],
              [
                0.64764,
                42.741036
              ],
              [
                0.659629,
                42.729899
              ],
              [
                0.66645,
                42.714758
              ],
              [
                0.665416,
                42.698661
              ],
              [
                0.663426,
                42.696214
              ],
              [
                0.656735,
                42.68799
              ],
              [
                0.643609,
                42.684476
              ],
              [
                0.608159,
                42.68799
              ],
              [
                0.483515,
                42.685303
              ],
              [
                0.466927,
                42.690444
              ],
              [
                0.42879,
                42.683029
              ],
              [
                0.409282,
                42.682254
              ],
              [
                0.389283,
                42.685148
              ],
              [
                0.3844,
                42.688584
              ],
              [
                0.383676,
                42.692692
              ],
              [
                0.384012,
                42.696852
              ],
              [
                0.381816,
                42.700108
              ],
              [
                0.354169,
                42.717497
              ],
              [
                0.336031,
                42.712691
              ],
              [
                0.318306,
                42.699539
              ],
              [
                0.290245,
                42.670291
              ],
              [
                0.275388,
                42.668689
              ],
              [
                0.259808,
                42.682383
              ],
              [
                0.238362,
                42.710366
              ],
              [
                0.222394,
                42.716205
              ],
              [
                0.169168,
                42.726463
              ],
              [
                0.152941,
                42.724603
              ],
              [
                0.134183,
                42.715223
              ],
              [
                0.072843,
                42.70848
              ],
              [
                -0.00431,
                42.687525
              ],
              [
                -0.038933,
                42.685148
              ],
              [
                -0.078414,
                42.696671
              ],
              [
                -0.084202,
                42.70109
              ],
              [
                -0.088853,
                42.706128
              ],
              [
                -0.095752,
                42.710676
              ],
              [
                -0.10849,
                42.713363
              ],
              [
                -0.119032,
                42.716851
              ],
              [
                -0.121822,
                42.723311
              ],
              [
                -0.123114,
                42.730364
              ],
              [
                -0.129238,
                42.735894
              ],
              [
                -0.145723,
                42.745893
              ],
              [
                -0.157789,
                42.760699
              ],
              [
                -0.163629,
                42.777984
              ],
              [
                -0.161407,
                42.795348
              ],
              [
                -0.17939,
                42.789741
              ],
              [
                -0.208355,
                42.783875
              ],
              [
                -0.235149,
                42.786227
              ],
              [
                -0.247034,
                42.80483
              ],
              [
                -0.305135,
                42.83081
              ],
              [
                -0.307418,
                42.831831
              ],
              [
                -0.322792,
                42.842502
              ],
              [
                -0.328244,
                42.83258
              ],
              [
                -0.335169,
                42.824958
              ],
              [
                -0.342998,
                42.822736
              ],
              [
                -0.351679,
                42.829247
              ],
              [
                -0.399738,
                42.801316
              ],
              [
                -0.423923,
                42.790671
              ],
              [
                -0.454464,
                42.788914
              ],
              [
                -0.508414,
                42.807492
              ],
              [
                -0.53389,
                42.808008
              ],
              [
                -0.535647,
                42.784211
              ],
              [
                -0.544432,
                42.782015
              ],
              [
                -0.561175,
                42.77354
              ],
              [
                -0.56903,
                42.772636
              ],
              [
                -0.578694,
                42.777338
              ],
              [
                -0.578539,
                42.783307
              ],
              [
                -0.577144,
                42.789792
              ],
              [
                -0.582931,
                42.795839
              ],
              [
                -0.587324,
                42.796846
              ],
              [
                -0.60355,
                42.796846
              ],
              [
                -0.610165,
                42.799094
              ],
              [
                -0.609958,
                42.802841
              ],
              [
                -0.608046,
                42.807181
              ],
              [
                -0.609493,
                42.811445
              ],
              [
                -0.648302,
                42.849789
              ],
              [
                -0.666079,
                42.860744
              ],
              [
                -0.700392,
                42.876428
              ],
              [
                -0.71052,
                42.877668
              ],
              [
                -0.720287,
                42.876609
              ],
              [
                -0.730106,
                42.877513
              ],
              [
                -0.740286,
                42.884799
              ],
              [
                -0.745867,
                42.89392
              ],
              [
                -0.744782,
                42.899295
              ],
              [
                -0.741423,
                42.903894
              ],
              [
                -0.740906,
                42.910896
              ],
              [
                -0.745032,
                42.918727
              ],
              [
                -0.759665,
                42.946501
              ],
              [
                -0.786433,
                42.953271
              ],
              [
                -0.863534,
                42.943065
              ],
              [
                -0.943219,
                42.947896
              ],
              [
                -0.98146,
                42.957043
              ],
              [
                -1.01629,
                42.976241
              ],
              [
                -1.028485,
                42.986705
              ],
              [
                -1.045074,
                42.990219
              ],
              [
                -1.079697,
                42.993398
              ],
              [
                -1.08719,
                42.997997
              ],
              [
                -1.103726,
                43.005748
              ],
              [
                -1.112408,
                43.008254
              ],
              [
                -1.149925,
                43.005722
              ],
              [
                -1.182533,
                43.025282
              ],
              [
                -1.216898,
                43.03926
              ],
              [
                -1.274879,
                43.046831
              ],
              [
                -1.293689,
                43.055203
              ],
              [
                -1.310587,
                43.069491
              ],
              [
                -1.315083,
                43.082875
              ],
              [
                -1.30697,
                43.095975
              ],
              [
                -1.286041,
                43.109179
              ],
              [
                -1.308623,
                43.113571
              ],
              [
                -1.331051,
                43.107344
              ],
              [
                -1.348259,
                43.093081
              ],
              [
                -1.355184,
                43.073031
              ],
              [
                -1.357613,
                43.046831
              ],
              [
                -1.366139,
                43.033318
              ],
              [
                -1.383141,
                43.029209
              ],
              [
                -1.410529,
                43.030915
              ],
              [
                -1.435024,
                43.035721
              ],
              [
                -1.457141,
                43.045074
              ],
              [
                -1.47528,
                43.060138
              ],
              [
                -1.487837,
                43.081816
              ],
              [
                -1.479621,
                43.090265
              ],
              [
                -1.438435,
                43.122795
              ],
              [
                -1.425774,
                43.135275
              ],
              [
                -1.410529,
                43.166901
              ],
              [
                -1.399677,
                43.206744
              ],
              [
                -1.403501,
                43.243331
              ],
              [
                -1.432233,
                43.265009
              ],
              [
                -1.444222,
                43.265112
              ],
              [
                -1.455281,
                43.262218
              ],
              [
                -1.466392,
                43.260771
              ],
              [
                -1.508094,
                43.276765
              ],
              [
                -1.539204,
                43.283561
              ],
              [
                -1.559047,
                43.284077
              ],
              [
                -1.573982,
                43.277437
              ],
              [
                -1.581888,
                43.260358
              ],
              [
                -1.587573,
                43.251599
              ],
              [
                -1.598477,
                43.247
              ],
              [
                -1.611086,
                43.245811
              ],
              [
                -1.621886,
                43.247
              ],
              [
                -1.634082,
                43.251108
              ],
              [
                -1.639043,
                43.255681
              ],
              [
                -1.646329,
                43.272786
              ],
              [
                -1.647983,
                43.281545
              ],
              [
                -1.645192,
                43.287643
              ],
              [
                -1.645037,
                43.292372
              ],
              [
                -1.654907,
                43.297539
              ],
              [
                -1.673872,
                43.304154
              ],
              [
                -1.683019,
                43.304929
              ],
              [
                -1.703328,
                43.298624
              ],
              [
                -1.724825,
                43.296531
              ],
              [
                -1.736556,
                43.29232
              ],
              [
                -1.747356,
                43.291002
              ],
              [
                -1.74973,
                43.294793
              ],
              [
                -1.752421,
                43.299089
              ],
              [
                -1.75578,
                43.318546
              ],
              [
                -1.768234,
                43.330922
              ],
              [
                -1.796914,
                43.341128
              ],
              [
                -1.797172,
                43.353324
              ],
              [
                -1.796449,
                43.374382
              ],
              [
                -1.794075,
                43.386015
              ],
              [
                -1.791371,
                43.384589
              ],
              [
                -1.790761,
                43.384263
              ],
              [
                -1.775502,
                43.376166
              ],
              [
                -1.767974,
                43.383612
              ],
              [
                -1.749623,
                43.389228
              ],
              [
                -1.661,
                43.399685
              ],
              [
                -1.637807,
                43.423774
              ],
              [
                -1.615468,
                43.432563
              ],
              [
                -1.59675,
                43.442532
              ],
              [
                -1.588043,
                43.451158
              ],
              [
                -1.566396,
                43.482164
              ],
              [
                -1.562082,
                43.493394
              ],
              [
                -1.553334,
                43.50137
              ],
              [
                -1.513987,
                43.538642
              ],
              [
                -1.506337,
                43.550116
              ],
              [
                -1.476877,
                43.580064
              ],
              [
                -1.470041,
                43.611518
              ],
              [
                -1.445953,
                43.668443
              ],
              [
                -1.404937,
                43.832343
              ],
              [
                -1.381174,
                43.889594
              ],
              [
                -1.346099,
                44.019192
              ],
              [
                -1.281565,
                44.302191
              ],
              [
                -1.25414,
                44.44245
              ],
              [
                -1.247304,
                44.504543
              ],
              [
                -1.249745,
                44.519232
              ],
              [
                -1.25829,
                44.547553
              ],
              [
                -1.257232,
                44.556057
              ],
              [
                -1.230784,
                44.583564
              ],
              [
                -1.226877,
                44.589911
              ],
              [
                -1.224192,
                44.601996
              ],
              [
                -1.206288,
                44.647895
              ],
              [
                -1.186513,
                44.665473
              ],
              [
                -1.161448,
                44.666164
              ],
              [
                -1.100209,
                44.655341
              ],
              [
                -1.065012,
                44.659125
              ],
              [
                -1.044749,
                44.66942
              ],
              [
                -1.044423,
                44.684638
              ],
              [
                -1.069163,
                44.703192
              ],
              [
                -1.055491,
                44.703192
              ],
              [
                -1.065297,
                44.717475
              ],
              [
                -1.140859,
                44.768134
              ],
              [
                -1.151723,
                44.77143
              ],
              [
                -1.156402,
                44.773424
              ],
              [
                -1.160634,
                44.776516
              ],
              [
                -1.165354,
                44.778713
              ],
              [
                -1.172231,
                44.778266
              ],
              [
                -1.176503,
                44.775214
              ],
              [
                -1.178456,
                44.770901
              ],
              [
                -1.179758,
                44.766913
              ],
              [
                -1.182118,
                44.765204
              ],
              [
                -1.188588,
                44.755845
              ],
              [
                -1.233632,
                44.706855
              ],
              [
                -1.244944,
                44.662746
              ],
              [
                -1.253814,
                44.638658
              ],
              [
                -1.260365,
                44.627427
              ],
              [
                -1.199452,
                45.120836
              ],
              [
                -1.157867,
                45.27912
              ],
              [
                -1.139963,
                45.490058
              ],
              [
                -1.133697,
                45.504828
              ],
              [
                -1.099599,
                45.553534
              ],
              [
                -1.085276,
                45.569037
              ],
              [
                -1.069163,
                45.57331
              ],
              [
                -1.058583,
                45.569648
              ],
              [
                -1.056223,
                45.565131
              ],
              [
                -1.056752,
                45.557603
              ],
              [
                -1.057362,
                45.546332
              ],
              [
                -1.06017,
                45.543036
              ],
              [
                -1.062327,
                45.537746
              ],
              [
                -1.062327,
                45.532416
              ],
              [
                -1.059234,
                45.527045
              ],
              [
                -1.048695,
                45.515041
              ],
              [
                -1.039947,
                45.50727
              ],
              [
                -0.972971,
                45.470526
              ],
              [
                -0.930776,
                45.453803
              ],
              [
                -0.915273,
                45.450426
              ],
              [
                -0.794179,
                45.355414
              ],
              [
                -0.766184,
                45.326077
              ],
              [
                -0.754506,
                45.295885
              ],
              [
                -0.751943,
                45.275946
              ],
              [
                -0.738678,
                45.238715
              ],
              [
                -0.720041,
                45.145941
              ],
              [
                -0.715972,
                45.134508
              ],
              [
                -0.6822,
                45.076483
              ],
              [
                -0.648183,
                45.044908
              ],
              [
                -0.609853,
                45.018459
              ],
              [
                -0.577789,
                45.005072
              ],
              [
                -0.568959,
                44.997992
              ],
              [
                -0.560699,
                44.985419
              ],
              [
                -0.559193,
                44.976142
              ],
              [
                -0.562082,
                44.96015
              ],
              [
                -0.560862,
                44.939276
              ],
              [
                -0.556508,
                44.918524
              ],
              [
                -0.548166,
                44.902289
              ],
              [
                -0.534657,
                44.894965
              ],
              [
                -0.538645,
                44.908759
              ],
              [
                -0.542388,
                44.937201
              ],
              [
                -0.548451,
                44.94953
              ],
              [
                -0.538971,
                44.976508
              ],
              [
                -0.550364,
                44.998196
              ],
              [
                -0.572581,
                45.014309
              ],
              [
                -0.596181,
                45.024644
              ],
              [
                -0.565297,
                45.023586
              ],
              [
                -0.539418,
                45.019517
              ],
              [
                -0.516428,
                45.011379
              ],
              [
                -0.493764,
                44.997992
              ],
              [
                -0.518951,
                45.029446
              ],
              [
                -0.558746,
                45.043443
              ],
              [
                -0.602162,
                45.053453
              ],
              [
                -0.637766,
                45.073065
              ],
              [
                -0.655995,
                45.099107
              ],
              [
                -0.668691,
                45.130805
              ],
              [
                -0.706654,
                45.322414
              ],
              [
                -0.719716,
                45.36107
              ],
              [
                -0.753041,
                45.424058
              ],
              [
                -0.773101,
                45.452094
              ],
              [
                -0.795481,
                45.477118
              ],
              [
                -0.841786,
                45.514553
              ],
              [
                -0.98351,
                45.586982
              ],
              [
                -0.986887,
                45.591254
              ],
              [
                -0.990875,
                45.610053
              ],
              [
                -0.997222,
                45.614325
              ],
              [
                -1.030263,
                45.62287
              ],
              [
                -1.083811,
                45.660386
              ],
              [
                -1.113922,
                45.668931
              ],
              [
                -1.132802,
                45.671698
              ],
              [
                -1.149322,
                45.6789
              ],
              [
                -1.163442,
                45.688951
              ],
              [
                -1.175608,
                45.700263
              ],
              [
                -1.194203,
                45.710191
              ],
              [
                -1.22936,
                45.704779
              ],
              [
                -1.247304,
                45.709906
              ],
              [
                -1.230133,
                45.779608
              ],
              [
                -1.230295,
                45.792426
              ],
              [
                -1.163808,
                45.806708
              ],
              [
                -1.144276,
                45.806098
              ],
              [
                -1.080556,
                45.753404
              ],
              [
                -1.069163,
                45.748114
              ],
              [
                -1.05724,
                45.74022
              ],
              [
                -0.987172,
                45.717353
              ],
              [
                -1.009633,
                45.735175
              ],
              [
                -1.099477,
                45.786038
              ],
              [
                -1.125356,
                45.807685
              ],
              [
                -1.130686,
                45.816718
              ],
              [
                -1.132151,
                45.828315
              ],
              [
                -1.136586,
                45.843248
              ],
              [
                -1.143219,
                45.857733
              ],
              [
                -1.151723,
                45.86815
              ],
              [
                -1.140614,
                45.872301
              ],
              [
                -1.133656,
                45.878241
              ],
              [
                -1.128529,
                45.884223
              ],
              [
                -1.123769,
                45.888658
              ],
              [
                -1.112538,
                45.895657
              ],
              [
                -1.097035,
                45.902289
              ],
              [
                -1.087758,
                45.903225
              ],
              [
                -1.079742,
                45.902004
              ],
              [
                -1.073354,
                45.904364
              ],
              [
                -1.069163,
                45.915961
              ],
              [
                -1.070424,
                45.926337
              ],
              [
                -1.076324,
                45.936713
              ],
              [
                -1.083485,
                45.94538
              ],
              [
                -1.089752,
                45.950751
              ],
              [
                -1.084218,
                45.953925
              ],
              [
                -1.074208,
                45.961575
              ],
              [
                -1.069163,
                45.964342
              ],
              [
                -1.085561,
                45.971991
              ],
              [
                -1.096588,
                45.985419
              ],
              [
                -1.110748,
                46.018378
              ],
              [
                -1.089752,
                46.008205
              ],
              [
                -1.072987,
                46.007473
              ],
              [
                -1.059722,
                46.015774
              ],
              [
                -1.048695,
                46.03266
              ],
              [
                -1.048695,
                46.038804
              ],
              [
                -1.052887,
                46.04328
              ],
              [
                -1.058583,
                46.047919
              ],
              [
                -1.065175,
                46.051581
              ],
              [
                -1.084218,
                46.056545
              ],
              [
                -1.087758,
                46.064683
              ],
              [
                -1.088735,
                46.074774
              ],
              [
                -1.096018,
                46.088365
              ],
              [
                -1.095693,
                46.097724
              ],
              [
                -1.097035,
                46.101549
              ],
              [
                -1.100738,
                46.103095
              ],
              [
                -1.113596,
                46.106147
              ],
              [
                -1.117014,
                46.107815
              ],
              [
                -1.122955,
                46.112494
              ],
              [
                -1.129018,
                46.11579
              ],
              [
                -1.128896,
                46.120063
              ],
              [
                -1.117014,
                46.128241
              ],
              [
                -1.14037,
                46.14057
              ],
              [
                -1.14802,
                46.141913
              ],
              [
                -1.152089,
                46.143866
              ],
              [
                -1.151845,
                46.148424
              ],
              [
                -1.150543,
                46.153266
              ],
              [
                -1.151723,
                46.156195
              ],
              [
                -1.157094,
                46.156968
              ],
              [
                -1.172231,
                46.156195
              ],
              [
                -1.182607,
                46.158393
              ],
              [
                -1.19164,
                46.157945
              ],
              [
                -1.200185,
                46.159125
              ],
              [
                -1.209706,
                46.166164
              ],
              [
                -1.210805,
                46.174547
              ],
              [
                -1.204416,
                46.184312
              ],
              [
                -1.194488,
                46.192776
              ],
              [
                -1.18517,
                46.19717
              ],
              [
                -1.190541,
                46.216295
              ],
              [
                -1.179596,
                46.229478
              ],
              [
                -1.110748,
                46.259223
              ],
              [
                -1.102651,
                46.271959
              ],
              [
                -1.103505,
                46.280015
              ],
              [
                -1.108022,
                46.28852
              ],
              [
                -1.110748,
                46.30268
              ],
              [
                -1.132476,
                46.324123
              ],
              [
                -1.177235,
                46.326158
              ],
              [
                -1.214345,
                46.310696
              ],
              [
                -1.213206,
                46.27912
              ],
              [
                -1.240102,
                46.284247
              ],
              [
                -1.259185,
                46.300442
              ],
              [
                -1.277415,
                46.319525
              ],
              [
                -1.293365,
                46.322659
              ],
              [
                -1.303456,
                46.323879
              ],
              [
                -1.334218,
                46.336737
              ],
              [
                -1.356842,
                46.350328
              ],
              [
                -1.370229,
                46.354193
              ],
              [
                -1.423329,
                46.342475
              ],
              [
                -1.44872,
                46.343411
              ],
              [
                -1.459584,
                46.364732
              ],
              [
                -1.465484,
                46.38996
              ],
              [
                -1.481435,
                46.408189
              ],
              [
                -1.504465,
                46.419338
              ],
              [
                -1.53189,
                46.423082
              ],
              [
                -1.598785,
                46.425035
              ],
              [
                -1.62564,
                46.431138
              ],
              [
                -1.617177,
                46.443549
              ],
              [
                -1.633453,
                46.454291
              ],
              [
                -1.686757,
                46.460883
              ],
              [
                -1.720286,
                46.481269
              ],
              [
                -1.748606,
                46.486558
              ],
              [
                -1.761138,
                46.492011
              ],
              [
                -1.768422,
                46.50023
              ],
              [
                -1.779652,
                46.522121
              ],
              [
                -1.789174,
                46.532945
              ],
              [
                -1.788889,
                46.520453
              ],
              [
                -1.78307,
                46.504136
              ],
              [
                -1.781728,
                46.495429
              ],
              [
                -1.786,
                46.490953
              ],
              [
                -1.7954,
                46.494534
              ],
              [
                -1.804799,
                46.503607
              ],
              [
                -1.827056,
                46.576972
              ],
              [
                -1.822662,
                46.594387
              ],
              [
                -1.838694,
                46.599066
              ],
              [
                -1.846588,
                46.610256
              ],
              [
                -1.851226,
                46.623725
              ],
              [
                -1.857411,
                46.635321
              ],
              [
                -1.872426,
                46.647406
              ],
              [
                -1.887807,
                46.656562
              ],
              [
                -1.89977,
                46.666246
              ],
              [
                -1.909901,
                46.691799
              ],
              [
                -1.923166,
                46.699164
              ],
              [
                -1.940012,
                46.70307
              ],
              [
                -1.956451,
                46.704291
              ],
              [
                -1.964996,
                46.710395
              ],
              [
                -1.994618,
                46.752021
              ],
              [
                -2.050282,
                46.79206
              ],
              [
                -2.081288,
                46.807359
              ],
              [
                -2.107167,
                46.813463
              ],
              [
                -2.118764,
                46.819973
              ],
              [
                -2.126088,
                46.835598
              ],
              [
                -2.130035,
                46.854682
              ],
              [
                -2.131256,
                46.871812
              ],
              [
                -2.128774,
                46.893459
              ],
              [
                -2.121978,
                46.903713
              ],
              [
                -2.096344,
                46.91649
              ],
              [
                -2.102162,
                46.93065
              ],
              [
                -2.087473,
                46.94123
              ],
              [
                -2.049224,
                46.957465
              ],
              [
                -2.037017,
                46.972561
              ],
              [
                -2.020172,
                47.008612
              ],
              [
                -2.00829,
                47.026353
              ],
              [
                -1.990712,
                47.035386
              ],
              [
                -1.992584,
                47.052314
              ],
              [
                -2.003774,
                47.070014
              ],
              [
                -2.014556,
                47.08161
              ],
              [
                -2.030019,
                47.092108
              ],
              [
                -2.090159,
                47.11518
              ],
              [
                -2.205474,
                47.129096
              ],
              [
                -2.241119,
                47.142483
              ],
              [
                -2.227854,
                47.148627
              ],
              [
                -2.21703,
                47.155504
              ],
              [
                -2.205393,
                47.1612
              ],
              [
                -2.172841,
                47.164374
              ],
              [
                -2.165191,
                47.167873
              ],
              [
                -2.162099,
                47.176011
              ],
              [
                -2.159088,
                47.190863
              ],
              [
                -2.158681,
                47.204495
              ],
              [
                -2.169301,
                47.22016
              ],
              [
                -2.172109,
                47.235256
              ],
              [
                -2.170888,
                47.246324
              ],
              [
                -2.166982,
                47.259223
              ],
              [
                -2.160553,
                47.271186
              ],
              [
                -2.151682,
                47.27969
              ],
              [
                -2.127675,
                47.286811
              ],
              [
                -2.035634,
                47.29328
              ],
              [
                -2.028717,
                47.296942
              ],
              [
                -2.021962,
                47.299262
              ],
              [
                -2.014556,
                47.300116
              ],
              [
                -2.006581,
                47.29328
              ],
              [
                -1.999135,
                47.28856
              ],
              [
                -1.947865,
                47.279364
              ],
              [
                -1.932485,
                47.27969
              ],
              [
                -1.939361,
                47.286444
              ],
              [
                -1.927805,
                47.286322
              ],
              [
                -1.917063,
                47.284166
              ],
              [
                -1.907338,
                47.279934
              ],
              [
                -1.898427,
                47.273424
              ],
              [
                -1.918853,
                47.273424
              ],
              [
                -1.918853,
                47.266018
              ],
              [
                -1.877838,
                47.24551
              ],
              [
                -1.836252,
                47.239936
              ],
              [
                -1.82608,
                47.235256
              ],
              [
                -1.803944,
                47.21898
              ],
              [
                -1.780995,
                47.211982
              ],
              [
                -1.72704,
                47.210761
              ],
              [
                -1.747222,
                47.219916
              ],
              [
                -1.788238,
                47.225572
              ],
              [
                -1.805653,
                47.235256
              ],
              [
                -1.835927,
                47.259752
              ],
              [
                -1.871165,
                47.27969
              ],
              [
                -1.905629,
                47.293931
              ],
              [
                -1.925689,
                47.298489
              ],
              [
                -1.94929,
                47.300116
              ],
              [
                -1.95816,
                47.302395
              ],
              [
                -1.972157,
                47.312161
              ],
              [
                -2.010121,
                47.319729
              ],
              [
                -2.148101,
                47.313218
              ],
              [
                -2.179555,
                47.300116
              ],
              [
                -2.186594,
                47.292711
              ],
              [
                -2.190582,
                47.2862
              ],
              [
                -2.195953,
                47.279934
              ],
              [
                -2.206288,
                47.273424
              ],
              [
                -2.236073,
                47.267483
              ],
              [
                -2.259429,
                47.251614
              ],
              [
                -2.278391,
                47.246405
              ],
              [
                -2.298085,
                47.246649
              ],
              [
                -2.31607,
                47.251654
              ],
              [
                -2.330963,
                47.26081
              ],
              [
                -2.355336,
                47.280097
              ],
              [
                -2.371409,
                47.286444
              ],
              [
                -2.388092,
                47.287909
              ],
              [
                -2.39745,
                47.287584
              ],
              [
                -2.404897,
                47.286444
              ],
              [
                -2.412831,
                47.281724
              ],
              [
                -2.416575,
                47.27497
              ],
              [
                -2.418121,
                47.268866
              ],
              [
                -2.419179,
                47.266018
              ],
              [
                -2.448394,
                47.266588
              ],
              [
                -2.541982,
                47.300116
              ],
              [
                -2.541982,
                47.306952
              ],
              [
                -2.519032,
                47.304633
              ],
              [
                -2.476064,
                47.290676
              ],
              [
                -2.453359,
                47.29328
              ],
              [
                -2.436187,
                47.307034
              ],
              [
                -2.445383,
                47.32038
              ],
              [
                -2.465443,
                47.333808
              ],
              [
                -2.480621,
                47.347886
              ],
              [
                -2.487945,
                47.345404
              ],
              [
                -2.491282,
                47.343899
              ],
              [
                -2.494252,
                47.341742
              ],
              [
                -2.489369,
                47.334418
              ],
              [
                -2.488922,
                47.33039
              ],
              [
                -2.494252,
                47.320624
              ],
              [
                -2.501698,
                47.320624
              ],
              [
                -2.503326,
                47.349595
              ],
              [
                -2.514801,
                47.364936
              ],
              [
                -2.556386,
                47.383246
              ],
              [
                -2.476796,
                47.415676
              ],
              [
                -2.466135,
                47.415229
              ],
              [
                -2.4558,
                47.412177
              ],
              [
                -2.439036,
                47.40998
              ],
              [
                -2.441029,
                47.404446
              ],
              [
                -2.442209,
                47.404364
              ],
              [
                -2.446401,
                47.402533
              ],
              [
                -2.439036,
                47.396308
              ],
              [
                -2.429433,
                47.403876
              ],
              [
                -2.395009,
                47.416978
              ],
              [
                -2.391835,
                47.423651
              ],
              [
                -2.407135,
                47.425727
              ],
              [
                -2.431752,
                47.426174
              ],
              [
                -2.44815,
                47.430609
              ],
              [
                -2.439036,
                47.44477
              ],
              [
                -2.455312,
                47.452216
              ],
              [
                -2.476186,
                47.453762
              ],
              [
                -2.488922,
                47.459174
              ],
              [
                -2.480621,
                47.478217
              ],
              [
                -2.49474,
                47.491197
              ],
              [
                -2.483632,
                47.497952
              ],
              [
                -2.421213,
                47.50023
              ],
              [
                -2.384674,
                47.507148
              ],
              [
                -2.363922,
                47.506171
              ],
              [
                -2.380116,
                47.509223
              ],
              [
                -2.407053,
                47.506049
              ],
              [
                -2.425364,
                47.506171
              ],
              [
                -2.501698,
                47.526679
              ],
              [
                -2.517486,
                47.528388
              ],
              [
                -2.530507,
                47.527248
              ],
              [
                -2.563222,
                47.519843
              ],
              [
                -2.600697,
                47.519843
              ],
              [
                -2.609853,
                47.517727
              ],
              [
                -2.61559,
                47.514146
              ],
              [
                -2.621693,
                47.513414
              ],
              [
                -2.631988,
                47.519843
              ],
              [
                -2.616933,
                47.521715
              ],
              [
                -2.599355,
                47.52912
              ],
              [
                -2.584462,
                47.540473
              ],
              [
                -2.576812,
                47.553941
              ],
              [
                -2.592275,
                47.543647
              ],
              [
                -2.606435,
                47.54206
              ],
              [
                -2.621205,
                47.543036
              ],
              [
                -2.638254,
                47.540269
              ],
              [
                -2.630116,
                47.53913
              ],
              [
                -2.623931,
                47.537177
              ],
              [
                -2.619944,
                47.533393
              ],
              [
                -2.617787,
                47.526679
              ],
              [
                -2.643056,
                47.526435
              ],
              [
                -2.654775,
                47.528306
              ],
              [
                -2.665517,
                47.533515
              ],
              [
                -2.667104,
                47.509589
              ],
              [
                -2.680735,
                47.504218
              ],
              [
                -2.714019,
                47.512397
              ],
              [
                -2.730702,
                47.511623
              ],
              [
                -2.782786,
                47.499416
              ],
              [
                -2.802154,
                47.498114
              ],
              [
                -2.817128,
                47.499213
              ],
              [
                -2.83019,
                47.503607
              ],
              [
                -2.843658,
                47.512397
              ],
              [
                -2.845693,
                47.516181
              ],
              [
                -2.861073,
                47.535834
              ],
              [
                -2.864817,
                47.536851
              ],
              [
                -2.868967,
                47.542182
              ],
              [
                -2.878529,
                47.545315
              ],
              [
                -2.889882,
                47.546617
              ],
              [
                -2.892934,
                47.547675
              ],
              [
                -2.89151,
                47.549058
              ],
              [
                -2.892079,
                47.553941
              ],
              [
                -2.90925,
                47.558417
              ],
              [
                -2.892568,
                47.566596
              ],
              [
                -2.865305,
                47.566636
              ],
              [
                -2.850575,
                47.546536
              ],
              [
                -2.843658,
                47.546536
              ],
              [
                -2.838124,
                47.551825
              ],
              [
                -2.832428,
                47.554023
              ],
              [
                -2.825429,
                47.552476
              ],
              [
                -2.816396,
                47.546536
              ],
              [
                -2.815297,
                47.552965
              ],
              [
                -2.80956,
                47.567613
              ],
              [
                -2.794016,
                47.555121
              ],
              [
                -2.768666,
                47.549547
              ],
              [
                -2.741444,
                47.551337
              ],
              [
                -2.720204,
                47.560777
              ],
              [
                -2.727651,
                47.567613
              ],
              [
                -2.688629,
                47.604397
              ],
              [
                -2.68399,
                47.622992
              ],
              [
                -2.706532,
                47.642727
              ],
              [
                -2.706532,
                47.636542
              ],
              [
                -2.696929,
                47.629788
              ],
              [
                -2.695627,
                47.623358
              ],
              [
                -2.701568,
                47.618354
              ],
              [
                -2.714019,
                47.616034
              ],
              [
                -2.699778,
                47.609198
              ],
              [
                -2.704254,
                47.604438
              ],
              [
                -2.708608,
                47.602281
              ],
              [
                -2.720204,
                47.601752
              ],
              [
                -2.725331,
                47.607367
              ],
              [
                -2.77538,
                47.629096
              ],
              [
                -2.754465,
                47.627021
              ],
              [
                -2.734486,
                47.62226
              ],
              [
                -2.746327,
                47.633857
              ],
              [
                -2.758209,
                47.639065
              ],
              [
                -2.789133,
                47.642727
              ],
              [
                -2.77538,
                47.636542
              ],
              [
                -2.796051,
                47.629869
              ],
              [
                -2.847727,
                47.626166
              ],
              [
                -2.857981,
                47.619127
              ],
              [
                -2.86677,
                47.607164
              ],
              [
                -2.886383,
                47.60102
              ],
              [
                -2.919423,
                47.595526
              ],
              [
                -2.919423,
                47.601752
              ],
              [
                -2.912668,
                47.601752
              ],
              [
                -2.912668,
                47.609198
              ],
              [
                -2.925689,
                47.607652
              ],
              [
                -2.928822,
                47.606024
              ],
              [
                -2.933095,
                47.601752
              ],
              [
                -2.939931,
                47.601752
              ],
              [
                -2.943756,
                47.613959
              ],
              [
                -2.944814,
                47.624091
              ],
              [
                -2.94164,
                47.631822
              ],
              [
                -2.933095,
                47.636542
              ],
              [
                -2.947499,
                47.636908
              ],
              [
                -2.957997,
                47.642157
              ],
              [
                -2.964589,
                47.651435
              ],
              [
                -2.967193,
                47.663804
              ],
              [
                -2.97468,
                47.663804
              ],
              [
                -2.973297,
                47.655992
              ],
              [
                -2.968577,
                47.6435
              ],
              [
                -2.967193,
                47.636542
              ],
              [
                -2.967193,
                47.612616
              ],
              [
                -2.963612,
                47.602607
              ],
              [
                -2.954701,
                47.591539
              ],
              [
                -2.943512,
                47.581488
              ],
              [
                -2.933095,
                47.574449
              ],
              [
                -2.935618,
                47.567572
              ],
              [
                -2.937245,
                47.564683
              ],
              [
                -2.939931,
                47.560777
              ],
              [
                -2.942616,
                47.564399
              ],
              [
                -2.952952,
                47.574449
              ],
              [
                -2.961293,
                47.570543
              ],
              [
                -2.970286,
                47.576972
              ],
              [
                -2.980946,
                47.587348
              ],
              [
                -2.994496,
                47.595526
              ],
              [
                -2.988596,
                47.582261
              ],
              [
                -2.994211,
                47.576077
              ],
              [
                -3.003407,
                47.578681
              ],
              [
                -3.008168,
                47.591783
              ],
              [
                -3.01179,
                47.607164
              ],
              [
                -3.018219,
                47.605658
              ],
              [
                -3.021718,
                47.59455
              ],
              [
                -3.015696,
                47.581244
              ],
              [
                -3.029937,
                47.581936
              ],
              [
                -3.035797,
                47.583319
              ],
              [
                -3.042388,
                47.58808
              ],
              [
                -3.073842,
                47.576483
              ],
              [
                -3.089752,
                47.575507
              ],
              [
                -3.103749,
                47.581244
              ],
              [
                -3.09732,
                47.584052
              ],
              [
                -3.090728,
                47.58808
              ],
              [
                -3.100453,
                47.594184
              ],
              [
                -3.11205,
                47.599189
              ],
              [
                -3.12328,
                47.598782
              ],
              [
                -3.131703,
                47.58808
              ],
              [
                -3.127187,
                47.586615
              ],
              [
                -3.122955,
                47.583238
              ],
              [
                -3.118031,
                47.581244
              ],
              [
                -3.128896,
                47.547593
              ],
              [
                -3.12328,
                47.518988
              ],
              [
                -3.10676,
                47.495795
              ],
              [
                -3.084543,
                47.478217
              ],
              [
                -3.098134,
                47.478705
              ],
              [
                -3.11913,
                47.482611
              ],
              [
                -3.125478,
                47.478217
              ],
              [
                -3.131703,
                47.478217
              ],
              [
                -3.143788,
                47.507025
              ],
              [
                -3.145375,
                47.516099
              ],
              [
                -3.143219,
                47.527045
              ],
              [
                -3.13386,
                47.543931
              ],
              [
                -3.131703,
                47.55744
              ],
              [
                -3.134185,
                47.580756
              ],
              [
                -3.141184,
                47.598049
              ],
              [
                -3.15217,
                47.611233
              ],
              [
                -3.166493,
                47.62226
              ],
              [
                -3.176015,
                47.62637
              ],
              [
                -3.187245,
                47.629584
              ],
              [
                -3.196685,
                47.63349
              ],
              [
                -3.200592,
                47.639594
              ],
              [
                -3.198394,
                47.652574
              ],
              [
                -3.18635,
                47.680609
              ],
              [
                -3.111195,
                47.704169
              ],
              [
                -3.115061,
                47.709418
              ],
              [
                -3.117177,
                47.715033
              ],
              [
                -3.118031,
                47.722154
              ],
              [
                -3.118031,
                47.732123
              ],
              [
                -3.122792,
                47.729926
              ],
              [
                -3.134511,
                47.726793
              ],
              [
                -3.13915,
                47.724677
              ],
              [
                -3.13976,
                47.745795
              ],
              [
                -3.13915,
                47.75259
              ],
              [
                -3.145375,
                47.75259
              ],
              [
                -3.153188,
                47.742011
              ],
              [
                -3.16393,
                47.743883
              ],
              [
                -3.177358,
                47.748521
              ],
              [
                -3.193186,
                47.746405
              ],
              [
                -3.179189,
                47.742743
              ],
              [
                -3.169667,
                47.735419
              ],
              [
                -3.163319,
                47.724758
              ],
              [
                -3.159088,
                47.711005
              ],
              [
                -3.164052,
                47.710273
              ],
              [
                -3.165028,
                47.70954
              ],
              [
                -3.165028,
                47.707913
              ],
              [
                -3.166493,
                47.704169
              ],
              [
                -3.178375,
                47.710028
              ],
              [
                -3.185374,
                47.706366
              ],
              [
                -3.193227,
                47.699937
              ],
              [
                -3.207387,
                47.697333
              ],
              [
                -3.203521,
                47.694322
              ],
              [
                -3.193186,
                47.683743
              ],
              [
                -3.207143,
                47.679145
              ],
              [
                -3.211903,
                47.669827
              ],
              [
                -3.215077,
                47.66059
              ],
              [
                -3.224192,
                47.656399
              ],
              [
                -3.231597,
                47.660346
              ],
              [
                -3.262074,
                47.683743
              ],
              [
                -3.287587,
                47.688666
              ],
              [
                -3.331532,
                47.696723
              ],
              [
                -3.358266,
                47.697333
              ],
              [
                -3.340199,
                47.702297
              ],
              [
                -3.322418,
                47.700995
              ],
              [
                -3.282623,
                47.691148
              ],
              [
                -3.282623,
                47.697333
              ],
              [
                -3.298451,
                47.703843
              ],
              [
                -3.316274,
                47.708075
              ],
              [
                -3.358266,
                47.711005
              ],
              [
                -3.358266,
                47.718451
              ],
              [
                -3.349355,
                47.719062
              ],
              [
                -3.345123,
                47.721259
              ],
              [
                -3.343984,
                47.726264
              ],
              [
                -3.343984,
                47.735541
              ],
              [
                -3.340566,
                47.739488
              ],
              [
                -3.323557,
                47.737738
              ],
              [
                -3.317291,
                47.738959
              ],
              [
                -3.304433,
                47.761135
              ],
              [
                -3.2954,
                47.773017
              ],
              [
                -3.282623,
                47.779934
              ],
              [
                -3.282623,
                47.78734
              ],
              [
                -3.304351,
                47.770087
              ],
              [
                -3.331776,
                47.752509
              ],
              [
                -3.362172,
                47.740424
              ],
              [
                -3.383168,
                47.737047
              ],
              [
                -3.375478,
                47.734036
              ],
              [
                -3.369252,
                47.729804
              ],
              [
                -3.364491,
                47.724677
              ],
              [
                -3.364491,
                47.718451
              ],
              [
                -3.446441,
                47.704576
              ],
              [
                -3.460683,
                47.707587
              ],
              [
                -3.464996,
                47.713039
              ],
              [
                -3.494862,
                47.738959
              ],
              [
                -3.509185,
                47.759426
              ],
              [
                -3.520253,
                47.768134
              ],
              [
                -3.524485,
                47.772447
              ],
              [
                -3.52831,
                47.779934
              ],
              [
                -3.539296,
                47.773749
              ],
              [
                -3.555653,
                47.773993
              ],
              [
                -3.590972,
                47.779934
              ],
              [
                -3.616851,
                47.77912
              ],
              [
                -3.625152,
                47.779934
              ],
              [
                -3.633046,
                47.783026
              ],
              [
                -3.644399,
                47.791734
              ],
              [
                -3.649037,
                47.793606
              ],
              [
                -3.68692,
                47.792304
              ],
              [
                -3.706166,
                47.796942
              ],
              [
                -3.714589,
                47.810614
              ],
              [
                -3.723215,
                47.813381
              ],
              [
                -3.77538,
                47.793606
              ],
              [
                -3.789906,
                47.803209
              ],
              [
                -3.811187,
                47.802924
              ],
              [
                -3.833567,
                47.79975
              ],
              [
                -3.851715,
                47.801011
              ],
              [
                -3.853098,
                47.804348
              ],
              [
                -3.872222,
                47.828315
              ],
              [
                -3.879221,
                47.833564
              ],
              [
                -3.886464,
                47.83747
              ],
              [
                -3.889963,
                47.843451
              ],
              [
                -3.885854,
                47.855048
              ],
              [
                -3.894521,
                47.855292
              ],
              [
                -3.900787,
                47.857123
              ],
              [
                -3.913197,
                47.862454
              ],
              [
                -3.916331,
                47.873358
              ],
              [
                -3.935129,
                47.887885
              ],
              [
                -3.961822,
                47.89997
              ],
              [
                -3.988271,
                47.903469
              ],
              [
                -3.979237,
                47.883002
              ],
              [
                -3.98648,
                47.867906
              ],
              [
                -4.008901,
                47.851264
              ],
              [
                -4.029205,
                47.855048
              ],
              [
                -4.019154,
                47.854478
              ],
              [
                -4.01122,
                47.855943
              ],
              [
                -4.005442,
                47.8605
              ],
              [
                -4.001943,
                47.869289
              ],
              [
                -4.014068,
                47.866278
              ],
              [
                -4.024037,
                47.865953
              ],
              [
                -4.031565,
                47.863715
              ],
              [
                -4.036692,
                47.855048
              ],
              [
                -4.064931,
                47.870795
              ],
              [
                -4.078236,
                47.874416
              ],
              [
                -4.09439,
                47.875474
              ],
              [
                -4.106557,
                47.880113
              ],
              [
                -4.119293,
                47.891913
              ],
              [
                -4.12914,
                47.90762
              ],
              [
                -4.132192,
                47.923896
              ],
              [
                -4.14273,
                47.912014
              ],
              [
                -4.13683,
                47.896918
              ],
              [
                -4.123362,
                47.883246
              ],
              [
                -4.111195,
                47.875474
              ],
              [
                -4.111195,
                47.869289
              ],
              [
                -4.123769,
                47.868598
              ],
              [
                -4.133616,
                47.866197
              ],
              [
                -4.142649,
                47.861762
              ],
              [
                -4.15274,
                47.855048
              ],
              [
                -4.17162,
                47.877021
              ],
              [
                -4.185618,
                47.874416
              ],
              [
                -4.188466,
                47.862128
              ],
              [
                -4.173899,
                47.855048
              ],
              [
                -4.176666,
                47.851264
              ],
              [
                -4.180043,
                47.848212
              ],
              [
                -4.180043,
                47.841986
              ],
              [
                -4.15274,
                47.841986
              ],
              [
                -4.15274,
                47.834459
              ],
              [
                -4.185211,
                47.813381
              ],
              [
                -4.200551,
                47.807196
              ],
              [
                -4.225168,
                47.802436
              ],
              [
                -4.371816,
                47.807196
              ],
              [
                -4.371246,
                47.814765
              ],
              [
                -4.373443,
                47.828681
              ],
              [
                -4.371816,
                47.834459
              ],
              [
                -4.365468,
                47.837104
              ],
              [
                -4.356068,
                47.837063
              ],
              [
                -4.347646,
                47.838324
              ],
              [
                -4.343861,
                47.84512
              ],
              [
                -4.34732,
                47.862942
              ],
              [
                -4.362213,
                47.888577
              ],
              [
                -4.371978,
                47.915839
              ],
              [
                -4.386952,
                47.934068
              ],
              [
                -4.434641,
                47.975653
              ],
              [
                -4.523264,
                48.022691
              ],
              [
                -4.533274,
                48.026313
              ],
              [
                -4.546702,
                48.020738
              ],
              [
                -4.55899,
                48.010688
              ],
              [
                -4.572011,
                48.005927
              ],
              [
                -4.601959,
                48.02558
              ],
              [
                -4.619211,
                48.027655
              ],
              [
                -4.652984,
                48.026313
              ],
              [
                -4.728139,
                48.040595
              ],
              [
                -4.721506,
                48.044135
              ],
              [
                -4.716461,
                48.050238
              ],
              [
                -4.71227,
                48.056586
              ],
              [
                -4.706207,
                48.06391
              ],
              [
                -4.705556,
                48.06745
              ],
              [
                -4.704254,
                48.071234
              ],
              [
                -4.700795,
                48.074774
              ],
              [
                -4.697418,
                48.074897
              ],
              [
                -4.689524,
                48.068834
              ],
              [
                -4.683705,
                48.067328
              ],
              [
                -4.361928,
                48.115709
              ],
              [
                -4.304758,
                48.104071
              ],
              [
                -4.289906,
                48.108222
              ],
              [
                -4.28539,
                48.115383
              ],
              [
                -4.275706,
                48.143622
              ],
              [
                -4.280181,
                48.154934
              ],
              [
                -4.294342,
                48.16706
              ],
              [
                -4.297353,
                48.174058
              ],
              [
                -4.302358,
                48.196357
              ],
              [
                -4.315826,
                48.205512
              ],
              [
                -4.358225,
                48.211859
              ],
              [
                -4.366119,
                48.215155
              ],
              [
                -4.372426,
                48.220038
              ],
              [
                -4.376861,
                48.225979
              ],
              [
                -4.379262,
                48.232367
              ],
              [
                -4.404368,
                48.226142
              ],
              [
                -4.457631,
                48.248969
              ],
              [
                -4.485463,
                48.242621
              ],
              [
                -4.499989,
                48.224921
              ],
              [
                -4.513987,
                48.202094
              ],
              [
                -4.531646,
                48.183092
              ],
              [
                -4.557485,
                48.177191
              ],
              [
                -4.548736,
                48.198432
              ],
              [
                -4.543772,
                48.205064
              ],
              [
                -4.555043,
                48.216539
              ],
              [
                -4.561187,
                48.225043
              ],
              [
                -4.563629,
                48.232367
              ],
              [
                -4.558665,
                48.244208
              ],
              [
                -4.550933,
                48.248603
              ],
              [
                -4.54719,
                48.25259
              ],
              [
                -4.554067,
                48.262763
              ],
              [
                -4.566274,
                48.264879
              ],
              [
                -4.626332,
                48.266547
              ],
              [
                -4.623687,
                48.277045
              ],
              [
                -4.626332,
                48.287055
              ],
              [
                -4.615387,
                48.291083
              ],
              [
                -4.607086,
                48.290595
              ],
              [
                -4.598785,
                48.288398
              ],
              [
                -4.58788,
                48.287055
              ],
              [
                -4.575185,
                48.290025
              ],
              [
                -4.572906,
                48.29682
              ],
              [
                -4.57551,
                48.30386
              ],
              [
                -4.57726,
                48.307522
              ],
              [
                -4.559478,
                48.33869
              ],
              [
                -4.546702,
                48.346829
              ],
              [
                -4.530141,
                48.34162
              ],
              [
                -4.543202,
                48.304674
              ],
              [
                -4.515533,
                48.295844
              ],
              [
                -4.426503,
                48.300035
              ],
              [
                -4.416371,
                48.296617
              ],
              [
                -4.409657,
                48.292304
              ],
              [
                -4.401967,
                48.28856
              ],
              [
                -4.388987,
                48.287055
              ],
              [
                -4.376861,
                48.287787
              ],
              [
                -4.329701,
                48.297024
              ],
              [
                -4.262603,
                48.300035
              ],
              [
                -4.268951,
                48.295844
              ],
              [
                -4.275217,
                48.294013
              ],
              [
                -4.289906,
                48.29385
              ],
              [
                -4.269358,
                48.288398
              ],
              [
                -4.187489,
                48.300035
              ],
              [
                -4.187489,
                48.307522
              ],
              [
                -4.218821,
                48.306057
              ],
              [
                -4.23054,
                48.309882
              ],
              [
                -4.234731,
                48.321723
              ],
              [
                -4.243967,
                48.31391
              ],
              [
                -4.257721,
                48.311347
              ],
              [
                -4.270172,
                48.314683
              ],
              [
                -4.275706,
                48.324856
              ],
              [
                -4.281972,
                48.323676
              ],
              [
                -4.324696,
                48.321723
              ],
              [
                -4.316314,
                48.330797
              ],
              [
                -4.312082,
                48.333075
              ],
              [
                -4.303619,
                48.335395
              ],
              [
                -4.303131,
                48.339586
              ],
              [
                -4.298492,
                48.343817
              ],
              [
                -4.288686,
                48.348538
              ],
              [
                -4.269399,
                48.362738
              ],
              [
                -4.286285,
                48.362535
              ],
              [
                -4.30899,
                48.351549
              ],
              [
                -4.324696,
                48.348456
              ],
              [
                -4.324696,
                48.355292
              ],
              [
                -4.317291,
                48.355292
              ],
              [
                -4.317291,
                48.362738
              ],
              [
                -4.324696,
                48.362738
              ],
              [
                -4.327789,
                48.357856
              ],
              [
                -4.334055,
                48.352729
              ],
              [
                -4.337717,
                48.348456
              ],
              [
                -4.35261,
                48.352729
              ],
              [
                -4.384185,
                48.338121
              ],
              [
                -4.406606,
                48.335395
              ],
              [
                -4.403798,
                48.339179
              ],
              [
                -4.402821,
                48.339586
              ],
              [
                -4.399159,
                48.34162
              ],
              [
                -4.406606,
                48.348456
              ],
              [
                -4.415028,
                48.342922
              ],
              [
                -4.426503,
                48.338853
              ],
              [
                -4.439931,
                48.336371
              ],
              [
                -4.453725,
                48.335395
              ],
              [
                -4.453725,
                48.34162
              ],
              [
                -4.396596,
                48.387763
              ],
              [
                -4.385569,
                48.393744
              ],
              [
                -4.289906,
                48.431586
              ],
              [
                -4.307729,
                48.428046
              ],
              [
                -4.339019,
                48.416083
              ],
              [
                -4.358957,
                48.411119
              ],
              [
                -4.426503,
                48.403713
              ],
              [
                -4.457509,
                48.394843
              ],
              [
                -4.520619,
                48.368313
              ],
              [
                -4.569569,
                48.360297
              ],
              [
                -4.599355,
                48.350165
              ],
              [
                -4.618886,
                48.348456
              ],
              [
                -4.636342,
                48.351142
              ],
              [
                -4.671132,
                48.360582
              ],
              [
                -4.690541,
                48.362738
              ],
              [
                -4.694081,
                48.359442
              ],
              [
                -4.694081,
                48.3522
              ],
              [
                -4.695668,
                48.344957
              ],
              [
                -4.704498,
                48.34162
              ],
              [
                -4.754994,
                48.341986
              ],
              [
                -4.768381,
                48.345404
              ],
              [
                -4.77717,
                48.355618
              ],
              [
                -4.783355,
                48.37641
              ],
              [
                -4.76476,
                48.377631
              ],
              [
                -4.766347,
                48.390448
              ],
              [
                -4.783355,
                48.417385
              ],
              [
                -4.784901,
                48.436184
              ],
              [
                -4.779856,
                48.454901
              ],
              [
                -4.768056,
                48.468655
              ],
              [
                -4.749257,
                48.472602
              ],
              [
                -4.749257,
                48.478827
              ],
              [
                -4.774648,
                48.491278
              ],
              [
                -4.764556,
                48.520209
              ],
              [
                -4.739898,
                48.550727
              ],
              [
                -4.721995,
                48.568183
              ],
              [
                -4.711578,
                48.563666
              ],
              [
                -4.700795,
                48.560736
              ],
              [
                -4.708241,
                48.568183
              ],
              [
                -4.692291,
                48.575507
              ],
              [
                -4.673451,
                48.579576
              ],
              [
                -4.642486,
                48.581855
              ],
              [
                -4.623036,
                48.578192
              ],
              [
                -4.589833,
                48.565741
              ],
              [
                -4.57726,
                48.568183
              ],
              [
                -4.600494,
                48.589342
              ],
              [
                -4.607737,
                48.603013
              ],
              [
                -4.594635,
                48.609117
              ],
              [
                -4.548818,
                48.601223
              ],
              [
                -4.530141,
                48.601711
              ],
              [
                -4.557485,
                48.609117
              ],
              [
                -4.554433,
                48.613227
              ],
              [
                -4.552602,
                48.616523
              ],
              [
                -4.554799,
                48.619696
              ],
              [
                -4.563629,
                48.62344
              ],
              [
                -4.563629,
                48.629625
              ],
              [
                -4.485463,
                48.629625
              ],
              [
                -4.46288,
                48.63231
              ],
              [
                -4.429799,
                48.642808
              ],
              [
                -4.406606,
                48.643256
              ],
              [
                -4.4204,
                48.648871
              ],
              [
                -4.426503,
                48.650092
              ],
              [
                -4.426503,
                48.657538
              ],
              [
                -4.398061,
                48.660956
              ],
              [
                -4.370229,
                48.67182
              ],
              [
                -4.343251,
                48.67886
              ],
              [
                -4.317291,
                48.678046
              ],
              [
                -4.299143,
                48.663642
              ],
              [
                -4.306508,
                48.641547
              ],
              [
                -4.283111,
                48.643256
              ],
              [
                -4.252594,
                48.655463
              ],
              [
                -4.242055,
                48.657538
              ],
              [
                -4.229807,
                48.655951
              ],
              [
                -4.207143,
                48.64997
              ],
              [
                -4.193756,
                48.650092
              ],
              [
                -4.193756,
                48.657538
              ],
              [
                -4.213002,
                48.6612
              ],
              [
                -4.207753,
                48.671373
              ],
              [
                -4.190582,
                48.683051
              ],
              [
                -4.173899,
                48.691107
              ],
              [
                -4.154652,
                48.696234
              ],
              [
                -4.131459,
                48.699164
              ],
              [
                -4.108713,
                48.698147
              ],
              [
                -4.090688,
                48.691107
              ],
              [
                -4.084788,
                48.69717
              ],
              [
                -4.079254,
                48.696926
              ],
              [
                -4.07433,
                48.692288
              ],
              [
                -4.070221,
                48.684882
              ],
              [
                -4.064036,
                48.684882
              ],
              [
                -4.057362,
                48.689602
              ],
              [
                -4.053293,
                48.695543
              ],
              [
                -4.052642,
                48.70307
              ],
              [
                -4.056549,
                48.712144
              ],
              [
                -4.042714,
                48.713935
              ],
              [
                -4.030507,
                48.717027
              ],
              [
                -4.009348,
                48.725816
              ],
              [
                -3.973988,
                48.732815
              ],
              [
                -3.967763,
                48.72956
              ],
              [
                -3.970286,
                48.720038
              ],
              [
                -3.973866,
                48.712795
              ],
              [
                -3.972727,
                48.707709
              ],
              [
                -3.961008,
                48.704739
              ],
              [
                -3.961008,
                48.698554
              ],
              [
                -3.967763,
                48.698554
              ],
              [
                -3.967763,
                48.691107
              ],
              [
                -3.957753,
                48.686835
              ],
              [
                -3.951039,
                48.679389
              ],
              [
                -3.949534,
                48.669338
              ],
              [
                -3.954742,
                48.657538
              ],
              [
                -3.926584,
                48.676174
              ],
              [
                -3.911936,
                48.68122
              ],
              [
                -3.891998,
                48.678046
              ],
              [
                -3.901967,
                48.672024
              ],
              [
                -3.906321,
                48.6706
              ],
              [
                -3.906321,
                48.664374
              ],
              [
                -3.894195,
                48.653551
              ],
              [
                -3.864654,
                48.641018
              ],
              [
                -3.851715,
                48.629625
              ],
              [
                -3.844309,
                48.636461
              ],
              [
                -3.851715,
                48.643256
              ],
              [
                -3.844309,
                48.650092
              ],
              [
                -3.848948,
                48.656317
              ],
              [
                -3.852447,
                48.664537
              ],
              [
                -3.8579,
                48.684882
              ],
              [
                -3.851715,
                48.684882
              ],
              [
                -3.8485,
                48.679023
              ],
              [
                -3.845448,
                48.676011
              ],
              [
                -3.837473,
                48.6706
              ],
              [
                -3.840077,
                48.688056
              ],
              [
                -3.837148,
                48.707261
              ],
              [
                -3.829254,
                48.718451
              ],
              [
                -3.816965,
                48.712144
              ],
              [
                -3.812652,
                48.716742
              ],
              [
                -3.810455,
                48.721503
              ],
              [
                -3.809804,
                48.726955
              ],
              [
                -3.810129,
                48.733222
              ],
              [
                -3.797109,
                48.721177
              ],
              [
                -3.778432,
                48.717353
              ],
              [
                -3.731923,
                48.71898
              ],
              [
                -3.720855,
                48.71601
              ],
              [
                -3.697865,
                48.702338
              ],
              [
                -3.686635,
                48.698554
              ],
              [
                -3.673818,
                48.698228
              ],
              [
                -3.638173,
                48.704739
              ],
              [
                -3.638539,
                48.687812
              ],
              [
                -3.614003,
                48.682685
              ],
              [
                -3.584788,
                48.682807
              ],
              [
                -3.570546,
                48.687974
              ],
              [
                -3.580474,
                48.711086
              ],
              [
                -3.584543,
                48.726386
              ],
              [
                -3.580474,
                48.733222
              ],
              [
                -3.52831,
                48.739488
              ],
              [
                -3.542836,
                48.745673
              ],
              [
                -3.577382,
                48.774237
              ],
              [
                -3.581532,
                48.790595
              ],
              [
                -3.571401,
                48.799058
              ],
              [
                -3.542592,
                48.807807
              ],
              [
                -3.520863,
                48.833645
              ],
              [
                -3.515289,
                48.841946
              ],
              [
                -3.509185,
                48.841946
              ],
              [
                -3.499827,
                48.836982
              ],
              [
                -3.468129,
                48.835679
              ],
              [
                -3.433583,
                48.822211
              ],
              [
                -3.419749,
                48.821438
              ],
              [
                -3.425404,
                48.818427
              ],
              [
                -3.42809,
                48.815741
              ],
              [
                -3.429921,
                48.812445
              ],
              [
                -3.433339,
                48.807807
              ],
              [
                -3.409901,
                48.806545
              ],
              [
                -3.397613,
                48.807318
              ],
              [
                -3.388743,
                48.811184
              ],
              [
                -3.378651,
                48.819322
              ],
              [
                -3.371816,
                48.822496
              ],
              [
                -3.287465,
                48.843451
              ],
              [
                -3.275787,
                48.849351
              ],
              [
                -3.268951,
                48.849351
              ],
              [
                -3.259511,
                48.847724
              ],
              [
                -3.229726,
                48.87226
              ],
              [
                -3.213612,
                48.869818
              ],
              [
                -3.207143,
                48.855414
              ],
              [
                -3.207753,
                48.835924
              ],
              [
                -3.214955,
                48.817857
              ],
              [
                -3.227895,
                48.807807
              ],
              [
                -3.226796,
                48.80329
              ],
              [
                -3.225575,
                48.800482
              ],
              [
                -3.22053,
                48.794135
              ],
              [
                -3.216868,
                48.806789
              ],
              [
                -3.20873,
                48.816352
              ],
              [
                -3.178822,
                48.84101
              ],
              [
                -3.154205,
                48.854926
              ],
              [
                -3.145375,
                48.862372
              ],
              [
                -3.134999,
                48.859198
              ],
              [
                -3.116444,
                48.874091
              ],
              [
                -3.103749,
                48.876654
              ],
              [
                -3.091461,
                48.871283
              ],
              [
                -3.08434,
                48.862209
              ],
              [
                -3.08373,
                48.851711
              ],
              [
                -3.090728,
                48.841946
              ],
              [
                -3.090728,
                48.835679
              ],
              [
                -3.077056,
                48.828274
              ],
              [
                -3.084625,
                48.820136
              ],
              [
                -3.097524,
                48.794135
              ],
              [
                -3.104075,
                48.7862
              ],
              [
                -3.125478,
                48.767401
              ],
              [
                -3.125478,
                48.759955
              ],
              [
                -3.118031,
                48.759955
              ],
              [
                -3.085032,
                48.804999
              ],
              [
                -3.0655,
                48.823961
              ],
              [
                -3.049184,
                48.821438
              ],
              [
                -3.039296,
                48.826972
              ],
              [
                -3.028717,
                48.828803
              ],
              [
                -3.018219,
                48.826972
              ],
              [
                -3.008168,
                48.821438
              ],
              [
                -3.015696,
                48.814602
              ],
              [
                -3.01179,
                48.813666
              ],
              [
                -3.009389,
                48.813707
              ],
              [
                -3.008372,
                48.812486
              ],
              [
                -3.008168,
                48.807807
              ],
              [
                -3.017812,
                48.805854
              ],
              [
                -3.025502,
                48.802924
              ],
              [
                -3.042388,
                48.794135
              ],
              [
                -3.042388,
                48.787909
              ],
              [
                -3.029286,
                48.780463
              ],
              [
                -3.003651,
                48.773871
              ],
              [
                -2.952952,
                48.772284
              ],
              [
                -2.933095,
                48.767401
              ],
              [
                -2.934438,
                48.759101
              ],
              [
                -2.934397,
                48.753079
              ],
              [
                -2.933095,
                48.746324
              ],
              [
                -2.942738,
                48.740912
              ],
              [
                -2.946685,
                48.739488
              ],
              [
                -2.946685,
                48.733222
              ],
              [
                -2.932037,
                48.726955
              ],
              [
                -2.913971,
                48.716498
              ],
              [
                -2.898671,
                48.704779
              ],
              [
                -2.892079,
                48.69477
              ],
              [
                -2.826975,
                48.657538
              ],
              [
                -2.817047,
                48.627672
              ],
              [
                -2.812978,
                48.619696
              ],
              [
                -2.811431,
                48.614569
              ],
              [
                -2.814361,
                48.609931
              ],
              [
                -2.816396,
                48.604926
              ],
              [
                -2.812978,
                48.598578
              ],
              [
                -2.808013,
                48.595608
              ],
              [
                -2.795033,
                48.591254
              ],
              [
                -2.771067,
                48.579169
              ],
              [
                -2.714019,
                48.560736
              ],
              [
                -2.716949,
                48.551703
              ],
              [
                -2.721018,
                48.544623
              ],
              [
                -2.726674,
                48.538967
              ],
              [
                -2.734486,
                48.534003
              ],
              [
                -2.722727,
                48.533637
              ],
              [
                -2.713124,
                48.530097
              ],
              [
                -2.704701,
                48.524156
              ],
              [
                -2.696278,
                48.516669
              ],
              [
                -2.682362,
                48.509019
              ],
              [
                -2.679677,
                48.518378
              ],
              [
                -2.680247,
                48.532782
              ],
              [
                -2.676137,
                48.540229
              ],
              [
                -2.636342,
                48.538804
              ],
              [
                -2.620025,
                48.543606
              ],
              [
                -2.600697,
                48.557603
              ],
              [
                -2.577056,
                48.582465
              ],
              [
                -2.569407,
                48.58869
              ],
              [
                -2.558827,
                48.594143
              ],
              [
                -2.541086,
                48.59809
              ],
              [
                -2.473622,
                48.625963
              ],
              [
                -2.459543,
                48.636461
              ],
              [
                -2.459543,
                48.643256
              ],
              [
                -2.468007,
                48.643948
              ],
              [
                -2.487457,
                48.650092
              ],
              [
                -2.44286,
                48.659084
              ],
              [
                -2.421051,
                48.656968
              ],
              [
                -2.412262,
                48.643256
              ],
              [
                -2.38622,
                48.650092
              ],
              [
                -2.356068,
                48.663275
              ],
              [
                -2.329986,
                48.680365
              ],
              [
                -2.31607,
                48.698554
              ],
              [
                -2.312489,
                48.686957
              ],
              [
                -2.305328,
                48.679633
              ],
              [
                -2.295237,
                48.676581
              ],
              [
                -2.281972,
                48.678046
              ],
              [
                -2.281972,
                48.6706
              ],
              [
                -2.289418,
                48.666571
              ],
              [
                -2.293772,
                48.661363
              ],
              [
                -2.297475,
                48.655707
              ],
              [
                -2.302398,
                48.650092
              ],
              [
                -2.330312,
                48.629625
              ],
              [
                -2.312652,
                48.620185
              ],
              [
                -2.294016,
                48.628607
              ],
              [
                -2.27359,
                48.642646
              ],
              [
                -2.250966,
                48.650092
              ],
              [
                -2.246205,
                48.644721
              ],
              [
                -2.240712,
                48.621324
              ],
              [
                -2.237294,
                48.615912
              ],
              [
                -2.225942,
                48.612372
              ],
              [
                -2.219228,
                48.603664
              ],
              [
                -2.215688,
                48.592434
              ],
              [
                -2.213694,
                48.581855
              ],
              [
                -2.202789,
                48.585883
              ],
              [
                -2.195546,
                48.593451
              ],
              [
                -2.192128,
                48.603746
              ],
              [
                -2.192616,
                48.615912
              ],
              [
                -2.188385,
                48.601304
              ],
              [
                -2.182973,
                48.588772
              ],
              [
                -2.174062,
                48.582953
              ],
              [
                -2.159088,
                48.58869
              ],
              [
                -2.159088,
                48.595445
              ],
              [
                -2.163197,
                48.596503
              ],
              [
                -2.172109,
                48.601711
              ],
              [
                -2.161041,
                48.613023
              ],
              [
                -2.149322,
                48.618883
              ],
              [
                -2.137034,
                48.617987
              ],
              [
                -2.124338,
                48.609117
              ],
              [
                -2.131256,
                48.615302
              ],
              [
                -2.136627,
                48.622138
              ],
              [
                -2.144846,
                48.636461
              ],
              [
                -2.100209,
                48.646918
              ],
              [
                -2.052358,
                48.650092
              ],
              [
                -2.049794,
                48.645575
              ],
              [
                -2.028717,
                48.619696
              ],
              [
                -2.027089,
                48.608954
              ],
              [
                -2.022043,
                48.598944
              ],
              [
                -2.013254,
                48.59162
              ],
              [
                -2.000885,
                48.58869
              ],
              [
                -2.005116,
                48.578843
              ],
              [
                -2.00829,
                48.575019
              ],
              [
                -1.982493,
                48.548977
              ],
              [
                -1.976389,
                48.535631
              ],
              [
                -1.980295,
                48.513577
              ],
              [
                -1.970448,
                48.520697
              ],
              [
                -1.939361,
                48.534003
              ],
              [
                -1.967275,
                48.547065
              ],
              [
                -1.961903,
                48.554918
              ],
              [
                -1.976633,
                48.572699
              ],
              [
                -1.980295,
                48.58869
              ],
              [
                -1.9735,
                48.58869
              ],
              [
                -1.96939,
                48.584174
              ],
              [
                -1.965159,
                48.581204
              ],
              [
                -1.952952,
                48.575019
              ],
              [
                -1.960357,
                48.586615
              ],
              [
                -1.96939,
                48.59276
              ],
              [
                -1.979807,
                48.59512
              ],
              [
                -1.991119,
                48.595445
              ],
              [
                -2.000478,
                48.601304
              ],
              [
                -2.019032,
                48.631049
              ],
              [
                -2.028717,
                48.643256
              ],
              [
                -2.025543,
                48.651313
              ],
              [
                -2.018137,
                48.660346
              ],
              [
                -2.006581,
                48.667629
              ],
              [
                -1.991119,
                48.6706
              ],
              [
                -1.987701,
                48.673774
              ],
              [
                -1.987701,
                48.680854
              ],
              [
                -1.985911,
                48.687893
              ],
              [
                -1.976959,
                48.691107
              ],
              [
                -1.939361,
                48.691107
              ],
              [
                -1.945627,
                48.698554
              ],
              [
                -1.843739,
                48.712144
              ],
              [
                -1.846669,
                48.707831
              ],
              [
                -1.846913,
                48.703437
              ],
              [
                -1.843577,
                48.698147
              ],
              [
                -1.836334,
                48.691107
              ],
              [
                -1.861195,
                48.664211
              ],
              [
                -1.860951,
                48.640855
              ],
              [
                -1.838206,
                48.623765
              ],
              [
                -1.79601,
                48.615912
              ],
              [
                -1.722808,
                48.615302
              ],
              [
                -1.643951,
                48.62344
              ],
              [
                -1.595693,
                48.640937
              ],
              [
                -1.58967,
                48.641791
              ],
              [
                -1.579701,
                48.643256
              ],
              [
                -1.500559,
                48.636461
              ],
              [
                -1.393137,
                48.652411
              ],
              [
                -1.356557,
                48.643256
              ],
              [
                -1.372304,
                48.66059
              ],
              [
                -1.394602,
                48.66828
              ],
              [
                -1.432851,
                48.6706
              ],
              [
                -1.433013,
                48.66828
              ],
              [
                -1.437734,
                48.664455
              ],
              [
                -1.443267,
                48.662828
              ],
              [
                -1.445953,
                48.667467
              ],
              [
                -1.447092,
                48.673896
              ],
              [
                -1.45051,
                48.679511
              ],
              [
                -1.4558,
                48.683417
              ],
              [
                -1.490224,
                48.690131
              ],
              [
                -1.502675,
                48.695502
              ],
              [
                -1.507965,
                48.701606
              ],
              [
                -1.516469,
                48.725165
              ],
              [
                -1.553619,
                48.747138
              ],
              [
                -1.562082,
                48.770819
              ],
              [
                -1.562571,
                48.798489
              ],
              [
                -1.566762,
                48.82217
              ],
              [
                -1.578847,
                48.837836
              ],
              [
                -1.602935,
                48.841946
              ],
              [
                -1.602935,
                48.849351
              ],
              [
                -1.589101,
                48.853583
              ],
              [
                -1.578521,
                48.862616
              ],
              [
                -1.571848,
                48.874213
              ],
              [
                -1.56371,
                48.922105
              ],
              [
                -1.557037,
                48.932318
              ],
              [
                -1.548411,
                48.923814
              ],
              [
                -1.542795,
                48.935248
              ],
              [
                -1.541982,
                48.944078
              ],
              [
                -1.547027,
                48.949693
              ],
              [
                -1.55899,
                48.951809
              ],
              [
                -1.563059,
                48.957587
              ],
              [
                -1.552235,
                49.015448
              ],
              [
                -1.545766,
                49.030341
              ],
              [
                -1.532338,
                49.035142
              ],
              [
                -1.507965,
                49.027533
              ],
              [
                -1.507965,
                49.033677
              ],
              [
                -1.527252,
                49.039781
              ],
              [
                -1.549713,
                49.039781
              ],
              [
                -1.56843,
                49.03266
              ],
              [
                -1.576324,
                49.017279
              ],
              [
                -1.579457,
                49.01317
              ],
              [
                -1.586537,
                49.018988
              ],
              [
                -1.593577,
                49.028998
              ],
              [
                -1.59675,
                49.037421
              ],
              [
                -1.595937,
                49.061265
              ],
              [
                -1.593739,
                49.071967
              ],
              [
                -1.589345,
                49.082099
              ],
              [
                -1.603424,
                49.08397
              ],
              [
                -1.608754,
                49.091498
              ],
              [
                -1.607737,
                49.102729
              ],
              [
                -1.602935,
                49.115627
              ],
              [
                -1.595937,
                49.128485
              ],
              [
                -1.589019,
                49.134589
              ],
              [
                -1.569488,
                49.143541
              ],
              [
                -1.581776,
                49.149848
              ],
              [
                -1.584218,
                49.148424
              ],
              [
                -1.589345,
                49.143541
              ],
              [
                -1.597768,
                49.159369
              ],
              [
                -1.604482,
                49.178209
              ],
              [
                -1.608795,
                49.197821
              ],
              [
                -1.610422,
                49.215888
              ],
              [
                -1.602651,
                49.225409
              ],
              [
                -1.584462,
                49.226264
              ],
              [
                -1.548411,
                49.219306
              ],
              [
                -1.548411,
                49.225491
              ],
              [
                -1.569569,
                49.229682
              ],
              [
                -1.595286,
                49.23786
              ],
              [
                -1.616851,
                49.238227
              ],
              [
                -1.624664,
                49.219306
              ],
              [
                -1.640533,
                49.231513
              ],
              [
                -1.657094,
                49.268378
              ],
              [
                -1.671864,
                49.280097
              ],
              [
                -1.665395,
                49.284613
              ],
              [
                -1.662587,
                49.286038
              ],
              [
                -1.658193,
                49.287543
              ],
              [
                -1.68692,
                49.302436
              ],
              [
                -1.699086,
                49.313544
              ],
              [
                -1.706654,
                49.329169
              ],
              [
                -1.686187,
                49.329169
              ],
              [
                -1.686187,
                49.335354
              ],
              [
                -1.699127,
                49.355862
              ],
              [
                -1.706654,
                49.355862
              ],
              [
                -1.714752,
                49.338528
              ],
              [
                -1.733266,
                49.346259
              ],
              [
                -1.755727,
                49.362454
              ],
              [
                -1.775502,
                49.370103
              ],
              [
                -1.772857,
                49.377021
              ],
              [
                -1.771108,
                49.37995
              ],
              [
                -1.767974,
                49.383734
              ],
              [
                -1.78189,
                49.381537
              ],
              [
                -1.795074,
                49.377631
              ],
              [
                -1.806793,
                49.376858
              ],
              [
                -1.816477,
                49.383734
              ],
              [
                -1.819569,
                49.396796
              ],
              [
                -1.815785,
                49.430854
              ],
              [
                -1.816477,
                49.445217
              ],
              [
                -1.819407,
                49.452053
              ],
              [
                -1.823598,
                49.458482
              ],
              [
                -1.838206,
                49.475816
              ],
              [
                -1.839508,
                49.480658
              ],
              [
                -1.84024,
                49.485826
              ],
              [
                -1.843739,
                49.493598
              ],
              [
                -1.853586,
                49.504299
              ],
              [
                -1.879465,
                49.52497
              ],
              [
                -1.884674,
                49.530911
              ],
              [
                -1.878407,
                49.544867
              ],
              [
                -1.850168,
                49.561713
              ],
              [
                -1.843739,
                49.571845
              ],
              [
                -1.839223,
                49.603176
              ],
              [
                -1.839508,
                49.619778
              ],
              [
                -1.846913,
                49.633938
              ],
              [
                -1.855051,
                49.645087
              ],
              [
                -1.860585,
                49.654771
              ],
              [
                -1.869496,
                49.661689
              ],
              [
                -1.901601,
                49.665839
              ],
              [
                -1.945627,
                49.677965
              ],
              [
                -1.937652,
                49.701565
              ],
              [
                -1.939565,
                49.716457
              ],
              [
                -1.935211,
                49.724107
              ],
              [
                -1.908355,
                49.726386
              ],
              [
                -1.898997,
                49.72427
              ],
              [
                -1.87914,
                49.71483
              ],
              [
                -1.867299,
                49.712714
              ],
              [
                -1.839426,
                49.715399
              ],
              [
                -1.829457,
                49.712714
              ],
              [
                -1.824615,
                49.708441
              ],
              [
                -1.820953,
                49.696357
              ],
              [
                -1.816477,
                49.691636
              ],
              [
                -1.811838,
                49.690741
              ],
              [
                -1.800893,
                49.692084
              ],
              [
                -1.79601,
                49.691636
              ],
              [
                -1.773997,
                49.686713
              ],
              [
                -1.707753,
                49.680162
              ],
              [
                -1.633046,
                49.66352
              ],
              [
                -1.617177,
                49.664293
              ],
              [
                -1.616689,
                49.662014
              ],
              [
                -1.616363,
                49.65705
              ],
              [
                -1.613922,
                49.652248
              ],
              [
                -1.606679,
                49.650051
              ],
              [
                -1.59732,
                49.652289
              ],
              [
                -1.58373,
                49.662055
              ],
              [
                -1.572865,
                49.664293
              ],
              [
                -1.561187,
                49.663031
              ],
              [
                -1.540395,
                49.657782
              ],
              [
                -1.528432,
                49.657457
              ],
              [
                -1.511464,
                49.662543
              ],
              [
                -1.49592,
                49.672187
              ],
              [
                -1.470123,
                49.695054
              ],
              [
                -1.455719,
                49.702216
              ],
              [
                -1.409495,
                49.711575
              ],
              [
                -1.391265,
                49.712714
              ],
              [
                -1.271148,
                49.698432
              ],
              [
                -1.263051,
                49.695502
              ],
              [
                -1.259104,
                49.6883
              ],
              [
                -1.25414,
                49.67178
              ],
              [
                -1.232249,
                49.641425
              ],
              [
                -1.227773,
                49.624091
              ],
              [
                -1.253326,
                49.61225
              ],
              [
                -1.257558,
                49.602851
              ],
              [
                -1.259999,
                49.593451
              ],
              [
                -1.264027,
                49.58926
              ],
              [
                -1.286204,
                49.588935
              ],
              [
                -1.294993,
                49.586819
              ],
              [
                -1.301422,
                49.581773
              ],
              [
                -1.306264,
                49.558092
              ],
              [
                -1.293609,
                49.538398
              ],
              [
                -1.276519,
                49.520738
              ],
              [
                -1.261586,
                49.49315
              ],
              [
                -1.185292,
                49.430365
              ],
              [
                -1.175689,
                49.415229
              ],
              [
                -1.172231,
                49.393378
              ],
              [
                -1.174224,
                49.382392
              ],
              [
                -1.1787,
                49.374579
              ],
              [
                -1.183258,
                49.369452
              ],
              [
                -1.18517,
                49.3664
              ],
              [
                -1.181996,
                49.356187
              ],
              [
                -1.173818,
                49.357001
              ],
              [
                -1.163075,
                49.361518
              ],
              [
                -1.151723,
                49.362698
              ],
              [
                -1.141021,
                49.356676
              ],
              [
                -1.133453,
                49.349514
              ],
              [
                -1.122874,
                49.345445
              ],
              [
                -1.103424,
                49.349026
              ],
              [
                -1.103424,
                49.355862
              ],
              [
                -1.113759,
                49.36579
              ],
              [
                -1.106353,
                49.379462
              ],
              [
                -1.089589,
                49.391547
              ],
              [
                -1.072255,
                49.396796
              ],
              [
                -0.940419,
                49.392279
              ],
              [
                -0.822133,
                49.362698
              ],
              [
                -0.650787,
                49.355862
              ],
              [
                -0.607981,
                49.347398
              ],
              [
                -0.583363,
                49.345893
              ],
              [
                -0.546946,
                49.358954
              ],
              [
                -0.522532,
                49.355292
              ],
              [
                -0.479482,
                49.34276
              ],
              [
                -0.411122,
                49.34276
              ],
              [
                -0.393625,
                49.338039
              ],
              [
                -0.363433,
                49.325019
              ],
              [
                -0.3131,
                49.317328
              ],
              [
                -0.219472,
                49.280097
              ],
              [
                -0.194081,
                49.295233
              ],
              [
                -0.033844,
                49.320054
              ],
              [
                0.012869,
                49.334621
              ],
              [
                0.040294,
                49.350409
              ],
              [
                0.06308,
                49.354478
              ],
              [
                0.071951,
                49.35928
              ],
              [
                0.095958,
                49.383734
              ],
              [
                0.162364,
                49.415188
              ],
              [
                0.286876,
                49.433621
              ],
              [
                0.411306,
                49.452053
              ],
              [
                0.457286,
                49.467434
              ],
              [
                0.476573,
                49.478664
              ],
              [
                0.493175,
                49.493598
              ],
              [
                0.42213,
                49.464423
              ],
              [
                0.33961,
                49.456732
              ],
              [
                0.256847,
                49.464057
              ],
              [
                0.185313,
                49.479967
              ],
              [
                0.164806,
                49.479967
              ],
              [
                0.147309,
                49.480943
              ],
              [
                0.12436,
                49.485785
              ],
              [
                0.104421,
                49.493598
              ],
              [
                0.095958,
                49.503241
              ],
              [
                0.092784,
                49.509263
              ],
              [
                0.078624,
                49.51553
              ],
              [
                0.075369,
                49.524075
              ],
              [
                0.076589,
                49.53498
              ],
              [
                0.079682,
                49.542182
              ],
              [
                0.13087,
                49.603502
              ],
              [
                0.170909,
                49.691636
              ],
              [
                0.185883,
                49.703192
              ],
              [
                0.23585,
                49.729315
              ],
              [
                0.246755,
                49.729438
              ],
              [
                0.256847,
                49.735907
              ],
              [
                0.387462,
                49.775051
              ],
              [
                0.397634,
                49.784369
              ],
              [
                0.522797,
                49.832953
              ],
              [
                0.557384,
                49.839789
              ],
              [
                0.59669,
                49.857245
              ],
              [
                0.674815,
                49.8758
              ],
              [
                0.760916,
                49.875067
              ],
              [
                1.172618,
                49.961005
              ],
              [
                1.196951,
                49.973578
              ],
              [
                1.221202,
                49.97899
              ],
              [
                1.260997,
                50.007514
              ],
              [
                1.391287,
                50.075181
              ],
              [
                1.444102,
                50.117255
              ],
              [
                1.455821,
                50.123603
              ],
              [
                1.464529,
                50.132148
              ],
              [
                1.486827,
                50.185045
              ],
              [
                1.521007,
                50.214667
              ],
              [
                1.555349,
                50.217719
              ],
              [
                1.654307,
                50.186591
              ],
              [
                1.664073,
                50.187079
              ],
              [
                1.672537,
                50.192532
              ],
              [
                1.672537,
                50.199368
              ],
              [
                1.661957,
                50.19892
              ],
              [
                1.655284,
                50.200507
              ],
              [
                1.650076,
                50.204779
              ],
              [
                1.644542,
                50.212388
              ],
              [
                1.66505,
                50.212388
              ],
              [
                1.66505,
                50.219794
              ],
              [
                1.645681,
                50.220038
              ],
              [
                1.625499,
                50.224311
              ],
              [
                1.610037,
                50.232245
              ],
              [
                1.603526,
                50.243476
              ],
              [
                1.593923,
                50.256293
              ],
              [
                1.551117,
                50.26968
              ],
              [
                1.541515,
                50.277899
              ],
              [
                1.543142,
                50.310004
              ],
              [
                1.551524,
                50.349066
              ],
              [
                1.572032,
                50.375678
              ],
              [
                1.594981,
                50.372667
              ],
              [
                1.610362,
                50.370673
              ],
              [
                1.610362,
                50.376899
              ],
              [
                1.555186,
                50.404771
              ],
              [
                1.555186,
                50.411566
              ],
              [
                1.573497,
                50.44538
              ],
              [
                1.574229,
                50.492377
              ],
              [
                1.579275,
                50.533149
              ],
              [
                1.610362,
                50.548163
              ],
              [
                1.583344,
                50.574693
              ],
              [
                1.577891,
                50.588609
              ],
              [
                1.573578,
                50.635565
              ],
              [
                1.563162,
                50.67829
              ],
              [
                1.562673,
                50.698961
              ],
              [
                1.567638,
                50.716742
              ],
              [
                1.588715,
                50.756293
              ],
              [
                1.600108,
                50.770982
              ],
              [
                1.605642,
                50.790025
              ],
              [
                1.599294,
                50.812934
              ],
              [
                1.583181,
                50.849799
              ],
              [
                1.580821,
                50.863715
              ],
              [
                1.580577,
                50.868801
              ],
              [
                1.604828,
                50.881049
              ],
              [
                1.613455,
                50.883368
              ],
              [
                1.634288,
                50.884589
              ],
              [
                1.653331,
                50.889106
              ],
              [
                1.670177,
                50.900092
              ],
              [
                1.699067,
                50.925605
              ],
              [
                1.729828,
                50.943915
              ],
              [
                1.921397,
                50.996772
              ],
              [
                1.939301,
                50.994452
              ],
              [
                1.973481,
                51.007148
              ],
              [
                2.134044,
                51.019965
              ],
              [
                2.305512,
                51.055406
              ],
              [
                2.316091,
                51.059027
              ],
              [
                2.324474,
                51.059882
              ],
              [
                2.384451,
                51.055325
              ],
              [
                2.466075,
                51.068793
              ],
              [
                2.506684,
                51.080756
              ],
              [
                2.521495,
                51.087388
              ],
              [
                2.5218,
                51.087541
              ]
            ],
            [
              [
                1.983372,
                42.441261
              ],
              [
                1.986163,
                42.441261
              ],
              [
                1.996084,
                42.442837
              ],
              [
                1.999495,
                42.443896
              ],
              [
                1.988436,
                42.458185
              ],
              [
                1.978308,
                42.47498
              ],
              [
                1.967972,
                42.485702
              ],
              [
                1.956604,
                42.481775
              ],
              [
                1.945648,
                42.463817
              ],
              [
                1.947509,
                42.451234
              ],
              [
                1.960634,
                42.443715
              ],
              [
                1.983372,
                42.441261
              ]
            ]
          ],
          [
            [
              [
                9.456554,
                42.647406
              ],
              [
                9.482107,
                42.620103
              ],
              [
                9.476899,
                42.620103
              ],
              [
                9.476817,
                42.619086
              ],
              [
                9.456554,
                42.647406
              ]
            ]
          ],
          [
            [
              [
                8.565766,
                42.208564
              ],
              [
                8.574067,
                42.219916
              ],
              [
                8.565766,
                42.225735
              ],
              [
                8.552419,
                42.22899
              ],
              [
                8.545258,
                42.232856
              ],
              [
                8.54949,
                42.242255
              ],
              [
                8.559906,
                42.24433
              ],
              [
                8.586274,
                42.243354
              ],
              [
                8.593761,
                42.246283
              ],
              [
                8.601329,
                42.250678
              ],
              [
                8.61085,
                42.254625
              ],
              [
                8.651134,
                42.260403
              ],
              [
                8.664724,
                42.264879
              ],
              [
                8.675059,
                42.270657
              ],
              [
                8.680837,
                42.272773
              ],
              [
                8.685232,
                42.271918
              ],
              [
                8.687755,
                42.272935
              ],
              [
                8.688731,
                42.280951
              ],
              [
                8.674001,
                42.289496
              ],
              [
                8.672048,
                42.291164
              ],
              [
                8.634776,
                42.304836
              ],
              [
                8.632335,
                42.308661
              ],
              [
                8.629649,
                42.315253
              ],
              [
                8.625173,
                42.319159
              ],
              [
                8.611095,
                42.310045
              ],
              [
                8.605317,
                42.310452
              ],
              [
                8.60141,
                42.314765
              ],
              [
                8.599864,
                42.321926
              ],
              [
                8.604747,
                42.325588
              ],
              [
                8.634776,
                42.338935
              ],
              [
                8.612804,
                42.352444
              ],
              [
                8.591563,
                42.351142
              ],
              [
                8.552094,
                42.338935
              ],
              [
                8.559581,
                42.346381
              ],
              [
                8.553477,
                42.354885
              ],
              [
                8.549653,
                42.36579
              ],
              [
                8.549083,
                42.377102
              ],
              [
                8.552094,
                42.386705
              ],
              [
                8.560802,
                42.381659
              ],
              [
                8.570486,
                42.381781
              ],
              [
                8.5796,
                42.385932
              ],
              [
                8.586274,
                42.392971
              ],
              [
                8.598643,
                42.3876
              ],
              [
                8.602387,
                42.391913
              ],
              [
                8.603526,
                42.400336
              ],
              [
                8.60727,
                42.407213
              ],
              [
                8.612071,
                42.411811
              ],
              [
                8.614024,
                42.416246
              ],
              [
                8.618663,
                42.419582
              ],
              [
                8.65089,
                42.423285
              ],
              [
                8.659516,
                42.429877
              ],
              [
                8.661632,
                42.439765
              ],
              [
                8.661388,
                42.45189
              ],
              [
                8.672374,
                42.464423
              ],
              [
                8.676768,
                42.47248
              ],
              [
                8.672048,
                42.476142
              ],
              [
                8.659679,
                42.477118
              ],
              [
                8.657074,
                42.480048
              ],
              [
                8.659353,
                42.484361
              ],
              [
                8.667491,
                42.509711
              ],
              [
                8.680431,
                42.521064
              ],
              [
                8.697602,
                42.527004
              ],
              [
                8.716563,
                42.530707
              ],
              [
                8.710785,
                42.540107
              ],
              [
                8.716319,
                42.561998
              ],
              [
                8.709158,
                42.571723
              ],
              [
                8.709158,
                42.579169
              ],
              [
                8.71697,
                42.576117
              ],
              [
                8.719737,
                42.575995
              ],
              [
                8.720876,
                42.574123
              ],
              [
                8.723481,
                42.565497
              ],
              [
                8.740001,
                42.572333
              ],
              [
                8.750662,
                42.568793
              ],
              [
                8.759613,
                42.561754
              ],
              [
                8.771251,
                42.558051
              ],
              [
                8.786957,
                42.561998
              ],
              [
                8.798839,
                42.571763
              ],
              [
                8.807465,
                42.58511
              ],
              [
                8.812836,
                42.599595
              ],
              [
                8.805431,
                42.606431
              ],
              [
                8.843028,
                42.608059
              ],
              [
                8.906505,
                42.632473
              ],
              [
                9.018321,
                42.650133
              ],
              [
                9.049978,
                42.662177
              ],
              [
                9.052989,
                42.681586
              ],
              [
                9.107107,
                42.725898
              ],
              [
                9.117849,
                42.732001
              ],
              [
                9.141449,
                42.735012
              ],
              [
                9.165212,
                42.735175
              ],
              [
                9.176036,
                42.732815
              ],
              [
                9.185069,
                42.733385
              ],
              [
                9.236827,
                42.722561
              ],
              [
                9.257823,
                42.713935
              ],
              [
                9.264659,
                42.708889
              ],
              [
                9.270844,
                42.702216
              ],
              [
                9.276134,
                42.694159
              ],
              [
                9.28533,
                42.67475
              ],
              [
                9.292166,
                42.67475
              ],
              [
                9.327891,
                42.720038
              ],
              [
                9.34254,
                42.749091
              ],
              [
                9.333018,
                42.770941
              ],
              [
                9.340994,
                42.790107
              ],
              [
                9.33546,
                42.807603
              ],
              [
                9.321788,
                42.82392
              ],
              [
                9.305675,
                42.83926
              ],
              [
                9.333018,
                42.867133
              ],
              [
                9.332856,
                42.8758
              ],
              [
                9.326345,
                42.885321
              ],
              [
                9.326182,
                42.893785
              ],
              [
                9.330251,
                42.903551
              ],
              [
                9.336925,
                42.910386
              ],
              [
                9.360199,
                42.928616
              ],
              [
                9.356781,
                42.933539
              ],
              [
                9.355724,
                42.93651
              ],
              [
                9.356944,
                42.94066
              ],
              [
                9.360199,
                42.949123
              ],
              [
                9.349946,
                42.957221
              ],
              [
                9.343435,
                42.97309
              ],
              [
                9.341807,
                42.990668
              ],
              [
                9.34669,
                43.00373
              ],
              [
                9.363048,
                43.011542
              ],
              [
                9.404307,
                43.011664
              ],
              [
                9.422374,
                43.017401
              ],
              [
                9.435557,
                43.00373
              ],
              [
                9.444509,
                42.997992
              ],
              [
                9.464041,
                42.990058
              ],
              [
                9.464041,
                42.982611
              ],
              [
                9.455577,
                42.974555
              ],
              [
                9.453868,
                42.963813
              ],
              [
                9.458751,
                42.952338
              ],
              [
                9.470063,
                42.942288
              ],
              [
                9.465505,
                42.923529
              ],
              [
                9.484386,
                42.832424
              ],
              [
                9.482758,
                42.802314
              ],
              [
                9.450369,
                42.708889
              ],
              [
                9.451427,
                42.696723
              ],
              [
                9.449392,
                42.682603
              ],
              [
                9.450369,
                42.653632
              ],
              [
                9.449067,
                42.651068
              ],
              [
                9.446056,
                42.648586
              ],
              [
                9.44337,
                42.64525
              ],
              [
                9.442882,
                42.64057
              ],
              [
                9.445323,
                42.637885
              ],
              [
                9.449962,
                42.635728
              ],
              [
                9.4546,
                42.634589
              ],
              [
                9.456554,
                42.634426
              ],
              [
                9.459239,
                42.625434
              ],
              [
                9.461681,
                42.619818
              ],
              [
                9.461436,
                42.614569
              ],
              [
                9.456554,
                42.606431
              ],
              [
                9.46461,
                42.60163
              ],
              [
                9.468028,
                42.594957
              ],
              [
                9.470714,
                42.587226
              ],
              [
                9.476899,
                42.579169
              ],
              [
                9.484874,
                42.574449
              ],
              [
                9.511892,
                42.565497
              ],
              [
                9.509125,
                42.579983
              ],
              [
                9.504731,
                42.586615
              ],
              [
                9.489594,
                42.612616
              ],
              [
                9.518565,
                42.580959
              ],
              [
                9.528087,
                42.563544
              ],
              [
                9.532237,
                42.544379
              ],
              [
                9.53004,
                42.486314
              ],
              [
                9.533376,
                42.456244
              ],
              [
                9.545909,
                42.435126
              ],
              [
                9.539887,
                42.422065
              ],
              [
                9.535411,
                42.408189
              ],
              [
                9.532725,
                42.392524
              ],
              [
                9.532237,
                42.373725
              ],
              [
                9.536957,
                42.353176
              ],
              [
                9.555431,
                42.314276
              ],
              [
                9.559581,
                42.294582
              ],
              [
                9.552257,
                42.170152
              ],
              [
                9.559581,
                42.146552
              ],
              [
                9.556895,
                42.138251
              ],
              [
                9.554942,
                42.120836
              ],
              [
                9.552745,
                42.113023
              ],
              [
                9.545584,
                42.10399
              ],
              [
                9.518565,
                42.08511
              ],
              [
                9.507823,
                42.072211
              ],
              [
                9.492442,
                42.047756
              ],
              [
                9.423839,
                41.973538
              ],
              [
                9.408702,
                41.962226
              ],
              [
                9.403168,
                41.952948
              ],
              [
                9.402843,
                41.917426
              ],
              [
                9.394298,
                41.847968
              ],
              [
                9.403005,
                41.779731
              ],
              [
                9.401622,
                41.706448
              ],
              [
                9.398611,
                41.701483
              ],
              [
                9.391124,
                41.699042
              ],
              [
                9.381196,
                41.692694
              ],
              [
                9.372244,
                41.683905
              ],
              [
                9.367035,
                41.674221
              ],
              [
                9.380707,
                41.674221
              ],
              [
                9.37794,
                41.65644
              ],
              [
                9.373057,
                41.645168
              ],
              [
                9.363617,
                41.640041
              ],
              [
                9.353201,
                41.640815
              ],
              [
                9.345225,
                41.640326
              ],
              [
                9.342133,
                41.63467
              ],
              [
                9.34669,
                41.619574
              ],
              [
                9.333263,
                41.624457
              ],
              [
                9.318207,
                41.627143
              ],
              [
                9.303722,
                41.627834
              ],
              [
                9.292166,
                41.62641
              ],
              [
                9.293956,
                41.617621
              ],
              [
                9.284434,
                41.607652
              ],
              [
                9.278575,
                41.598375
              ],
              [
                9.292166,
                41.59162
              ],
              [
                9.325043,
                41.601955
              ],
              [
                9.345063,
                41.604478
              ],
              [
                9.354177,
                41.595404
              ],
              [
                9.350597,
                41.581204
              ],
              [
                9.341075,
                41.569281
              ],
              [
                9.326671,
                41.561103
              ],
              [
                9.309093,
                41.558173
              ],
              [
                9.299653,
                41.55329
              ],
              [
                9.292166,
                41.542914
              ],
              [
                9.281993,
                41.533271
              ],
              [
                9.264659,
                41.530829
              ],
              [
                9.268728,
                41.523749
              ],
              [
                9.269867,
                41.516791
              ],
              [
                9.268728,
                41.509955
              ],
              [
                9.264659,
                41.502875
              ],
              [
                9.276215,
                41.499416
              ],
              [
                9.279145,
                41.491645
              ],
              [
                9.27475,
                41.482856
              ],
              [
                9.264659,
                41.476142
              ],
              [
                9.270844,
                41.468736
              ],
              [
                9.255219,
                41.463609
              ],
              [
                9.228038,
                41.450019
              ],
              [
                9.210704,
                41.448228
              ],
              [
                9.210704,
                41.440863
              ],
              [
                9.220063,
                41.435045
              ],
              [
                9.223318,
                41.427314
              ],
              [
                9.219981,
                41.419623
              ],
              [
                9.210704,
                41.41352
              ],
              [
                9.210704,
                41.407294
              ],
              [
                9.222016,
                41.410956
              ],
              [
                9.237966,
                41.422268
              ],
              [
                9.250336,
                41.427802
              ],
              [
                9.246593,
                41.412909
              ],
              [
                9.23878,
                41.395901
              ],
              [
                9.230154,
                41.380927
              ],
              [
                9.223155,
                41.372504
              ],
              [
                9.206716,
                41.365912
              ],
              [
                9.193858,
                41.369127
              ],
              [
                9.169119,
                41.386176
              ],
              [
                9.153331,
                41.391343
              ],
              [
                9.122244,
                41.394965
              ],
              [
                9.096446,
                41.40351
              ],
              [
                9.10727,
                41.429267
              ],
              [
                9.112153,
                41.432563
              ],
              [
                9.121349,
                41.434638
              ],
              [
                9.105154,
                41.445502
              ],
              [
                9.080903,
                41.453192
              ],
              [
                9.06658,
                41.4619
              ],
              [
                9.079845,
                41.476142
              ],
              [
                9.079845,
                41.482367
              ],
              [
                9.068207,
                41.479478
              ],
              [
                9.038748,
                41.4619
              ],
              [
                9.031993,
                41.468736
              ],
              [
                9.03419,
                41.470893
              ],
              [
                9.035411,
                41.471625
              ],
              [
                9.036632,
                41.472846
              ],
              [
                9.038748,
                41.476142
              ],
              [
                9.028087,
                41.473822
              ],
              [
                9.024099,
                41.472113
              ],
              [
                9.018321,
                41.468736
              ],
              [
                9.011485,
                41.476142
              ],
              [
                9.000987,
                41.483059
              ],
              [
                8.975597,
                41.489081
              ],
              [
                8.95102,
                41.491889
              ],
              [
                8.93572,
                41.489203
              ],
              [
                8.924815,
                41.49494
              ],
              [
                8.916759,
                41.501654
              ],
              [
                8.906912,
                41.50731
              ],
              [
                8.883637,
                41.511176
              ],
              [
                8.881114,
                41.514838
              ],
              [
                8.879161,
                41.519355
              ],
              [
                8.873709,
                41.523383
              ],
              [
                8.864268,
                41.525336
              ],
              [
                8.856293,
                41.525336
              ],
              [
                8.848399,
                41.526109
              ],
              [
                8.83961,
                41.530829
              ],
              [
                8.853282,
                41.537665
              ],
              [
                8.853282,
                41.54385
              ],
              [
                8.840587,
                41.547268
              ],
              [
                8.833344,
                41.550727
              ],
              [
                8.823904,
                41.549954
              ],
              [
                8.809906,
                41.55268
              ],
              [
                8.797211,
                41.557074
              ],
              [
                8.791759,
                41.561225
              ],
              [
                8.796397,
                41.580552
              ],
              [
                8.793224,
                41.587307
              ],
              [
                8.778087,
                41.59162
              ],
              [
                8.785411,
                41.604682
              ],
              [
                8.792003,
                41.625149
              ],
              [
                8.801768,
                41.639065
              ],
              [
                8.819021,
                41.632636
              ],
              [
                8.872569,
                41.651068
              ],
              [
                8.881114,
                41.657131
              ],
              [
                8.885753,
                41.670885
              ],
              [
                8.896983,
                41.677924
              ],
              [
                8.910655,
                41.683824
              ],
              [
                8.922699,
                41.694648
              ],
              [
                8.899181,
                41.695461
              ],
              [
                8.836436,
                41.70893
              ],
              [
                8.812348,
                41.709296
              ],
              [
                8.788829,
                41.712551
              ],
              [
                8.776134,
                41.722398
              ],
              [
                8.784923,
                41.742499
              ],
              [
                8.760102,
                41.742662
              ],
              [
                8.719086,
                41.730699
              ],
              [
                8.695567,
                41.729438
              ],
              [
                8.69809,
                41.733059
              ],
              [
                8.702973,
                41.742499
              ],
              [
                8.688731,
                41.741767
              ],
              [
                8.677989,
                41.744086
              ],
              [
                8.667979,
                41.747504
              ],
              [
                8.655121,
                41.749905
              ],
              [
                8.668224,
                41.754869
              ],
              [
                8.6963,
                41.758205
              ],
              [
                8.709158,
                41.763577
              ],
              [
                8.71754,
                41.77204
              ],
              [
                8.722016,
                41.782416
              ],
              [
                8.720225,
                41.791693
              ],
              [
                8.709158,
                41.797065
              ],
              [
                8.709158,
                41.804511
              ],
              [
                8.731944,
                41.804592
              ],
              [
                8.752289,
                41.809801
              ],
              [
                8.784923,
                41.824408
              ],
              [
                8.78004,
                41.83393
              ],
              [
                8.772309,
                41.840399
              ],
              [
                8.76238,
                41.844143
              ],
              [
                8.750824,
                41.845526
              ],
              [
                8.783702,
                41.853583
              ],
              [
                8.791759,
                41.859117
              ],
              [
                8.789317,
                41.861314
              ],
              [
                8.785818,
                41.867987
              ],
              [
                8.781749,
                41.873684
              ],
              [
                8.778087,
                41.872789
              ],
              [
                8.79005,
                41.886949
              ],
              [
                8.791759,
                41.887112
              ],
              [
                8.794607,
                41.892157
              ],
              [
                8.803396,
                41.900539
              ],
              [
                8.805431,
                41.906928
              ],
              [
                8.803071,
                41.907457
              ],
              [
                8.791759,
                41.913764
              ],
              [
                8.785981,
                41.922838
              ],
              [
                8.781423,
                41.928778
              ],
              [
                8.775076,
                41.932318
              ],
              [
                8.764415,
                41.934272
              ],
              [
                8.744395,
                41.932807
              ],
              [
                8.710297,
                41.918769
              ],
              [
                8.688731,
                41.913764
              ],
              [
                8.647634,
                41.911811
              ],
              [
                8.629893,
                41.908637
              ],
              [
                8.614268,
                41.900784
              ],
              [
                8.60727,
                41.913764
              ],
              [
                8.618663,
                41.930487
              ],
              [
                8.614431,
                41.944078
              ],
              [
                8.586274,
                41.96898
              ],
              [
                8.635509,
                41.972642
              ],
              [
                8.65504,
                41.978705
              ],
              [
                8.668793,
                41.996324
              ],
              [
                8.656098,
                42.002875
              ],
              [
                8.664561,
                42.014472
              ],
              [
                8.684337,
                42.02558
              ],
              [
                8.706065,
                42.030463
              ],
              [
                8.711274,
                42.033271
              ],
              [
                8.738048,
                42.043931
              ],
              [
                8.743419,
                42.044135
              ],
              [
                8.744965,
                42.056586
              ],
              [
                8.739106,
                42.063422
              ],
              [
                8.723481,
                42.072089
              ],
              [
                8.706228,
                42.100491
              ],
              [
                8.699229,
                42.10932
              ],
              [
                8.688813,
                42.111151
              ],
              [
                8.660899,
                42.105455
              ],
              [
                8.655121,
                42.10932
              ],
              [
                8.647716,
                42.122016
              ],
              [
                8.629568,
                42.130072
              ],
              [
                8.6067,
                42.133734
              ],
              [
                8.586274,
                42.13349
              ],
              [
                8.591075,
                42.14289
              ],
              [
                8.593761,
                42.146552
              ],
              [
                8.586274,
                42.151435
              ],
              [
                8.578136,
                42.154202
              ],
              [
                8.569102,
                42.154975
              ],
              [
                8.559581,
                42.153998
              ],
              [
                8.569672,
                42.155585
              ],
              [
                8.577891,
                42.158759
              ],
              [
                8.593761,
                42.16706
              ],
              [
                8.593761,
                42.174506
              ],
              [
                8.565766,
                42.174506
              ],
              [
                8.565766,
                42.181301
              ],
              [
                8.577647,
                42.184882
              ],
              [
                8.581798,
                42.194525
              ],
              [
                8.57781,
                42.204413
              ],
              [
                8.565766,
                42.208564
              ]
            ]
          ],
          [
            [
              [
                -1.21939,
                45.943915
              ],
              [
                -1.224355,
                45.935045
              ],
              [
                -1.213938,
                45.928046
              ],
              [
                -1.18517,
                45.915961
              ],
              [
                -1.177724,
                45.906928
              ],
              [
                -1.176096,
                45.898749
              ],
              [
                -1.184193,
                45.85635
              ],
              [
                -1.194569,
                45.830064
              ],
              [
                -1.209218,
                45.814154
              ],
              [
                -1.226877,
                45.81977
              ],
              [
                -1.2412,
                45.85456
              ],
              [
                -1.24942,
                45.867743
              ],
              [
                -1.260365,
                45.881822
              ],
              [
                -1.319,
                45.928127
              ],
              [
                -1.340159,
                45.938666
              ],
              [
                -1.361724,
                45.956732
              ],
              [
                -1.378326,
                45.975979
              ],
              [
                -1.373891,
                45.984931
              ],
              [
                -1.371653,
                45.995307
              ],
              [
                -1.382924,
                46.0185
              ],
              [
                -1.404937,
                46.053168
              ],
              [
                -1.373891,
                46.050238
              ],
              [
                -1.339915,
                46.037828
              ],
              [
                -1.308705,
                46.02025
              ],
              [
                -1.285146,
                46.001654
              ],
              [
                -1.273834,
                45.997626
              ],
              [
                -1.26122,
                46.000678
              ],
              [
                -1.247629,
                46.001776
              ],
              [
                -1.233632,
                45.991685
              ],
              [
                -1.229563,
                45.979234
              ],
              [
                -1.231191,
                45.967922
              ],
              [
                -1.230458,
                45.958197
              ],
              [
                -1.21939,
                45.950751
              ],
              [
                -1.21939,
                45.943915
              ]
            ]
          ],
          [
            [
              [
                -1.281402,
                46.156195
              ],
              [
                -1.286285,
                46.160102
              ],
              [
                -1.290679,
                46.161322
              ],
              [
                -1.33609,
                46.167222
              ],
              [
                -1.432851,
                46.210842
              ],
              [
                -1.488922,
                46.203355
              ],
              [
                -1.504262,
                46.207668
              ],
              [
                -1.54483,
                46.239895
              ],
              [
                -1.555816,
                46.245551
              ],
              [
                -1.555816,
                46.251776
              ],
              [
                -1.498118,
                46.261908
              ],
              [
                -1.480092,
                46.259223
              ],
              [
                -1.472727,
                46.255276
              ],
              [
                -1.467885,
                46.249905
              ],
              [
                -1.467437,
                46.243964
              ],
              [
                -1.473866,
                46.238105
              ],
              [
                -1.497711,
                46.245185
              ],
              [
                -1.507965,
                46.245551
              ],
              [
                -1.490549,
                46.224433
              ],
              [
                -1.464182,
                46.224921
              ],
              [
                -1.435455,
                46.233832
              ],
              [
                -1.411122,
                46.238105
              ],
              [
                -1.411122,
                46.231269
              ],
              [
                -1.425364,
                46.231269
              ],
              [
                -1.425364,
                46.223822
              ],
              [
                -1.408762,
                46.218248
              ],
              [
                -1.308095,
                46.206936
              ],
              [
                -1.284739,
                46.196438
              ],
              [
                -1.265736,
                46.180976
              ],
              [
                -1.25414,
                46.162421
              ],
              [
                -1.263417,
                46.161851
              ],
              [
                -1.270863,
                46.160224
              ],
              [
                -1.281402,
                46.156195
              ]
            ]
          ],
          [
            [
              [
                -2.337229,
                46.731594
              ],
              [
                -2.298207,
                46.72016
              ],
              [
                -2.279693,
                46.710273
              ],
              [
                -2.268951,
                46.697414
              ],
              [
                -2.291371,
                46.703599
              ],
              [
                -2.371409,
                46.704291
              ],
              [
                -2.382924,
                46.722642
              ],
              [
                -2.375152,
                46.731635
              ],
              [
                -2.356801,
                46.733791
              ],
              [
                -2.337229,
                46.731594
              ]
            ]
          ],
          [
            [
              [
                -2.200103,
                46.985419
              ],
              [
                -2.189809,
                46.97724
              ],
              [
                -2.155751,
                46.964911
              ],
              [
                -2.144846,
                46.957465
              ],
              [
                -2.140045,
                46.943427
              ],
              [
                -2.137685,
                46.923163
              ],
              [
                -2.142568,
                46.909857
              ],
              [
                -2.159088,
                46.91649
              ],
              [
                -2.173695,
                46.939154
              ],
              [
                -2.194814,
                46.961859
              ],
              [
                -2.220204,
                46.973863
              ],
              [
                -2.247304,
                46.964301
              ],
              [
                -2.263173,
                46.979804
              ],
              [
                -2.278676,
                47.018134
              ],
              [
                -2.295644,
                47.033189
              ],
              [
                -2.238596,
                47.035346
              ],
              [
                -2.220448,
                47.033189
              ],
              [
                -2.200022,
                47.024359
              ],
              [
                -2.197418,
                47.013007
              ],
              [
                -2.201324,
                46.999742
              ],
              [
                -2.200103,
                46.985419
              ]
            ]
          ],
          [
            [
              [
                -3.114654,
                47.331488
              ],
              [
                -3.102691,
                47.327338
              ],
              [
                -3.072743,
                47.328315
              ],
              [
                -3.062815,
                47.320624
              ],
              [
                -3.067006,
                47.301947
              ],
              [
                -3.093617,
                47.296617
              ],
              [
                -3.171702,
                47.301581
              ],
              [
                -3.223459,
                47.312161
              ],
              [
                -3.240956,
                47.320624
              ],
              [
                -3.23762,
                47.336371
              ],
              [
                -3.245351,
                47.352851
              ],
              [
                -3.256174,
                47.368801
              ],
              [
                -3.262074,
                47.383246
              ],
              [
                -3.253651,
                47.388861
              ],
              [
                -3.249623,
                47.395209
              ],
              [
                -3.242991,
                47.395331
              ],
              [
                -3.23412,
                47.389553
              ],
              [
                -3.221506,
                47.387519
              ],
              [
                -3.176503,
                47.371487
              ],
              [
                -3.151601,
                47.35814
              ],
              [
                -3.148793,
                47.355373
              ],
              [
                -3.114654,
                47.331488
              ]
            ]
          ],
          [
            [
              [
                -5.050282,
                48.478827
              ],
              [
                -5.048166,
                48.476508
              ],
              [
                -5.046254,
                48.473822
              ],
              [
                -5.042958,
                48.471991
              ],
              [
                -5.03661,
                48.472602
              ],
              [
                -5.03661,
                48.465155
              ],
              [
                -5.087961,
                48.447211
              ],
              [
                -5.10554,
                48.444648
              ],
              [
                -5.10554,
                48.451483
              ],
              [
                -5.102162,
                48.45185
              ],
              [
                -5.095123,
                48.451117
              ],
              [
                -5.091868,
                48.451483
              ],
              [
                -5.097768,
                48.46133
              ],
              [
                -5.107411,
                48.463365
              ],
              [
                -5.132802,
                48.458319
              ],
              [
                -5.132802,
                48.465155
              ],
              [
                -5.091786,
                48.48078
              ],
              [
                -5.069,
                48.485053
              ],
              [
                -5.050282,
                48.478827
              ]
            ]
          ],
          [
            [
              [
                -109.212026,
                10.30268
              ],
              [
                -109.210357,
                10.288723
              ],
              [
                -109.218577,
                10.281562
              ],
              [
                -109.228017,
                10.292141
              ],
              [
                -109.234242,
                10.307929
              ],
              [
                -109.225942,
                10.311021
              ],
              [
                -109.212026,
                10.30268
              ]
            ]
          ],
          [
            [
              [
                6.235037,
                43.022406
              ],
              [
                6.241885,
                43.02565
              ],
              [
                6.251004,
                43.017297
              ],
              [
                6.252209,
                43.002632
              ],
              [
                6.230235,
                42.995347
              ],
              [
                6.216482,
                42.990383
              ],
              [
                6.202485,
                42.987128
              ],
              [
                6.190115,
                42.99018
              ],
              [
                6.166189,
                42.999661
              ],
              [
                6.164724,
                43.005072
              ],
              [
                6.175141,
                43.008979
              ],
              [
                6.202973,
                43.008002
              ],
              [
                6.211599,
                43.011623
              ],
              [
                6.215017,
                43.014716
              ],
              [
                6.218272,
                43.015448
              ],
              [
                6.221039,
                43.01496
              ],
              [
                6.233393,
                43.015582
              ],
              [
                6.235037,
                43.022406
              ]
            ]
          ]
        ]
      }
    },
    {
      "type": "Feature",
      "properties": {
        "ADM0_ISO": "BEL",
        "featurecla": "Admin-0 country",
        "scalerank": 0,
        "LABELRANK": 2,
        "SOVEREIGNT": "Belgium",
        "SOV_A3": "BEL",
        "ADM0_DIF": 0,
        "LEVEL": 2,
        "TYPE": "Sovereign country",
        "TLC": "1",
        "ADMIN": "Belgium",
        "ADM0_A3": "BEL",
        "GEOU_DIF": 0,
        "GEOUNIT": "Belgium",
        "GU_A3": "BEL",
        "SU_DIF": 0,
        "SUBUNIT": "Belgium",
        "SU_A3": "BEL",
        "BRK_DIFF": 0,
        "NAME": "Belgium",
        "NAME_LONG": "Belgium",
        "BRK_A3": "BEL",
        "BRK_NAME": "Belgium",
        "BRK_GROUP": null,
        "ABBREV": "Belg.",
        "POSTAL": "B",
        "FORMAL_EN": "Kingdom of Belgium",
        "FORMAL_FR": null,
        "NAME_CIAWF": "Belgium",
        "NOTE_ADM0": null,
        "NOTE_BRK": null,
        "NAME_SORT": "Belgium",
        "NAME_ALT": null,
        "MAPCOLOR7": 3,
        "MAPCOLOR8": 2,
        "MAPCOLOR9": 1,
        "MAPCOLOR13": 8,
        "POP_EST": 11484055,
        "POP_RANK": 14,
        "POP_YEAR": 2019,
        "GDP_MD": 533097,
        "GDP_YEAR": 2019,
        "ECONOMY": "2. Developed region: nonG7",
        "INCOME_GRP": "1. High income: OECD",
        "FIPS_10": "BE",
        "ISO_A2": "BE",
        "ISO_A2_EH": "BE",
        "ISO_A3": "BEL",
        "ISO_A3_EH": "BEL",
        "ISO_N3": "056",
        "ISO_N3_EH": "056",
        "UN_A3": "056",
        "WB_A2": "BE",
        "WB_A3": "BEL",
        "WOE_ID": 23424757,
        "WOE_ID_EH": 23424757,
        "WOE_NOTE": "Exact WOE match as country",
        "ADM0_DIFF": null,
        "ADM0_TLC": "BEL",
        "ADM0_A3_US": "BEL",
        "ADM0_A3_FR": "BEL",
        "ADM0_A3_RU": "BEL",
        "ADM0_A3_ES": "BEL",
        "ADM0_A3_CN": "BEL",
        "ADM0_A3_TW": "BEL",
        "ADM0_A3_IN": "BEL",
        "ADM0_A3_NP": "BEL",
        "ADM0_A3_PK": "BEL",
        "ADM0_A3_DE": "BEL",
        "ADM0_A3_GB": "BEL",
        "ADM0_A3_BR": "BEL",
        "ADM0_A3_IL": "BEL",
        "ADM0_A3_PS": "BEL",
        "ADM0_A3_SA": "BEL",
        "ADM0_A3_EG": "BEL",
        "ADM0_A3_MA": "BEL",
        "ADM0_A3_PT": "BEL",
        "ADM0_A3_AR": "BEL",
        "ADM0_A3_JP": "BEL",
        "ADM0_A3_KO": "BEL",
        "ADM0_A3_VN": "BEL",
        "ADM0_A3_TR": "BEL",
        "ADM0_A3_ID": "BEL",
        "ADM0_A3_PL": "BEL",
        "ADM0_A3_GR": "BEL",
        "ADM0_A3_IT": "BEL",
        "ADM0_A3_NL": "BEL",
        "ADM0_A3_SE": "BEL",
        "ADM0_A3_BD": "BEL",
        "ADM0_A3_UA": "BEL",
        "ADM0_A3_UN": -99,
        "ADM0_A3_WB": -99,
        "CONTINENT": "Europe",
        "REGION_UN": "Europe",
        "SUBREGION": "Western Europe",
        "REGION_WB": "Europe & Central Asia",
        "NAME_LEN": 7,
        "LONG_LEN": 7,
        "ABBREV_LEN": 5,
        "TINY": -99,
        "HOMEPART": 1,
        "MIN_ZOOM": 0,
        "MIN_LABEL": 4,
        "MAX_LABEL": 9,
        "LABEL_X": 4.800448,
        "LABEL_Y": 50.785392,
        "NE_ID": 1159320389,
        "WIKIDATAID": "Q31",
        "NAME_AR": "بلجيكا",
        "NAME_BN": "বেলজিয়াম",
        "NAME_DE": "Belgien",
        "NAME_EN": "Belgium",
        "NAME_ES": "Bélgica",
        "NAME_FA": "بلژیک",
        "NAME_FR": "Belgique",
        "NAME_EL": "Βέλγιο",
        "NAME_HE": "בלגיה",
        "NAME_HI": "बेल्जियम",
        "NAME_HU": "Belgium",
        "NAME_ID": "Belgia",
        "NAME_IT": "Belgio",
        "NAME_JA": "ベルギー",
        "NAME_KO": "벨기에",
        "NAME_NL": "België",
        "NAME_PL": "Belgia",
        "NAME_PT": "Bélgica",
        "NAME_RU": "Бельгия",
        "NAME_SV": "Belgien",
        "NAME_TR": "Belçika",
        "NAME_UK": "Бельгія",
        "NAME_UR": "بلجئیم",
        "NAME_VI": "Bỉ",
        "NAME_ZH": "比利时",
        "NAME_ZHT": "比利時",
        "FCLASS_ISO": "Admin-0 country",
        "TLC_DIFF": null,
        "FCLASS_TLC": "Admin-0 country",
        "FCLASS_US": null,
        "FCLASS_FR": null,
        "FCLASS_RU": null,
        "FCLASS_ES": null,
        "FCLASS_CN": null,
        "FCLASS_TW": null,
        "FCLASS_IN": null,
        "FCLASS_NP": null,
        "FCLASS_PK": null,
        "FCLASS_DE": null,
        "FCLASS_GB": null,
        "FCLASS_BR": null,
        "FCLASS_IL": null,
        "FCLASS_PS": null,
        "FCLASS_SA": null,
        "FCLASS_EG": null,
        "FCLASS_MA": null,
        "FCLASS_PT": null,
        "FCLASS_AR": null,
        "FCLASS_JP": null,
        "FCLASS_KO": null,
        "FCLASS_VN": null,
        "FCLASS_TR": null,
        "FCLASS_ID": null,
        "FCLASS_PL": null,
        "FCLASS_GR": null,
        "FCLASS_IT": null,
        "FCLASS_NL": null,
        "FCLASS_SE": null,
        "FCLASS_BD": null,
        "FCLASS_UA": null
      },
      "bbox": [
        2.5218,
        49.495223,
        6.374525,
        51.496238
      ],
      "geometry": {
        "type": "Polygon",
        "coordinates": [
          [
            [
              2.5218,
              51.087541
            ],
            [
              2.542003,
              51.096869
            ],
            [
              2.579926,
              51.104804
            ],
            [
              2.715668,
              51.169501
            ],
            [
              2.923595,
              51.246487
            ],
            [
              3.124848,
              51.329657
            ],
            [
              3.348969,
              51.375149
            ],
            [
              3.349415,
              51.375223
            ],
            [
              3.358068,
              51.336713
            ],
            [
              3.353934,
              51.311908
            ],
            [
              3.353211,
              51.288602
            ],
            [
              3.36737,
              51.263487
            ],
            [
              3.391658,
              51.24677
            ],
            [
              3.398798,
              51.244698
            ],
            [
              3.421941,
              51.237985
            ],
            [
              3.453877,
              51.235633
            ],
            [
              3.501212,
              51.240284
            ],
            [
              3.504106,
              51.249741
            ],
            [
              3.501522,
              51.262402
            ],
            [
              3.503383,
              51.273952
            ],
            [
              3.514338,
              51.281031
            ],
            [
              3.529014,
              51.283331
            ],
            [
              3.545034,
              51.283925
            ],
            [
              3.584825,
              51.289532
            ],
            [
              3.609526,
              51.290436
            ],
            [
              3.635054,
              51.287827
            ],
            [
              3.757321,
              51.262324
            ],
            [
              3.776234,
              51.254521
            ],
            [
              3.781402,
              51.241421
            ],
            [
              3.779748,
              51.230311
            ],
            [
              3.781402,
              51.219872
            ],
            [
              3.796285,
              51.208762
            ],
            [
              3.808687,
              51.205325
            ],
            [
              3.927026,
              51.206255
            ],
            [
              3.949454,
              51.210777
            ],
            [
              3.995032,
              51.23323
            ],
            [
              4.118952,
              51.272401
            ],
            [
              4.168562,
              51.29687
            ],
            [
              4.207939,
              51.330589
            ],
            [
              4.21352,
              51.340537
            ],
            [
              4.220962,
              51.363817
            ],
            [
              4.221491,
              51.368001
            ],
            [
              4.222179,
              51.367743
            ],
            [
              4.241059,
              51.356594
            ],
            [
              4.249034,
              51.346666
            ],
            [
              4.256114,
              51.328437
            ],
            [
              4.272634,
              51.315823
            ],
            [
              4.290782,
              51.305894
            ],
            [
              4.302989,
              51.296088
            ],
            [
              4.306651,
              51.28974
            ],
            [
              4.308116,
              51.283637
            ],
            [
              4.305431,
              51.276597
            ],
            [
              4.298676,
              51.269599
            ],
            [
              4.296723,
              51.267564
            ],
            [
              4.30836,
              51.271226
            ],
            [
              4.316417,
              51.276842
            ],
            [
              4.330821,
              51.296088
            ],
            [
              4.29713,
              51.305162
            ],
            [
              4.289317,
              51.309149
            ],
            [
              4.285411,
              51.31802
            ],
            [
              4.286143,
              51.339667
            ],
            [
              4.283051,
              51.350084
            ],
            [
              4.275645,
              51.3581
            ],
            [
              4.261068,
              51.369379
            ],
            [
              4.281124,
              51.368947
            ],
            [
              4.290105,
              51.368752
            ],
            [
              4.326278,
              51.356427
            ],
            [
              4.345605,
              51.352293
            ],
            [
              4.392217,
              51.350407
            ],
            [
              4.411234,
              51.356737
            ],
            [
              4.416195,
              51.373971
            ],
            [
              4.410097,
              51.38379
            ],
            [
              4.38767,
              51.400533
            ],
            [
              4.379918,
              51.409525
            ],
            [
              4.380642,
              51.419653
            ],
            [
              4.387153,
              51.427456
            ],
            [
              4.38922,
              51.434588
            ],
            [
              4.377128,
              51.442882
            ],
            [
              4.429424,
              51.461976
            ],
            [
              4.483064,
              51.474327
            ],
            [
              4.512623,
              51.477376
            ],
            [
              4.525232,
              51.475929
            ],
            [
              4.533191,
              51.467583
            ],
            [
              4.531847,
              51.450866
            ],
            [
              4.523372,
              51.438412
            ],
            [
              4.521512,
              51.428645
            ],
            [
              4.540632,
              51.420067
            ],
            [
              4.553861,
              51.419291
            ],
            [
              4.582697,
              51.422599
            ],
            [
              4.614633,
              51.41756
            ],
            [
              4.630136,
              51.418206
            ],
            [
              4.643571,
              51.42141
            ],
            [
              4.653907,
              51.426216
            ],
            [
              4.731215,
              51.485618
            ],
            [
              4.764184,
              51.496238
            ],
            [
              4.778654,
              51.495359
            ],
            [
              4.796844,
              51.491018
            ],
            [
              4.813587,
              51.48412
            ],
            [
              4.823922,
              51.475645
            ],
            [
              4.826093,
              51.460555
            ],
            [
              4.819891,
              51.446215
            ],
            [
              4.815447,
              51.431074
            ],
            [
              4.822682,
              51.413685
            ],
            [
              4.779067,
              51.426423
            ],
            [
              4.767802,
              51.425389
            ],
            [
              4.762117,
              51.413375
            ],
            [
              4.783304,
              51.407638
            ],
            [
              4.853274,
              51.40614
            ],
            [
              4.871671,
              51.403039
            ],
            [
              4.910325,
              51.391903
            ],
            [
              4.931926,
              51.395624
            ],
            [
              4.957144,
              51.410997
            ],
            [
              4.980192,
              51.430531
            ],
            [
              4.995798,
              51.446706
            ],
            [
              5.002723,
              51.459005
            ],
            [
              5.006133,
              51.468307
            ],
            [
              5.012128,
              51.474327
            ],
            [
              5.027527,
              51.476807
            ],
            [
              5.030318,
              51.47443
            ],
            [
              5.06029,
              51.461976
            ],
            [
              5.079927,
              51.438541
            ],
            [
              5.076413,
              51.421901
            ],
            [
              5.065251,
              51.405907
            ],
            [
              5.061737,
              51.384255
            ],
            [
              5.068145,
              51.37454
            ],
            [
              5.102561,
              51.350665
            ],
            [
              5.107832,
              51.341984
            ],
            [
              5.118064,
              51.319918
            ],
            [
              5.122922,
              51.313381
            ],
            [
              5.140182,
              51.307386
            ],
            [
              5.178836,
              51.309505
            ],
            [
              5.197336,
              51.308342
            ],
            [
              5.214906,
              51.294338
            ],
            [
              5.215423,
              51.258733
            ],
            [
              5.232993,
              51.255916
            ],
            [
              5.239456,
              51.25693
            ],
            [
              5.270717,
              51.261833
            ],
            [
              5.389056,
              51.258707
            ],
            [
              5.409933,
              51.263539
            ],
            [
              5.451894,
              51.282116
            ],
            [
              5.471635,
              51.288085
            ],
            [
              5.493235,
              51.286535
            ],
            [
              5.516696,
              51.277233
            ],
            [
              5.535197,
              51.26204
            ],
            [
              5.542328,
              51.242661
            ],
            [
              5.545532,
              51.219924
            ],
            [
              5.551407,
              51.216767
            ],
            [
              5.568373,
              51.207651
            ],
            [
              5.62501,
              51.196902
            ],
            [
              5.638549,
              51.190907
            ],
            [
              5.648161,
              51.183957
            ],
            [
              5.659013,
              51.179074
            ],
            [
              5.67617,
              51.179177
            ],
            [
              5.718028,
              51.184603
            ],
            [
              5.730844,
              51.18375
            ],
            [
              5.747173,
              51.177601
            ],
            [
              5.768051,
              51.159462
            ],
            [
              5.781383,
              51.152409
            ],
            [
              5.812079,
              51.157318
            ],
            [
              5.829132,
              51.156465
            ],
            [
              5.83802,
              51.143727
            ],
            [
              5.840501,
              51.138921
            ],
            [
              5.826445,
              51.130162
            ],
            [
              5.823241,
              51.118741
            ],
            [
              5.845979,
              51.103393
            ],
            [
              5.83678,
              51.099492
            ],
            [
              5.826652,
              51.096908
            ],
            [
              5.815903,
              51.095875
            ],
            [
              5.804948,
              51.096624
            ],
            [
              5.807428,
              51.089389
            ],
            [
              5.808978,
              51.08634
            ],
            [
              5.811769,
              51.082309
            ],
            [
              5.804327,
              51.068589
            ],
            [
              5.79885,
              51.061484
            ],
            [
              5.791305,
              51.054998
            ],
            [
              5.779626,
              51.061303
            ],
            [
              5.771461,
              51.058125
            ],
            [
              5.766397,
              51.048436
            ],
            [
              5.76402,
              51.035181
            ],
            [
              5.777559,
              51.023553
            ],
            [
              5.761746,
              50.999162
            ],
            [
              5.722369,
              50.959423
            ],
            [
              5.744693,
              50.963247
            ],
            [
              5.754305,
              50.963092
            ],
            [
              5.76402,
              50.959423
            ],
            [
              5.752548,
              50.947227
            ],
            [
              5.735288,
              50.923973
            ],
            [
              5.722369,
              50.911674
            ],
            [
              5.717614,
              50.909245
            ],
            [
              5.706039,
              50.90661
            ],
            [
              5.694463,
              50.903664
            ],
            [
              5.622323,
              50.852659
            ],
            [
              5.624493,
              50.830284
            ],
            [
              5.64072,
              50.815039
            ],
            [
              5.657432,
              50.807641
            ],
            [
              5.663251,
              50.805065
            ],
            [
              5.684852,
              50.798503
            ],
            [
              5.700458,
              50.795557
            ],
            [
              5.698701,
              50.783775
            ],
            [
              5.688366,
              50.76083
            ],
            [
              5.706556,
              50.754216
            ],
            [
              5.717408,
              50.752821
            ],
            [
              5.727846,
              50.754164
            ],
            [
              5.732777,
              50.758851
            ],
            [
              5.743556,
              50.769099
            ],
            [
              5.752444,
              50.773439
            ],
            [
              5.76247,
              50.771011
            ],
            [
              5.782933,
              50.756696
            ],
            [
              5.793165,
              50.752149
            ],
            [
              5.879878,
              50.753544
            ],
            [
              5.891288,
              50.751246
            ],
            [
              5.902203,
              50.749048
            ],
            [
              5.974756,
              50.74755
            ],
            [
              5.99491,
              50.749927
            ],
            [
              5.993256,
              50.748066
            ],
            [
              5.992636,
              50.746258
            ],
            [
              5.99274,
              50.744449
            ],
            [
              5.994187,
              50.742589
            ],
            [
              6.010826,
              50.737059
            ],
            [
              6.011343,
              50.727447
            ],
            [
              6.007623,
              50.716905
            ],
            [
              6.01155,
              50.708534
            ],
            [
              6.024779,
              50.707552
            ],
            [
              6.064363,
              50.714477
            ],
            [
              6.081003,
              50.713495
            ],
            [
              6.100227,
              50.701299
            ],
            [
              6.161102,
              50.642181
            ],
            [
              6.147769,
              50.636755
            ],
            [
              6.159448,
              50.622389
            ],
            [
              6.180015,
              50.615516
            ],
            [
              6.249055,
              50.614431
            ],
            [
              6.251329,
              50.608437
            ],
            [
              6.244301,
              50.599548
            ],
            [
              6.232932,
              50.590763
            ],
            [
              6.232932,
              50.587146
            ],
            [
              6.210608,
              50.578671
            ],
            [
              6.179085,
              50.561979
            ],
            [
              6.160688,
              50.543583
            ],
            [
              6.177328,
              50.530198
            ],
            [
              6.169473,
              50.522499
            ],
            [
              6.170817,
              50.517951
            ],
            [
              6.178878,
              50.515781
            ],
            [
              6.190557,
              50.515212
            ],
            [
              6.182599,
              50.506582
            ],
            [
              6.19066,
              50.501828
            ],
            [
              6.199239,
              50.490408
            ],
            [
              6.207197,
              50.486325
            ],
            [
              6.217119,
              50.486015
            ],
            [
              6.250915,
              50.492681
            ],
            [
              6.253086,
              50.494077
            ],
            [
              6.255566,
              50.494593
            ],
            [
              6.25784,
              50.494077
            ],
            [
              6.260114,
              50.492681
            ],
            [
              6.27541,
              50.48803
            ],
            [
              6.318715,
              50.481674
            ],
            [
              6.336905,
              50.481003
            ],
            [
              6.325743,
              50.474026
            ],
            [
              6.323262,
              50.466016
            ],
            [
              6.326156,
              50.457025
            ],
            [
              6.331634,
              50.446896
            ],
            [
              6.340212,
              50.437853
            ],
            [
              6.347343,
              50.436974
            ],
            [
              6.351167,
              50.433564
            ],
            [
              6.350444,
              50.416872
            ],
            [
              6.343313,
              50.393308
            ],
            [
              6.336388,
              50.379923
            ],
            [
              6.337732,
              50.368089
            ],
            [
              6.372458,
              50.329436
            ],
            [
              6.3734,
              50.32308
            ],
            [
              6.374525,
              50.315483
            ],
            [
              6.362019,
              50.306956
            ],
            [
              6.335458,
              50.303856
            ],
            [
              6.322022,
              50.305406
            ],
            [
              6.310653,
              50.308248
            ],
            [
              6.299491,
              50.308868
            ],
            [
              6.285952,
              50.303856
            ],
            [
              6.27603,
              50.296104
            ],
            [
              6.269415,
              50.286492
            ],
            [
              6.267348,
              50.276416
            ],
            [
              6.271792,
              50.267424
            ],
            [
              6.253396,
              50.256778
            ],
            [
              6.210401,
              50.249027
            ],
            [
              6.189627,
              50.242722
            ],
            [
              6.179808,
              50.233007
            ],
            [
              6.157174,
              50.222724
            ],
            [
              6.146839,
              50.214042
            ],
            [
              6.160171,
              50.204534
            ],
            [
              6.165752,
              50.193165
            ],
            [
              6.165132,
              50.181899
            ],
            [
              6.159138,
              50.172443
            ],
            [
              6.151696,
              50.169342
            ],
            [
              6.131749,
              50.168308
            ],
            [
              6.123171,
              50.164898
            ],
            [
              6.121311,
              50.16159
            ],
            [
              6.118003,
              50.150377
            ],
            [
              6.115833,
              50.145467
            ],
            [
              6.125962,
              50.140196
            ],
            [
              6.129476,
              50.134047
            ],
            [
              6.126582,
              50.127329
            ],
            [
              6.117487,
              50.120456
            ],
            [
              6.102604,
              50.124745
            ],
            [
              6.10033,
              50.132652
            ],
            [
              6.101467,
              50.142108
            ],
            [
              6.097126,
              50.151307
            ],
            [
              6.084207,
              50.159317
            ],
            [
              6.076456,
              50.158645
            ],
            [
              6.070048,
              50.154201
            ],
            [
              6.061366,
              50.150738
            ],
            [
              6.038628,
              50.148413
            ],
            [
              6.027363,
              50.149447
            ],
            [
              6.022967,
              50.15082
            ],
            [
              6.014134,
              50.153581
            ],
            [
              6.008036,
              50.160919
            ],
            [
              6.004729,
              50.170479
            ],
            [
              5.998321,
              50.174975
            ],
            [
              5.982921,
              50.167068
            ],
            [
              5.96163,
              50.165621
            ],
            [
              5.953156,
              50.156371
            ],
            [
              5.949021,
              50.142677
            ],
            [
              5.941063,
              50.128311
            ],
            [
              5.92618,
              50.118337
            ],
            [
              5.888973,
              50.106607
            ],
            [
              5.872437,
              50.096892
            ],
            [
              5.86882,
              50.090535
            ],
            [
              5.866856,
              50.074309
            ],
            [
              5.864375,
              50.067488
            ],
            [
              5.858278,
              50.061803
            ],
            [
              5.843705,
              50.053638
            ],
            [
              5.83771,
              50.047437
            ],
            [
              5.838847,
              50.035862
            ],
            [
              5.838847,
              50.026457
            ],
            [
              5.836367,
              50.01855
            ],
            [
              5.829132,
              50.013589
            ],
            [
              5.808875,
              50.007801
            ],
            [
              5.802674,
              50.002479
            ],
            [
              5.801537,
              49.988681
            ],
            [
              5.808565,
              49.9831
            ],
            [
              5.812596,
              49.977571
            ],
            [
              5.80164,
              49.963825
            ],
            [
              5.793372,
              49.958812
            ],
            [
              5.778593,
              49.95659
            ],
            [
              5.771565,
              49.953541
            ],
            [
              5.76371,
              49.946823
            ],
            [
              5.759989,
              49.941604
            ],
            [
              5.757612,
              49.93654
            ],
            [
              5.753581,
              49.930183
            ],
            [
              5.718958,
              49.891374
            ],
            [
              5.714927,
              49.881866
            ],
            [
              5.726709,
              49.878197
            ],
            [
              5.748827,
              49.867293
            ],
            [
              5.758129,
              49.858198
            ],
            [
              5.731877,
              49.859955
            ],
            [
              5.73198,
              49.854167
            ],
            [
              5.730533,
              49.85117
            ],
            [
              5.728673,
              49.848845
            ],
            [
              5.726916,
              49.845227
            ],
            [
              5.736528,
              49.83944
            ],
            [
              5.724642,
              49.834272
            ],
            [
              5.720198,
              49.824712
            ],
            [
              5.721645,
              49.812775
            ],
            [
              5.727743,
              49.800217
            ],
            [
              5.738285,
              49.788848
            ],
            [
              5.748414,
              49.785644
            ],
            [
              5.759162,
              49.784456
            ],
            [
              5.771875,
              49.779392
            ],
            [
              5.778489,
              49.773035
            ],
            [
              5.802054,
              49.742856
            ],
            [
              5.803604,
              49.738154
            ],
            [
              5.805774,
              49.724201
            ],
            [
              5.805361,
              49.721876
            ],
            [
              5.811769,
              49.718517
            ],
            [
              5.825721,
              49.715778
            ],
            [
              5.831716,
              49.713607
            ],
            [
              5.837297,
              49.712936
            ],
            [
              5.843705,
              49.714331
            ],
            [
              5.850216,
              49.714021
            ],
            [
              5.856004,
              49.708078
            ],
            [
              5.856403,
              49.705807
            ],
            [
              5.857347,
              49.70043
            ],
            [
              5.853627,
              49.696296
            ],
            [
              5.848769,
              49.69273
            ],
            [
              5.847219,
              49.687201
            ],
            [
              5.846702,
              49.68069
            ],
            [
              5.843705,
              49.677486
            ],
            [
              5.842258,
              49.67392
            ],
            [
              5.845772,
              49.666582
            ],
            [
              5.852593,
              49.663223
            ],
            [
              5.872644,
              49.661724
            ],
            [
              5.879878,
              49.657745
            ],
            [
              5.885459,
              49.643534
            ],
            [
              5.879878,
              49.634853
            ],
            [
              5.869957,
              49.628858
            ],
            [
              5.861998,
              49.62276
            ],
            [
              5.849183,
              49.599713
            ],
            [
              5.841224,
              49.589687
            ],
            [
              5.829959,
              49.582763
            ],
            [
              5.846909,
              49.576717
            ],
            [
              5.8374,
              49.56111
            ],
            [
              5.814456,
              49.545142
            ],
            [
              5.790685,
              49.537753
            ],
            [
              5.779006,
              49.539613
            ],
            [
              5.757095,
              49.548398
            ],
            [
              5.746346,
              49.549431
            ],
            [
              5.735598,
              49.545711
            ],
            [
              5.722679,
              49.5346
            ],
            [
              5.710276,
              49.531086
            ],
            [
              5.688676,
              49.533515
            ],
            [
              5.667178,
              49.54044
            ],
            [
              5.644647,
              49.543799
            ],
            [
              5.619739,
              49.53553
            ],
            [
              5.607854,
              49.524937
            ],
            [
              5.60558,
              49.517754
            ],
            [
              5.602273,
              49.513723
            ],
            [
              5.587493,
              49.512431
            ],
            [
              5.578915,
              49.51393
            ],
            [
              5.547599,
              49.523438
            ],
            [
              5.528789,
              49.517961
            ],
            [
              5.503674,
              49.505093
            ],
            [
              5.477732,
              49.495223
            ],
            [
              5.456132,
              49.498944
            ],
            [
              5.44993,
              49.507832
            ],
            [
              5.450964,
              49.516772
            ],
            [
              5.454168,
              49.526177
            ],
            [
              5.454375,
              49.536616
            ],
            [
              5.450241,
              49.545762
            ],
            [
              5.402078,
              49.602451
            ],
            [
              5.391166,
              49.608817
            ],
            [
              5.383475,
              49.613304
            ],
            [
              5.352469,
              49.620693
            ],
            [
              5.3411,
              49.625137
            ],
            [
              5.334899,
              49.625809
            ],
            [
              5.331178,
              49.623122
            ],
            [
              5.326941,
              49.617644
            ],
            [
              5.32167,
              49.61258
            ],
            [
              5.314538,
              49.611133
            ],
            [
              5.297898,
              49.613252
            ],
            [
              5.293041,
              49.617179
            ],
            [
              5.290664,
              49.626378
            ],
            [
              5.293764,
              49.640537
            ],
            [
              5.301826,
              49.643896
            ],
            [
              5.306373,
              49.647513
            ],
            [
              5.299449,
              49.662499
            ],
            [
              5.280122,
              49.677899
            ],
            [
              5.259244,
              49.691335
            ],
            [
              5.237644,
              49.690973
            ],
            [
              5.192478,
              49.682808
            ],
            [
              5.169431,
              49.687201
            ],
            [
              5.151241,
              49.695986
            ],
            [
              5.136358,
              49.705339
            ],
            [
              5.093776,
              49.745337
            ],
            [
              5.081891,
              49.752727
            ],
            [
              5.046234,
              49.759393
            ],
            [
              5.026287,
              49.766731
            ],
            [
              4.98908,
              49.790554
            ],
            [
              4.970993,
              49.797065
            ],
            [
              4.968371,
              49.796981
            ],
            [
              4.950013,
              49.796393
            ],
            [
              4.906604,
              49.786471
            ],
            [
              4.884177,
              49.784146
            ],
            [
              4.858029,
              49.786575
            ],
            [
              4.849037,
              49.794171
            ],
            [
              4.849244,
              49.831585
            ],
            [
              4.846763,
              49.837528
            ],
            [
              4.836945,
              49.848018
            ],
            [
              4.834878,
              49.85303
            ],
            [
              4.836738,
              49.859128
            ],
            [
              4.845626,
              49.865846
            ],
            [
              4.848934,
              49.871066
            ],
            [
              4.854308,
              49.883313
            ],
            [
              4.859372,
              49.891684
            ],
            [
              4.861956,
              49.900314
            ],
            [
              4.860199,
              49.913337
            ],
            [
              4.844593,
              49.931734
            ],
            [
              4.797257,
              49.944291
            ],
            [
              4.783925,
              49.958295
            ],
            [
              4.788265,
              49.974263
            ],
            [
              4.826713,
              50.036017
            ],
            [
              4.827643,
              50.046714
            ],
            [
              4.826093,
              50.055034
            ],
            [
              4.827229,
              50.064077
            ],
            [
              4.84604,
              50.09069
            ],
            [
              4.852137,
              50.091621
            ],
            [
              4.862886,
              50.084076
            ],
            [
              4.86516,
              50.101594
            ],
            [
              4.870534,
              50.122265
            ],
            [
              4.871878,
              50.139783
            ],
            [
              4.862679,
              50.147586
            ],
            [
              4.831364,
              50.1434
            ],
            [
              4.820098,
              50.146449
            ],
            [
              4.815551,
              50.161332
            ],
            [
              4.788575,
              50.153374
            ],
            [
              4.681915,
              50.083921
            ],
            [
              4.676128,
              50.076066
            ],
            [
              4.67344,
              50.066196
            ],
            [
              4.675818,
              50.060201
            ],
            [
              4.679538,
              50.055189
            ],
            [
              4.680572,
              50.048316
            ],
            [
              4.672924,
              50.01638
            ],
            [
              4.665896,
              50.000515
            ],
            [
              4.656697,
              49.989095
            ],
            [
              4.645845,
              49.984495
            ],
            [
              4.604194,
              49.980206
            ],
            [
              4.464771,
              49.935609
            ],
            [
              4.435109,
              49.93225
            ],
            [
              4.427651,
              49.933572
            ],
            [
              4.277599,
              49.960156
            ],
            [
              4.215953,
              49.954408
            ],
            [
              4.201118,
              49.953024
            ],
            [
              4.187682,
              49.955505
            ],
            [
              4.131665,
              49.974987
            ],
            [
              4.132365,
              49.974946
            ],
            [
              4.139623,
              49.974522
            ],
            [
              4.138383,
              49.989198
            ],
            [
              4.132905,
              50.004494
            ],
            [
              4.128151,
              50.005786
            ],
            [
              4.132285,
              50.017568
            ],
            [
              4.137349,
              50.025061
            ],
            [
              4.144584,
              50.030797
            ],
            [
              4.162877,
              50.041805
            ],
            [
              4.186028,
              50.05245
            ],
            [
              4.210006,
              50.06015
            ],
            [
              4.210316,
              50.066713
            ],
            [
              4.203392,
              50.074671
            ],
            [
              4.197397,
              50.084076
            ],
            [
              4.180551,
              50.127226
            ],
            [
              4.170629,
              50.130481
            ],
            [
              4.15988,
              50.129396
            ],
            [
              4.139933,
              50.123557
            ],
            [
              4.125774,
              50.128156
            ],
            [
              4.128151,
              50.146243
            ],
            [
              4.147374,
              50.186343
            ],
            [
              4.152749,
              50.204534
            ],
            [
              4.157296,
              50.212698
            ],
            [
              4.167942,
              50.222465
            ],
            [
              4.191506,
              50.234299
            ],
            [
              4.201325,
              50.241534
            ],
            [
              4.203702,
              50.251973
            ],
            [
              4.197604,
              50.258484
            ],
            [
              4.185201,
              50.26546
            ],
            [
              4.171766,
              50.270886
            ],
            [
              4.162774,
              50.272953
            ],
            [
              4.150268,
              50.269543
            ],
            [
              4.149751,
              50.263135
            ],
            [
              4.150992,
              50.256262
            ],
            [
              4.143654,
              50.251611
            ],
            [
              4.125257,
              50.25714
            ],
            [
              4.097868,
              50.294812
            ],
            [
              4.077198,
              50.306646
            ],
            [
              4.055907,
              50.314553
            ],
            [
              4.022731,
              50.338117
            ],
            [
              4.0033,
              50.34406
            ],
            [
              3.982113,
              50.342613
            ],
            [
              3.918551,
              50.325456
            ],
            [
              3.895917,
              50.325301
            ],
            [
              3.878037,
              50.330779
            ],
            [
              3.86088,
              50.338479
            ],
            [
              3.84021,
              50.345197
            ],
            [
              3.798662,
              50.348452
            ],
            [
              3.755047,
              50.346334
            ],
            [
              3.741508,
              50.34313
            ],
            [
              3.733446,
              50.337239
            ],
            [
              3.715463,
              50.317653
            ],
            [
              3.711122,
              50.309333
            ],
            [
              3.708435,
              50.306336
            ],
            [
              3.703887,
              50.304321
            ],
            [
              3.702234,
              50.305251
            ],
            [
              3.700787,
              50.304683
            ],
            [
              3.696859,
              50.298223
            ],
            [
              3.661719,
              50.319307
            ],
            [
              3.652934,
              50.360183
            ],
            [
              3.652831,
              50.406847
            ],
            [
              3.644356,
              50.445501
            ],
            [
              3.62813,
              50.464363
            ],
            [
              3.608286,
              50.476507
            ],
            [
              3.586375,
              50.483483
            ],
            [
              3.563741,
              50.486532
            ],
            [
              3.499145,
              50.48679
            ],
            [
              3.486743,
              50.492681
            ],
            [
              3.496458,
              50.503792
            ],
            [
              3.498008,
              50.511853
            ],
            [
              3.491497,
              50.517073
            ],
            [
              3.477131,
              50.519863
            ],
            [
              3.462868,
              50.51914
            ],
            [
              3.452636,
              50.514851
            ],
            [
              3.442714,
              50.508494
            ],
            [
              3.429175,
              50.501828
            ],
            [
              3.385354,
              50.491648
            ],
            [
              3.361066,
              50.489787
            ],
            [
              3.343599,
              50.49294
            ],
            [
              3.299881,
              50.507461
            ],
            [
              3.286755,
              50.514075
            ],
            [
              3.271045,
              50.526943
            ],
            [
              3.265878,
              50.538312
            ],
            [
              3.264327,
              50.570196
            ],
            [
              3.237869,
              50.626472
            ],
            [
              3.229808,
              50.65541
            ],
            [
              3.24376,
              50.672102
            ],
            [
              3.232391,
              50.695925
            ],
            [
              3.224433,
              50.705175
            ],
            [
              3.210997,
              50.707965
            ],
            [
              3.196941,
              50.709206
            ],
            [
              3.188983,
              50.715097
            ],
            [
              3.176684,
              50.734114
            ],
            [
              3.162811,
              50.749939
            ],
            [
              3.146195,
              50.768892
            ],
            [
              3.129245,
              50.779072
            ],
            [
              3.103304,
              50.784085
            ],
            [
              3.023817,
              50.768262
            ],
            [
              2.971425,
              50.757833
            ],
            [
              2.948378,
              50.748686
            ],
            [
              2.930188,
              50.736232
            ],
            [
              2.900112,
              50.703108
            ],
            [
              2.886883,
              50.696648
            ],
            [
              2.871276,
              50.698767
            ],
            [
              2.866726,
              50.700091
            ],
            [
              2.786734,
              50.723365
            ],
            [
              2.768234,
              50.733235
            ],
            [
              2.762963,
              50.739385
            ],
            [
              2.749527,
              50.75959
            ],
            [
              2.743842,
              50.766205
            ],
            [
              2.706635,
              50.788787
            ],
            [
              2.700021,
              50.79628
            ],
            [
              2.69692,
              50.80305
            ],
            [
              2.691856,
              50.808838
            ],
            [
              2.67873,
              50.81323
            ],
            [
              2.669222,
              50.813902
            ],
            [
              2.650618,
              50.812248
            ],
            [
              2.642453,
              50.812455
            ],
            [
              2.627777,
              50.814419
            ],
            [
              2.620439,
              50.816486
            ],
            [
              2.615168,
              50.82217
            ],
            [
              2.60659,
              50.834831
            ],
            [
              2.602042,
              50.838087
            ],
            [
              2.58995,
              50.842014
            ],
            [
              2.586746,
              50.845425
            ],
            [
              2.58778,
              50.850024
            ],
            [
              2.595531,
              50.861134
            ],
            [
              2.596668,
              50.867646
            ],
            [
              2.576928,
              50.911519
            ],
            [
              2.582715,
              50.920666
            ],
            [
              2.605763,
              50.935238
            ],
            [
              2.611654,
              50.941233
            ],
            [
              2.60845,
              50.961128
            ],
            [
              2.592741,
              50.976114
            ],
            [
              2.55698,
              51.001177
            ],
            [
              2.547059,
              51.020479
            ],
            [
              2.537033,
              51.06461
            ],
            [
              2.5218,
              51.087541
            ]
          ]
        ]
      }
    },
    {
      "type": "Feature",
      "properties": {
        "ADM0_ISO": "DNK",
        "featurecla": "Admin-0 country",
        "scalerank": 0,
        "LABELRANK": 4,
        "SOVEREIGNT": "Denmark",
        "SOV_A3": "DN1",
        "ADM0_DIF": 1,
        "LEVEL": 2,
        "TYPE": "Country",
        "TLC": "1",
        "ADMIN": "Denmark",
        "ADM0_A3": "DNK",
        "GEOU_DIF": 0,
        "GEOUNIT": "Denmark",
        "GU_A3": "DNK",
        "SU_DIF": 0,
        "SUBUNIT": "Denmark",
        "SU_A3": "DNK",
        "BRK_DIFF": 0,
        "NAME": "Denmark",
        "NAME_LONG": "Denmark",
        "BRK_A3": "DNK",
        "BRK_NAME": "Denmark",
        "BRK_GROUP": null,
        "ABBREV": "Den.",
        "POSTAL": "DK",
        "FORMAL_EN": "Kingdom of Denmark",
        "FORMAL_FR": null,
        "NAME_CIAWF": "Denmark",
        "NOTE_ADM0": null,
        "NOTE_BRK": null,
        "NAME_SORT": "Denmark",
        "NAME_ALT": null,
        "MAPCOLOR7": 4,
        "MAPCOLOR8": 1,
        "MAPCOLOR9": 3,
        "MAPCOLOR13": 12,
        "POP_EST": 5818553,
        "POP_RANK": 13,
        "POP_YEAR": 2019,
        "GDP_MD": 350104,
        "GDP_YEAR": 2019,
        "ECONOMY": "2. Developed region: nonG7",
        "INCOME_GRP": "1. High income: OECD",
        "FIPS_10": "DA",
        "ISO_A2": "DK",
        "ISO_A2_EH": "DK",
        "ISO_A3": "DNK",
        "ISO_A3_EH": "DNK",
        "ISO_N3": "208",
        "ISO_N3_EH": "208",
        "UN_A3": "208",
        "WB_A2": "DK",
        "WB_A3": "DNK",
        "WOE_ID": 23424796,
        "WOE_ID_EH": 23424796,
        "WOE_NOTE": "Exact WOE match as country",
        "ADM0_DIFF": null,
        "ADM0_TLC": "DNK",
        "ADM0_A3_US": "DNK",
        "ADM0_A3_FR": "DNK",
        "ADM0_A3_RU": "DNK",
        "ADM0_A3_ES": "DNK",
        "ADM0_A3_CN": "DNK",
        "ADM0_A3_TW": "DNK",
        "ADM0_A3_IN": "DNK",
        "ADM0_A3_NP": "DNK",
        "ADM0_A3_PK": "DNK",
        "ADM0_A3_DE": "DNK",
        "ADM0_A3_GB": "DNK",
        "ADM0_A3_BR": "DNK",
        "ADM0_A3_IL": "DNK",
        "ADM0_A3_PS": "DNK",
        "ADM0_A3_SA": "DNK",
        "ADM0_A3_EG": "DNK",
        "ADM0_A3_MA": "DNK",
        "ADM0_A3_PT": "DNK",
        "ADM0_A3_AR": "DNK",
        "ADM0_A3_JP": "DNK",
        "ADM0_A3_KO": "DNK",
        "ADM0_A3_VN": "DNK",
        "ADM0_A3_TR": "DNK",
        "ADM0_A3_ID": "DNK",
        "ADM0_A3_PL": "DNK",
        "ADM0_A3_GR": "DNK",
        "ADM0_A3_IT": "DNK",
        "ADM0_A3_NL": "DNK",
        "ADM0_A3_SE": "DNK",
        "ADM0_A3_BD": "DNK",
        "ADM0_A3_UA": "DNK",
        "ADM0_A3_UN": -99,
        "ADM0_A3_WB": -99,
        "CONTINENT": "Europe",
        "REGION_UN": "Europe",
        "SUBREGION": "Northern Europe",
        "REGION_WB": "Europe & Central Asia",
        "NAME_LEN": 7,
        "LONG_LEN": 7,
        "ABBREV_LEN": 4,
        "TINY": -99,
        "HOMEPART": 1,
        "MIN_ZOOM": 0,
        "MIN_LABEL": 3,
        "MAX_LABEL": 8,
        "LABEL_X": 9.018163,
        "LABEL_Y": 55.966965,
        "NE_ID": 1159320547,
        "WIKIDATAID": "Q35",
        "NAME_AR": "الدنمارك",
        "NAME_BN": "ডেনমার্ক",
        "NAME_DE": "Dänemark",
        "NAME_EN": "Denmark",
        "NAME_ES": "Dinamarca",
        "NAME_FA": "دانمارک",
        "NAME_FR": "Danemark",
        "NAME_EL": "Δανία",
        "NAME_HE": "דנמרק",
        "NAME_HI": "डेनमार्क",
        "NAME_HU": "Dánia",
        "NAME_ID": "Denmark",
        "NAME_IT": "Danimarca",
        "NAME_JA": "デンマーク",
        "NAME_KO": "덴마크",
        "NAME_NL": "Denemarken",
        "NAME_PL": "Dania",
        "NAME_PT": "Dinamarca",
        "NAME_RU": "Дания",
        "NAME_SV": "Danmark",
        "NAME_TR": "Danimarka",
        "NAME_UK": "Данія",
        "NAME_UR": "ڈنمارک",
        "NAME_VI": "Đan Mạch",
        "NAME_ZH": "丹麦",
        "NAME_ZHT": "丹麥",
        "FCLASS_ISO": "Admin-0 country",
        "TLC_DIFF": null,
        "FCLASS_TLC": "Admin-0 country",
        "FCLASS_US": null,
        "FCLASS_FR": null,
        "FCLASS_RU": null,
        "FCLASS_ES": null,
        "FCLASS_CN": null,
        "FCLASS_TW": null,
        "FCLASS_IN": null,
        "FCLASS_NP": null,
        "FCLASS_PK": null,
        "FCLASS_DE": null,
        "FCLASS_GB": null,
        "FCLASS_BR": null,
        "FCLASS_IL": null,
        "FCLASS_PS": null,
        "FCLASS_SA": null,
        "FCLASS_EG": null,
        "FCLASS_MA": null,
        "FCLASS_PT": null,
        "FCLASS_AR": null,
        "FCLASS_JP": null,
        "FCLASS_KO": null,
        "FCLASS_VN": null,
        "FCLASS_TR": null,
        "FCLASS_ID": null,
        "FCLASS_PL": null,
        "FCLASS_GR": null,
        "FCLASS_IT": null,
        "FCLASS_NL": null,
        "FCLASS_SE": null,
        "FCLASS_BD": null,
        "FCLASS_UA": null
      },
      "bbox": [
        8.094005,
        54.56859,
        15.151378,
        57.751166
      ],
      "geometry": {
        "type": "MultiPolygon",
        "coordinates": [
          [
            [
              [
                8.660776,
                54.896311
              ],
              [
                8.668793,
                54.91352
              ],
              [
                8.661388,
                54.920315
              ],
              [
                8.674815,
                54.947943
              ],
              [
                8.666352,
                54.973334
              ],
              [
                8.650401,
                54.997992
              ],
              [
                8.640961,
                55.023383
              ],
              [
                8.644786,
                55.055732
              ],
              [
                8.656505,
                55.082506
              ],
              [
                8.670909,
                55.107123
              ],
              [
                8.681895,
                55.133205
              ],
              [
                8.575531,
                55.14411
              ],
              [
                8.56365,
                55.143378
              ],
              [
                8.559906,
                55.135077
              ],
              [
                8.557384,
                55.096381
              ],
              [
                8.551117,
                55.091376
              ],
              [
                8.541352,
                55.090277
              ],
              [
                8.528575,
                55.081977
              ],
              [
                8.514822,
                55.070787
              ],
              [
                8.49936,
                55.065579
              ],
              [
                8.483897,
                55.067613
              ],
              [
                8.470225,
                55.078599
              ],
              [
                8.458832,
                55.103461
              ],
              [
                8.460216,
                55.127387
              ],
              [
                8.466482,
                55.151597
              ],
              [
                8.470225,
                55.177558
              ],
              [
                8.488943,
                55.19717
              ],
              [
                8.530528,
                55.200751
              ],
              [
                8.572602,
                55.193671
              ],
              [
                8.593761,
                55.180976
              ],
              [
                8.580333,
                55.178941
              ],
              [
                8.569509,
                55.173774
              ],
              [
                8.552094,
                55.160549
              ],
              [
                8.555186,
                55.149359
              ],
              [
                8.614757,
                55.144355
              ],
              [
                8.669281,
                55.136908
              ],
              [
                8.689464,
                55.141588
              ],
              [
                8.687185,
                55.16059
              ],
              [
                8.668793,
                55.194648
              ],
              [
                8.655935,
                55.237494
              ],
              [
                8.648448,
                55.28026
              ],
              [
                8.650401,
                55.291734
              ],
              [
                8.659353,
                55.305813
              ],
              [
                8.661388,
                55.314439
              ],
              [
                8.659679,
                55.327216
              ],
              [
                8.648448,
                55.352281
              ],
              [
                8.639415,
                55.397406
              ],
              [
                8.632091,
                55.418769
              ],
              [
                8.617686,
                55.437934
              ],
              [
                8.59254,
                55.449286
              ],
              [
                8.556651,
                55.454291
              ],
              [
                8.490001,
                55.455308
              ],
              [
                8.441905,
                55.463935
              ],
              [
                8.401134,
                55.485663
              ],
              [
                8.310395,
                55.56269
              ],
              [
                8.311209,
                55.56977
              ],
              [
                8.332367,
                55.572008
              ],
              [
                8.332367,
                55.578274
              ],
              [
                8.313162,
                55.582709
              ],
              [
                8.290212,
                55.583808
              ],
              [
                8.267833,
                55.580512
              ],
              [
                8.250499,
                55.572008
              ],
              [
                8.239024,
                55.557929
              ],
              [
                8.242035,
                55.548529
              ],
              [
                8.271739,
                55.530463
              ],
              [
                8.262462,
                55.529202
              ],
              [
                8.256358,
                55.526801
              ],
              [
                8.243663,
                55.516791
              ],
              [
                8.266775,
                55.51439
              ],
              [
                8.293956,
                55.50434
              ],
              [
                8.316742,
                55.489407
              ],
              [
                8.326182,
                55.472113
              ],
              [
                8.313324,
                55.469306
              ],
              [
                8.193614,
                55.525946
              ],
              [
                8.1692,
                55.534084
              ],
              [
                8.110606,
                55.540229
              ],
              [
                8.095225,
                55.549058
              ],
              [
                8.094005,
                55.56391
              ],
              [
                8.150238,
                55.649237
              ],
              [
                8.169119,
                55.687934
              ],
              [
                8.181651,
                55.729071
              ],
              [
                8.18336,
                55.769599
              ],
              [
                8.13559,
                55.96601
              ],
              [
                8.130707,
                55.976142
              ],
              [
                8.127778,
                55.978217
              ],
              [
                8.126801,
                55.982978
              ],
              [
                8.127778,
                55.987616
              ],
              [
                8.130707,
                55.989732
              ],
              [
                8.136729,
                55.988593
              ],
              [
                8.139415,
                55.986029
              ],
              [
                8.141124,
                55.983466
              ],
              [
                8.144054,
                55.982327
              ],
              [
                8.150564,
                55.977037
              ],
              [
                8.175466,
                55.900336
              ],
              [
                8.19337,
                55.873847
              ],
              [
                8.195974,
                55.862779
              ],
              [
                8.193614,
                55.853217
              ],
              [
                8.183849,
                55.839504
              ],
              [
                8.181651,
                55.828355
              ],
              [
                8.185069,
                55.814643
              ],
              [
                8.193614,
                55.811835
              ],
              [
                8.238536,
                55.826077
              ],
              [
                8.286306,
                55.84748
              ],
              [
                8.308849,
                55.851996
              ],
              [
                8.34783,
                55.86933
              ],
              [
                8.387706,
                55.89289
              ],
              [
                8.393321,
                55.909166
              ],
              [
                8.386892,
                55.9265
              ],
              [
                8.372895,
                55.943427
              ],
              [
                8.356944,
                55.958686
              ],
              [
                8.319509,
                55.986029
              ],
              [
                8.319509,
                56.017035
              ],
              [
                8.308116,
                56.052924
              ],
              [
                8.2824,
                56.075873
              ],
              [
                8.247732,
                56.08983
              ],
              [
                8.170584,
                56.109565
              ],
              [
                8.149669,
                56.111151
              ],
              [
                8.140636,
                56.102729
              ],
              [
                8.141612,
                56.060004
              ],
              [
                8.139903,
                56.03974
              ],
              [
                8.1338,
                56.017035
              ],
              [
                8.137462,
                56.000393
              ],
              [
                8.134776,
                55.993964
              ],
              [
                8.120128,
                55.996568
              ],
              [
                8.115977,
                56.001858
              ],
              [
                8.111664,
                56.012274
              ],
              [
                8.107921,
                56.024319
              ],
              [
                8.103363,
                56.096869
              ],
              [
                8.106456,
                56.119452
              ],
              [
                8.130626,
                56.181952
              ],
              [
                8.1338,
                56.205471
              ],
              [
                8.122406,
                56.551663
              ],
              [
                8.126638,
                56.568427
              ],
              [
                8.1338,
                56.585639
              ],
              [
                8.178722,
                56.672065
              ],
              [
                8.198985,
                56.698879
              ],
              [
                8.213878,
                56.711819
              ],
              [
                8.219981,
                56.709174
              ],
              [
                8.223969,
                56.700426
              ],
              [
                8.233165,
                56.695461
              ],
              [
                8.232432,
                56.688381
              ],
              [
                8.209972,
                56.655951
              ],
              [
                8.202159,
                56.64704
              ],
              [
                8.202159,
                56.640204
              ],
              [
                8.208344,
                56.636786
              ],
              [
                8.215099,
                56.634955
              ],
              [
                8.233165,
                56.633979
              ],
              [
                8.236583,
                56.629706
              ],
              [
                8.240489,
                56.620063
              ],
              [
                8.245779,
                56.610419
              ],
              [
                8.253917,
                56.606106
              ],
              [
                8.294932,
                56.601996
              ],
              [
                8.305919,
                56.597805
              ],
              [
                8.291515,
                56.593004
              ],
              [
                8.295177,
                56.583808
              ],
              [
                8.292491,
                56.567694
              ],
              [
                8.29835,
                56.558295
              ],
              [
                8.307384,
                56.554348
              ],
              [
                8.315196,
                56.556871
              ],
              [
                8.318044,
                56.563625
              ],
              [
                8.312022,
                56.571967
              ],
              [
                8.312022,
                56.578803
              ],
              [
                8.343516,
                56.58454
              ],
              [
                8.3921,
                56.585273
              ],
              [
                8.436534,
                56.580227
              ],
              [
                8.455903,
                56.568549
              ],
              [
                8.46518,
                56.566881
              ],
              [
                8.514659,
                56.544664
              ],
              [
                8.528494,
                56.548163
              ],
              [
                8.541352,
                56.55683
              ],
              [
                8.552094,
                56.56802
              ],
              [
                8.559581,
                56.578803
              ],
              [
                8.565766,
                56.578803
              ],
              [
                8.596039,
                56.531806
              ],
              [
                8.596853,
                56.524156
              ],
              [
                8.593028,
                56.519924
              ],
              [
                8.594574,
                56.510484
              ],
              [
                8.601085,
                56.501125
              ],
              [
                8.617442,
                56.493801
              ],
              [
                8.636974,
                56.479722
              ],
              [
                8.648448,
                56.475735
              ],
              [
                8.665538,
                56.475898
              ],
              [
                8.726573,
                56.483222
              ],
              [
                8.733165,
                56.485053
              ],
              [
                8.738536,
                56.490058
              ],
              [
                8.742035,
                56.497748
              ],
              [
                8.743419,
                56.507066
              ],
              [
                8.743663,
                56.521674
              ],
              [
                8.744965,
                56.531562
              ],
              [
                8.750824,
                56.552069
              ],
              [
                8.755138,
                56.557807
              ],
              [
                8.760427,
                56.560126
              ],
              [
                8.762543,
                56.563381
              ],
              [
                8.757579,
                56.571967
              ],
              [
                8.726573,
                56.585639
              ],
              [
                8.716563,
                56.586168
              ],
              [
                8.708995,
                56.588568
              ],
              [
                8.704438,
                56.593695
              ],
              [
                8.702973,
                56.602362
              ],
              [
                8.698497,
                56.611233
              ],
              [
                8.681488,
                56.616278
              ],
              [
                8.681895,
                56.626532
              ],
              [
                8.69516,
                56.633246
              ],
              [
                8.740896,
                56.634955
              ],
              [
                8.805431,
                56.695461
              ],
              [
                8.820486,
                56.700385
              ],
              [
                8.861583,
                56.707465
              ],
              [
                8.916759,
                56.708808
              ],
              [
                8.918712,
                56.711005
              ],
              [
                8.894786,
                56.715969
              ],
              [
                8.851085,
                56.716783
              ],
              [
                8.840831,
                56.722357
              ],
              [
                8.850108,
                56.74018
              ],
              [
                8.864757,
                56.755845
              ],
              [
                8.876638,
                56.764309
              ],
              [
                8.908458,
                56.777411
              ],
              [
                8.95574,
                56.802965
              ],
              [
                8.974294,
                56.805365
              ],
              [
                8.985199,
                56.804145
              ],
              [
                9.003673,
                56.799058
              ],
              [
                9.014903,
                56.797838
              ],
              [
                9.026622,
                56.799628
              ],
              [
                9.032725,
                56.803778
              ],
              [
                9.037608,
                56.808539
              ],
              [
                9.045584,
                56.812201
              ],
              [
                9.063162,
                56.812567
              ],
              [
                9.086111,
                56.808417
              ],
              [
                9.105968,
                56.800116
              ],
              [
                9.114513,
                56.787991
              ],
              [
                9.120453,
                56.764594
              ],
              [
                9.134451,
                56.750718
              ],
              [
                9.150564,
                56.740912
              ],
              [
                9.162852,
                56.729641
              ],
              [
                9.176036,
                56.708564
              ],
              [
                9.148204,
                56.704739
              ],
              [
                9.118826,
                56.678778
              ],
              [
                9.093435,
                56.674994
              ],
              [
                9.093435,
                56.667548
              ],
              [
                9.097504,
                56.658433
              ],
              [
                9.086681,
                56.649604
              ],
              [
                9.059337,
                56.633979
              ],
              [
                9.049978,
                56.619818
              ],
              [
                9.048839,
                56.607164
              ],
              [
                9.052989,
                56.575385
              ],
              [
                9.060557,
                56.565741
              ],
              [
                9.076996,
                56.567369
              ],
              [
                9.093435,
                56.57807
              ],
              [
                9.106781,
                56.610785
              ],
              [
                9.121593,
                56.613023
              ],
              [
                9.139659,
                56.611029
              ],
              [
                9.155447,
                56.612942
              ],
              [
                9.149181,
                56.622504
              ],
              [
                9.141124,
                56.626044
              ],
              [
                9.131521,
                56.624823
              ],
              [
                9.121349,
                56.620347
              ],
              [
                9.128917,
                56.631252
              ],
              [
                9.136729,
                56.639065
              ],
              [
                9.143728,
                56.647691
              ],
              [
                9.148611,
                56.661322
              ],
              [
                9.155447,
                56.661322
              ],
              [
                9.149425,
                56.638861
              ],
              [
                9.175548,
                56.635443
              ],
              [
                9.211192,
                56.638861
              ],
              [
                9.233653,
                56.637152
              ],
              [
                9.247244,
                56.632025
              ],
              [
                9.262462,
                56.633734
              ],
              [
                9.276215,
                56.632961
              ],
              [
                9.28533,
                56.620347
              ],
              [
                9.2824,
                56.610541
              ],
              [
                9.259451,
                56.591946
              ],
              [
                9.250336,
                56.578803
              ],
              [
                9.261241,
                56.576361
              ],
              [
                9.263357,
                56.571967
              ],
              [
                9.264008,
                56.565904
              ],
              [
                9.270844,
                56.558295
              ],
              [
                9.28061,
                56.552802
              ],
              [
                9.305675,
                56.544664
              ],
              [
                9.309744,
                56.540513
              ],
              [
                9.312185,
                56.535102
              ],
              [
                9.316417,
                56.530829
              ],
              [
                9.326182,
                56.530341
              ],
              [
                9.340587,
                56.547065
              ],
              [
                9.34669,
                56.552069
              ],
              [
                9.36085,
                56.544745
              ],
              [
                9.373057,
                56.55272
              ],
              [
                9.372732,
                56.565375
              ],
              [
                9.350352,
                56.571967
              ],
              [
                9.319347,
                56.561713
              ],
              [
                9.317393,
                56.558661
              ],
              [
                9.312836,
                56.557766
              ],
              [
                9.302257,
                56.558295
              ],
              [
                9.293712,
                56.561021
              ],
              [
                9.293142,
                56.566799
              ],
              [
                9.296153,
                56.571601
              ],
              [
                9.298839,
                56.571967
              ],
              [
                9.300629,
                56.609117
              ],
              [
                9.317068,
                56.641099
              ],
              [
                9.32602,
                56.66942
              ],
              [
                9.325938,
                56.669623
              ],
              [
                9.305675,
                56.695461
              ],
              [
                9.295909,
                56.701565
              ],
              [
                9.290701,
                56.703843
              ],
              [
                9.270844,
                56.702338
              ],
              [
                9.230642,
                56.692084
              ],
              [
                9.220714,
                56.684272
              ],
              [
                9.199067,
                56.676581
              ],
              [
                9.177908,
                56.675849
              ],
              [
                9.169119,
                56.688666
              ],
              [
                9.180349,
                56.700751
              ],
              [
                9.22641,
                56.716254
              ],
              [
                9.236827,
                56.733059
              ],
              [
                9.242524,
                56.747056
              ],
              [
                9.240489,
                56.753974
              ],
              [
                9.215505,
                56.758857
              ],
              [
                9.205251,
                56.763821
              ],
              [
                9.196544,
                56.770453
              ],
              [
                9.189708,
                56.777411
              ],
              [
                9.184418,
                56.784003
              ],
              [
                9.178722,
                56.794135
              ],
              [
                9.174978,
                56.806057
              ],
              [
                9.176036,
                56.818427
              ],
              [
                9.181163,
                56.821723
              ],
              [
                9.204112,
                56.84162
              ],
              [
                9.206716,
                56.84634
              ],
              [
                9.211436,
                56.851508
              ],
              [
                9.210623,
                56.863105
              ],
              [
                9.205903,
                56.874579
              ],
              [
                9.199555,
                56.879828
              ],
              [
                9.187836,
                56.881171
              ],
              [
                9.178966,
                56.884589
              ],
              [
                9.162852,
                56.89411
              ],
              [
                9.181488,
                56.919094
              ],
              [
                9.200206,
                56.93891
              ],
              [
                9.22047,
                56.955064
              ],
              [
                9.251475,
                56.972561
              ],
              [
                9.258474,
                56.97484
              ],
              [
                9.265961,
                56.976223
              ],
              [
                9.274669,
                56.97663
              ],
              [
                9.279959,
                56.979804
              ],
              [
                9.285492,
                56.993964
              ],
              [
                9.288748,
                56.997138
              ],
              [
                9.437022,
                57.0244
              ],
              [
                9.470063,
                57.02383
              ],
              [
                9.586762,
                56.997138
              ],
              [
                9.586762,
                56.989691
              ],
              [
                9.573985,
                56.985012
              ],
              [
                9.57309,
                56.978827
              ],
              [
                9.580821,
                56.972968
              ],
              [
                9.594249,
                56.969184
              ],
              [
                9.607921,
                56.969875
              ],
              [
                9.617686,
                56.975043
              ],
              [
                9.654145,
                57.006781
              ],
              [
                9.670665,
                57.024848
              ],
              [
                9.688975,
                57.03913
              ],
              [
                9.728201,
                57.047065
              ],
              [
                9.761241,
                57.05858
              ],
              [
                9.809093,
                57.051744
              ],
              [
                9.915782,
                57.05858
              ],
              [
                9.856619,
                57.08869
              ],
              [
                9.826671,
                57.094875
              ],
              [
                9.806407,
                57.104234
              ],
              [
                9.795665,
                57.106391
              ],
              [
                9.787608,
                57.103949
              ],
              [
                9.752452,
                57.077786
              ],
              [
                9.733246,
                57.066799
              ],
              [
                9.711925,
                57.061265
              ],
              [
                9.693207,
                57.069159
              ],
              [
                9.675141,
                57.079169
              ],
              [
                9.656098,
                57.076361
              ],
              [
                9.621104,
                57.05858
              ],
              [
                9.580821,
                57.049302
              ],
              [
                9.493988,
                57.04857
              ],
              [
                9.265147,
                57.003404
              ],
              [
                9.245372,
                57.002346
              ],
              [
                9.22641,
                57.007025
              ],
              [
                9.114513,
                57.05858
              ],
              [
                9.12086,
                57.045396
              ],
              [
                9.112804,
                57.038642
              ],
              [
                9.079845,
                57.031236
              ],
              [
                9.055431,
                57.021145
              ],
              [
                9.042654,
                57.017727
              ],
              [
                9.025727,
                57.017564
              ],
              [
                9.031993,
                57.02383
              ],
              [
                9.014008,
                57.030178
              ],
              [
                8.996755,
                57.028062
              ],
              [
                8.979666,
                57.020494
              ],
              [
                8.963145,
                57.010199
              ],
              [
                8.946951,
                57.011176
              ],
              [
                8.926443,
                57.000149
              ],
              [
                8.909028,
                56.988186
              ],
              [
                8.901622,
                56.986274
              ],
              [
                8.893077,
                56.999661
              ],
              [
                8.87322,
                57.004828
              ],
              [
                8.850434,
                57.003485
              ],
              [
                8.833344,
                56.997138
              ],
              [
                8.847992,
                56.988471
              ],
              [
                8.811697,
                56.969875
              ],
              [
                8.762055,
                56.955471
              ],
              [
                8.72641,
                56.961249
              ],
              [
                8.702973,
                56.958441
              ],
              [
                8.679535,
                56.952541
              ],
              [
                8.668793,
                56.945299
              ],
              [
                8.663341,
                56.92593
              ],
              [
                8.649913,
                56.91413
              ],
              [
                8.634125,
                56.905178
              ],
              [
                8.621104,
                56.89411
              ],
              [
                8.615408,
                56.865627
              ],
              [
                8.614268,
                56.863349
              ],
              [
                8.612559,
                56.854682
              ],
              [
                8.607921,
                56.849677
              ],
              [
                8.601329,
                56.845526
              ],
              [
                8.569591,
                56.818427
              ],
              [
                8.547048,
                56.817328
              ],
              [
                8.536306,
                56.814521
              ],
              [
                8.531749,
                56.808783
              ],
              [
                8.524262,
                56.804755
              ],
              [
                8.507823,
                56.801093
              ],
              [
                8.491384,
                56.794257
              ],
              [
                8.483897,
                56.781155
              ],
              [
                8.492442,
                56.74726
              ],
              [
                8.491466,
                56.731391
              ],
              [
                8.47641,
                56.722154
              ],
              [
                8.47641,
                56.715969
              ],
              [
                8.516368,
                56.718207
              ],
              [
                8.525564,
                56.715969
              ],
              [
                8.533051,
                56.703803
              ],
              [
                8.527029,
                56.695299
              ],
              [
                8.514008,
                56.690253
              ],
              [
                8.500987,
                56.688666
              ],
              [
                8.489268,
                56.690741
              ],
              [
                8.465831,
                56.700141
              ],
              [
                8.452891,
                56.702338
              ],
              [
                8.440929,
                56.700385
              ],
              [
                8.420909,
                56.691352
              ],
              [
                8.408214,
                56.688666
              ],
              [
                8.408214,
                56.68122
              ],
              [
                8.455903,
                56.688666
              ],
              [
                8.470225,
                56.686103
              ],
              [
                8.491222,
                56.676988
              ],
              [
                8.500987,
                56.674994
              ],
              [
                8.571544,
                56.691962
              ],
              [
                8.586274,
                56.688666
              ],
              [
                8.589041,
                56.681342
              ],
              [
                8.586274,
                56.662299
              ],
              [
                8.586274,
                56.653876
              ],
              [
                8.601329,
                56.640611
              ],
              [
                8.608084,
                56.631049
              ],
              [
                8.593272,
                56.61636
              ],
              [
                8.583018,
                56.60932
              ],
              [
                8.569591,
                56.606106
              ],
              [
                8.555431,
                56.604885
              ],
              [
                8.546641,
                56.601711
              ],
              [
                8.547048,
                56.59748
              ],
              [
                8.559581,
                56.593004
              ],
              [
                8.539317,
                56.59276
              ],
              [
                8.511485,
                56.607001
              ],
              [
                8.48699,
                56.625312
              ],
              [
                8.47641,
                56.637152
              ],
              [
                8.467296,
                56.652045
              ],
              [
                8.444835,
                56.664049
              ],
              [
                8.416759,
                56.672065
              ],
              [
                8.391124,
                56.674994
              ],
              [
                8.373383,
                56.680243
              ],
              [
                8.352224,
                56.692939
              ],
              [
                8.33253,
                56.708401
              ],
              [
                8.319509,
                56.722154
              ],
              [
                8.30836,
                56.758205
              ],
              [
                8.302013,
                56.763739
              ],
              [
                8.288422,
                56.766343
              ],
              [
                8.260265,
                56.776679
              ],
              [
                8.243663,
                56.777411
              ],
              [
                8.258067,
                56.740546
              ],
              [
                8.263194,
                56.71894
              ],
              [
                8.260753,
                56.70539
              ],
              [
                8.24586,
                56.704006
              ],
              [
                8.238292,
                56.725043
              ],
              [
                8.236176,
                56.771186
              ],
              [
                8.247895,
                56.812445
              ],
              [
                8.270356,
                56.843248
              ],
              [
                8.449718,
                57.003974
              ],
              [
                8.503591,
                57.034654
              ],
              [
                8.586274,
                57.106391
              ],
              [
                8.618012,
                57.12287
              ],
              [
                8.653819,
                57.122504
              ],
              [
                8.737153,
                57.106391
              ],
              [
                8.783946,
                57.104804
              ],
              [
                8.87436,
                57.116116
              ],
              [
                8.914561,
                57.127427
              ],
              [
                8.962576,
                57.156562
              ],
              [
                8.980479,
                57.161038
              ],
              [
                9.230642,
                57.141099
              ],
              [
                9.321544,
                57.14704
              ],
              [
                9.41212,
                57.165432
              ],
              [
                9.497813,
                57.197008
              ],
              [
                9.573253,
                57.242906
              ],
              [
                9.788422,
                57.459296
              ],
              [
                9.826427,
                57.489936
              ],
              [
                9.895356,
                57.531562
              ],
              [
                9.929861,
                57.56745
              ],
              [
                9.943126,
                57.572496
              ],
              [
                9.96697,
                57.591376
              ],
              [
                10.015391,
                57.596625
              ],
              [
                10.107677,
                57.592963
              ],
              [
                10.197602,
                57.601223
              ],
              [
                10.279552,
                57.620917
              ],
              [
                10.350597,
                57.648993
              ],
              [
                10.472504,
                57.716986
              ],
              [
                10.539073,
                57.743842
              ],
              [
                10.566091,
                57.749457
              ],
              [
                10.596039,
                57.751166
              ],
              [
                10.625011,
                57.747504
              ],
              [
                10.648936,
                57.737006
              ],
              [
                10.594412,
                57.725898
              ],
              [
                10.542491,
                57.69892
              ],
              [
                10.46046,
                57.630561
              ],
              [
                10.430431,
                57.570543
              ],
              [
                10.458344,
                57.525458
              ],
              [
                10.508962,
                57.484036
              ],
              [
                10.54656,
                57.435289
              ],
              [
                10.517426,
                57.391303
              ],
              [
                10.517914,
                57.339179
              ],
              [
                10.539073,
                57.236721
              ],
              [
                10.521983,
                57.221747
              ],
              [
                10.470876,
                57.201158
              ],
              [
                10.446788,
                57.184882
              ],
              [
                10.411469,
                57.144436
              ],
              [
                10.395518,
                57.117255
              ],
              [
                10.384044,
                57.074205
              ],
              [
                10.359223,
                57.026109
              ],
              [
                10.347179,
                57.010199
              ],
              [
                10.338715,
                57.003241
              ],
              [
                10.330577,
                56.999335
              ],
              [
                10.319672,
                56.997504
              ],
              [
                10.272472,
                56.99787
              ],
              [
                10.257986,
                56.995836
              ],
              [
                10.239757,
                56.992825
              ],
              [
                10.156016,
                57.02383
              ],
              [
                10.094005,
                57.060492
              ],
              [
                10.052745,
                57.069729
              ],
              [
                10.019379,
                57.088446
              ],
              [
                9.99464,
                57.092719
              ],
              [
                9.974457,
                57.086493
              ],
              [
                9.946137,
                57.061184
              ],
              [
                9.926931,
                57.05858
              ],
              [
                9.945486,
                57.057318
              ],
              [
                9.966563,
                57.072211
              ],
              [
                9.984141,
                57.079047
              ],
              [
                10.001964,
                57.083889
              ],
              [
                10.022634,
                57.079088
              ],
              [
                10.121267,
                57.022121
              ],
              [
                10.153982,
                57.013251
              ],
              [
                10.192393,
                56.994045
              ],
              [
                10.214366,
                56.989691
              ],
              [
                10.295095,
                56.988593
              ],
              [
                10.313731,
                56.982856
              ],
              [
                10.285655,
                56.96369
              ],
              [
                10.279552,
                56.955512
              ],
              [
                10.27475,
                56.942288
              ],
              [
                10.269298,
                56.915025
              ],
              [
                10.26588,
                56.907701
              ],
              [
                10.273123,
                56.891343
              ],
              [
                10.284028,
                56.840318
              ],
              [
                10.288341,
                56.800116
              ],
              [
                10.295421,
                56.778876
              ],
              [
                10.319998,
                56.736477
              ],
              [
                10.328461,
                56.729804
              ],
              [
                10.338227,
                56.723944
              ],
              [
                10.340587,
                56.717353
              ],
              [
                10.326834,
                56.708564
              ],
              [
                10.318696,
                56.708238
              ],
              [
                10.295177,
                56.714301
              ],
              [
                10.282563,
                56.715969
              ],
              [
                10.237559,
                56.715969
              ],
              [
                10.221853,
                56.712104
              ],
              [
                10.203868,
                56.702338
              ],
              [
                10.187022,
                56.712226
              ],
              [
                10.168142,
                56.720038
              ],
              [
                10.146495,
                56.722357
              ],
              [
                10.121267,
                56.715969
              ],
              [
                10.098969,
                56.706122
              ],
              [
                10.08961,
                56.704047
              ],
              [
                10.073497,
                56.702338
              ],
              [
                10.05836,
                56.698228
              ],
              [
                10.027517,
                56.684272
              ],
              [
                9.990896,
                56.676947
              ],
              [
                9.945567,
                56.658149
              ],
              [
                9.805919,
                56.64704
              ],
              [
                9.805919,
                56.640204
              ],
              [
                9.851329,
                56.635728
              ],
              [
                10.001475,
                56.661322
              ],
              [
                10.034923,
                56.672838
              ],
              [
                10.049571,
                56.674994
              ],
              [
                10.052908,
                56.677151
              ],
              [
                10.053477,
                56.68183
              ],
              [
                10.055431,
                56.68651
              ],
              [
                10.062836,
                56.688666
              ],
              [
                10.070974,
                56.687486
              ],
              [
                10.084321,
                56.682359
              ],
              [
                10.090587,
                56.68122
              ],
              [
                10.101329,
                56.682685
              ],
              [
                10.113617,
                56.686713
              ],
              [
                10.12379,
                56.692328
              ],
              [
                10.128103,
                56.698879
              ],
              [
                10.134776,
                56.712388
              ],
              [
                10.150564,
                56.714423
              ],
              [
                10.18336,
                56.708564
              ],
              [
                10.180837,
                56.704901
              ],
              [
                10.175792,
                56.695461
              ],
              [
                10.193207,
                56.69359
              ],
              [
                10.241954,
                56.688381
              ],
              [
                10.283539,
                56.689765
              ],
              [
                10.310313,
                56.698879
              ],
              [
                10.334239,
                56.703843
              ],
              [
                10.352794,
                56.68183
              ],
              [
                10.357677,
                56.648749
              ],
              [
                10.340343,
                56.620347
              ],
              [
                10.27296,
                56.591702
              ],
              [
                10.223318,
                56.560614
              ],
              [
                10.214366,
                56.558295
              ],
              [
                10.207286,
                56.525784
              ],
              [
                10.203868,
                56.516669
              ],
              [
                10.211436,
                56.505316
              ],
              [
                10.206798,
                56.490953
              ],
              [
                10.195486,
                56.477688
              ],
              [
                10.18336,
                56.46955
              ],
              [
                10.214122,
                56.470445
              ],
              [
                10.225597,
                56.475735
              ],
              [
                10.224376,
                56.513617
              ],
              [
                10.22755,
                56.541083
              ],
              [
                10.237641,
                56.554389
              ],
              [
                10.279552,
                56.571967
              ],
              [
                10.312673,
                56.596625
              ],
              [
                10.330333,
                56.603217
              ],
              [
                10.350922,
                56.595893
              ],
              [
                10.354503,
                56.589545
              ],
              [
                10.359874,
                56.568101
              ],
              [
                10.36085,
                56.561713
              ],
              [
                10.365245,
                56.558417
              ],
              [
                10.394867,
                56.544664
              ],
              [
                10.4699,
                56.520901
              ],
              [
                10.551524,
                56.51557
              ],
              [
                10.789073,
                56.536363
              ],
              [
                10.822276,
                56.534247
              ],
              [
                10.854991,
                56.524156
              ],
              [
                10.869884,
                56.514716
              ],
              [
                10.90211,
                56.483222
              ],
              [
                10.964122,
                56.448432
              ],
              [
                10.964122,
                56.442206
              ],
              [
                10.940929,
                56.429511
              ],
              [
                10.928477,
                56.40648
              ],
              [
                10.923513,
                56.379869
              ],
              [
                10.922618,
                56.356269
              ],
              [
                10.911632,
                56.334052
              ],
              [
                10.819591,
                56.260932
              ],
              [
                10.77296,
                56.242987
              ],
              [
                10.755382,
                56.229315
              ],
              [
                10.750011,
                56.216051
              ],
              [
                10.752615,
                56.184963
              ],
              [
                10.738617,
                56.154527
              ],
              [
                10.707042,
                56.150865
              ],
              [
                10.672211,
                56.165188
              ],
              [
                10.648936,
                56.188381
              ],
              [
                10.674653,
                56.190823
              ],
              [
                10.685232,
                56.196234
              ],
              [
                10.69044,
                56.208889
              ],
              [
                10.687673,
                56.222235
              ],
              [
                10.677582,
                56.226304
              ],
              [
                10.664561,
                56.227607
              ],
              [
                10.652599,
                56.232733
              ],
              [
                10.628591,
                56.237535
              ],
              [
                10.60377,
                56.221015
              ],
              [
                10.581228,
                56.199205
              ],
              [
                10.549164,
                56.178209
              ],
              [
                10.556163,
                56.154934
              ],
              [
                10.569347,
                56.129462
              ],
              [
                10.573741,
                56.112616
              ],
              [
                10.563975,
                56.105618
              ],
              [
                10.548025,
                56.101264
              ],
              [
                10.531016,
                56.100165
              ],
              [
                10.518565,
                56.102729
              ],
              [
                10.508474,
                56.111029
              ],
              [
                10.498546,
                56.130194
              ],
              [
                10.491222,
                56.13996
              ],
              [
                10.499197,
                56.144721
              ],
              [
                10.516124,
                56.151597
              ],
              [
                10.525401,
                56.153632
              ],
              [
                10.51824,
                56.164781
              ],
              [
                10.509451,
                56.170111
              ],
              [
                10.46811,
                56.177069
              ],
              [
                10.458995,
                56.176093
              ],
              [
                10.436697,
                56.167914
              ],
              [
                10.408702,
                56.164862
              ],
              [
                10.391449,
                56.172675
              ],
              [
                10.376231,
                56.186672
              ],
              [
                10.354666,
                56.202053
              ],
              [
                10.376964,
                56.203315
              ],
              [
                10.410411,
                56.218492
              ],
              [
                10.42921,
                56.22248
              ],
              [
                10.44337,
                56.21662
              ],
              [
                10.460704,
                56.206204
              ],
              [
                10.477794,
                56.202338
              ],
              [
                10.491222,
                56.216295
              ],
              [
                10.474294,
                56.232245
              ],
              [
                10.475434,
                56.244696
              ],
              [
                10.504731,
                56.277777
              ],
              [
                10.491222,
                56.277655
              ],
              [
                10.476817,
                56.280911
              ],
              [
                10.463634,
                56.286851
              ],
              [
                10.453624,
                56.294501
              ],
              [
                10.442638,
                56.298651
              ],
              [
                10.416759,
                56.291897
              ],
              [
                10.403005,
                56.298245
              ],
              [
                10.399262,
                56.284857
              ],
              [
                10.393809,
                56.276516
              ],
              [
                10.38502,
                56.272162
              ],
              [
                10.371104,
                56.270941
              ],
              [
                10.36378,
                56.26557
              ],
              [
                10.336925,
                56.232733
              ],
              [
                10.312511,
                56.215155
              ],
              [
                10.258474,
                56.190253
              ],
              [
                10.234223,
                56.171332
              ],
              [
                10.220225,
                56.147895
              ],
              [
                10.226899,
                56.133246
              ],
              [
                10.243419,
                56.119574
              ],
              [
                10.259044,
                56.099026
              ],
              [
                10.265636,
                56.073717
              ],
              [
                10.261485,
                56.054429
              ],
              [
                10.249197,
                56.036933
              ],
              [
                10.23113,
                56.017035
              ],
              [
                10.255138,
                56.023627
              ],
              [
                10.272716,
                56.024848
              ],
              [
                10.277517,
                56.017768
              ],
              [
                10.252452,
                55.986233
              ],
              [
                10.250011,
                55.973456
              ],
              [
                10.251638,
                55.948188
              ],
              [
                10.250743,
                55.930732
              ],
              [
                10.249278,
                55.923041
              ],
              [
                10.245372,
                55.914618
              ],
              [
                10.221365,
                55.896918
              ],
              [
                10.21754,
                55.889838
              ],
              [
                10.212657,
                55.889879
              ],
              [
                10.201834,
                55.885891
              ],
              [
                10.190196,
                55.879706
              ],
              [
                10.18336,
                55.873725
              ],
              [
                10.188324,
                55.871161
              ],
              [
                10.195567,
                55.861314
              ],
              [
                10.199392,
                55.850735
              ],
              [
                10.190603,
                55.843492
              ],
              [
                10.187348,
                55.838609
              ],
              [
                10.18214,
                55.833686
              ],
              [
                10.172699,
                55.831488
              ],
              [
                10.160411,
                55.833319
              ],
              [
                10.151052,
                55.838121
              ],
              [
                10.135509,
                55.851996
              ],
              [
                10.131033,
                55.858466
              ],
              [
                10.128103,
                55.865871
              ],
              [
                10.12379,
                55.873277
              ],
              [
                10.114513,
                55.879869
              ],
              [
                10.101817,
                55.882392
              ],
              [
                10.004649,
                55.879869
              ],
              [
                9.99171,
                55.877346
              ],
              [
                9.983653,
                55.871405
              ],
              [
                9.977387,
                55.864569
              ],
              [
                9.97047,
                55.859442
              ],
              [
                9.944509,
                55.853583
              ],
              [
                9.891775,
                55.855373
              ],
              [
                9.867442,
                55.851996
              ],
              [
                9.892589,
                55.836249
              ],
              [
                10.035655,
                55.818427
              ],
              [
                10.045746,
                55.813951
              ],
              [
                10.042166,
                55.803412
              ],
              [
                10.025645,
                55.783026
              ],
              [
                10.017345,
                55.76557
              ],
              [
                10.019786,
                55.75788
              ],
              [
                10.033702,
                55.756049
              ],
              [
                10.059825,
                55.756415
              ],
              [
                10.059825,
                55.749498
              ],
              [
                10.018809,
                55.736274
              ],
              [
                10.006847,
                55.725043
              ],
              [
                10.01824,
                55.708564
              ],
              [
                10.014496,
                55.706855
              ],
              [
                10.005219,
                55.701117
              ],
              [
                9.9817,
                55.709418
              ],
              [
                9.871837,
                55.69123
              ],
              [
                9.821788,
                55.675971
              ],
              [
                9.792247,
                55.674465
              ],
              [
                9.730968,
                55.688137
              ],
              [
                9.695649,
                55.705797
              ],
              [
                9.686534,
                55.708564
              ],
              [
                9.583018,
                55.708889
              ],
              [
                9.559581,
                55.715399
              ],
              [
                9.556407,
                55.711575
              ],
              [
                9.554535,
                55.708808
              ],
              [
                9.553477,
                55.705797
              ],
              [
                9.552745,
                55.701117
              ],
              [
                9.573578,
                55.695461
              ],
              [
                9.645518,
                55.694892
              ],
              [
                9.658539,
                55.690375
              ],
              [
                9.710297,
                55.660142
              ],
              [
                9.720958,
                55.648261
              ],
              [
                9.728201,
                55.637519
              ],
              [
                9.738292,
                55.629706
              ],
              [
                9.758149,
                55.626654
              ],
              [
                9.85377,
                55.626654
              ],
              [
                9.837413,
                55.61522
              ],
              [
                9.785492,
                55.591946
              ],
              [
                9.75766,
                55.571601
              ],
              [
                9.744151,
                55.566352
              ],
              [
                9.720876,
                55.564602
              ],
              [
                9.712413,
                55.560289
              ],
              [
                9.710623,
                55.55093
              ],
              [
                9.710297,
                55.541571
              ],
              [
                9.706879,
                55.537299
              ],
              [
                9.643891,
                55.528306
              ],
              [
                9.621104,
                55.518948
              ],
              [
                9.60727,
                55.516791
              ],
              [
                9.595225,
                55.518378
              ],
              [
                9.572765,
                55.523912
              ],
              [
                9.559581,
                55.523627
              ],
              [
                9.562185,
                55.519517
              ],
              [
                9.566417,
                55.516791
              ],
              [
                9.551931,
                55.505113
              ],
              [
                9.514903,
                55.498196
              ],
              [
                9.498057,
                55.489447
              ],
              [
                9.515636,
                55.48314
              ],
              [
                9.534434,
                55.483832
              ],
              [
                9.583669,
                55.491156
              ],
              [
                9.592784,
                55.494289
              ],
              [
                9.602387,
                55.495795
              ],
              [
                9.660167,
                55.477973
              ],
              [
                9.664236,
                55.466702
              ],
              [
                9.659923,
                55.45303
              ],
              [
                9.648936,
                55.441067
              ],
              [
                9.635265,
                55.435736
              ],
              [
                9.60141,
                55.43183
              ],
              [
                9.586762,
                55.427436
              ],
              [
                9.592052,
                55.416327
              ],
              [
                9.60434,
                55.40119
              ],
              [
                9.607921,
                55.393256
              ],
              [
                9.605154,
                55.382025
              ],
              [
                9.599294,
                55.373358
              ],
              [
                9.600841,
                55.365912
              ],
              [
                9.621104,
                55.358547
              ],
              [
                9.633474,
                55.351996
              ],
              [
                9.645274,
                55.342719
              ],
              [
                9.648285,
                55.332913
              ],
              [
                9.634613,
                55.325019
              ],
              [
                9.634613,
                55.317572
              ],
              [
                9.644867,
                55.31094
              ],
              [
                9.681895,
                55.274644
              ],
              [
                9.694184,
                55.271633
              ],
              [
                9.706065,
                55.265082
              ],
              [
                9.710297,
                55.248684
              ],
              [
                9.706554,
                55.237006
              ],
              [
                9.699474,
                55.229804
              ],
              [
                9.692882,
                55.221015
              ],
              [
                9.689789,
                55.204901
              ],
              [
                9.684418,
                55.197577
              ],
              [
                9.67156,
                55.19245
              ],
              [
                9.655772,
                55.189439
              ],
              [
                9.6421,
                55.188422
              ],
              [
                9.583344,
                55.194648
              ],
              [
                9.569835,
                55.192532
              ],
              [
                9.561534,
                55.187201
              ],
              [
                9.554942,
                55.180569
              ],
              [
                9.545909,
                55.17414
              ],
              [
                9.521821,
                55.165432
              ],
              [
                9.507172,
                55.161933
              ],
              [
                9.494395,
                55.160549
              ],
              [
                9.486339,
                55.156236
              ],
              [
                9.486339,
                55.147406
              ],
              [
                9.49464,
                55.140082
              ],
              [
                9.511892,
                55.140082
              ],
              [
                9.511892,
                55.133205
              ],
              [
                9.482432,
                55.133775
              ],
              [
                9.468761,
                55.131781
              ],
              [
                9.456554,
                55.125718
              ],
              [
                9.466645,
                55.121405
              ],
              [
                9.479177,
                55.119696
              ],
              [
                9.508067,
                55.119534
              ],
              [
                9.521332,
                55.115871
              ],
              [
                9.535818,
                55.106879
              ],
              [
                9.559581,
                55.085395
              ],
              [
                9.533702,
                55.065823
              ],
              [
                9.516612,
                55.056545
              ],
              [
                9.498057,
                55.050686
              ],
              [
                9.452403,
                55.045356
              ],
              [
                9.434337,
                55.037543
              ],
              [
                9.442882,
                55.023383
              ],
              [
                9.455251,
                55.023179
              ],
              [
                9.511892,
                55.036363
              ],
              [
                9.537364,
                55.035386
              ],
              [
                9.545909,
                55.036363
              ],
              [
                9.553233,
                55.039618
              ],
              [
                9.560232,
                55.04442
              ],
              [
                9.568533,
                55.048774
              ],
              [
                9.579926,
                55.050686
              ],
              [
                9.601573,
                55.045396
              ],
              [
                9.641856,
                55.019721
              ],
              [
                9.662608,
                55.009711
              ],
              [
                9.71754,
                55.001166
              ],
              [
                9.730968,
                54.995429
              ],
              [
                9.738617,
                54.980862
              ],
              [
                9.760753,
                54.904975
              ],
              [
                9.763194,
                54.900458
              ],
              [
                9.761567,
                54.897406
              ],
              [
                9.751964,
                54.893012
              ],
              [
                9.737071,
                54.892768
              ],
              [
                9.722992,
                54.89765
              ],
              [
                9.711436,
                54.898586
              ],
              [
                9.703461,
                54.886176
              ],
              [
                9.715994,
                54.883775
              ],
              [
                9.727875,
                54.879462
              ],
              [
                9.737804,
                54.873521
              ],
              [
                9.744477,
                54.866278
              ],
              [
                9.748302,
                54.857856
              ],
              [
                9.750255,
                54.846259
              ],
              [
                9.745942,
                54.836005
              ],
              [
                9.731212,
                54.831529
              ],
              [
                9.719574,
                54.835842
              ],
              [
                9.705333,
                54.85456
              ],
              [
                9.696625,
                54.858873
              ],
              [
                9.65504,
                54.857082
              ],
              [
                9.6421,
                54.858873
              ],
              [
                9.623302,
                54.865302
              ],
              [
                9.624685,
                54.869289
              ],
              [
                9.632823,
                54.873114
              ],
              [
                9.634613,
                54.87934
              ],
              [
                9.616954,
                54.894232
              ],
              [
                9.610362,
                54.903225
              ],
              [
                9.617524,
                54.907294
              ],
              [
                9.644216,
                54.913275
              ],
              [
                9.638845,
                54.92475
              ],
              [
                9.615001,
                54.932685
              ],
              [
                9.586762,
                54.92772
              ],
              [
                9.581228,
                54.92178
              ],
              [
                9.568044,
                54.901435
              ],
              [
                9.556814,
                54.890326
              ],
              [
                9.550548,
                54.882717
              ],
              [
                9.545909,
                54.87934
              ],
              [
                9.538341,
                54.877916
              ],
              [
                9.522146,
                54.879299
              ],
              [
                9.515147,
                54.875922
              ],
              [
                9.498057,
                54.864325
              ],
              [
                9.456391,
                54.843817
              ],
              [
                9.442882,
                54.831529
              ],
              [
                9.43629,
                54.810452
              ],
              [
                9.437503,
                54.810411
              ],
              [
                9.436922,
                54.810144
              ],
              [
                9.422143,
                54.80725
              ],
              [
                9.405193,
                54.808387
              ],
              [
                9.385039,
                54.819394
              ],
              [
                9.366952,
                54.817017
              ],
              [
                9.355997,
                54.811332
              ],
              [
                9.341734,
                54.809059
              ],
              [
                9.332019,
                54.803219
              ],
              [
                9.317033,
                54.801617
              ],
              [
                9.244066,
                54.801772
              ],
              [
                9.226392,
                54.805906
              ],
              [
                9.219054,
                54.817792
              ],
              [
                9.216057,
                54.831745
              ],
              [
                9.21151,
                54.841822
              ],
              [
                9.194766,
                54.8504
              ],
              [
                8.982686,
                54.879339
              ],
              [
                8.904138,
                54.897942
              ],
              [
                8.824246,
                54.9059
              ],
              [
                8.800889,
                54.903833
              ],
              [
                8.732779,
                54.889054
              ],
              [
                8.695882,
                54.889984
              ],
              [
                8.660776,
                54.896311
              ]
            ]
          ],
          [
            [
              [
                11.845225,
                54.73192
              ],
              [
                11.833832,
                54.724555
              ],
              [
                11.823578,
                54.722113
              ],
              [
                11.814708,
                54.718695
              ],
              [
                11.806977,
                54.707994
              ],
              [
                11.846446,
                54.697821
              ],
              [
                11.842621,
                54.676215
              ],
              [
                11.81072,
                54.655097
              ],
              [
                11.766124,
                54.646552
              ],
              [
                11.610525,
                54.666409
              ],
              [
                11.560069,
                54.659613
              ],
              [
                11.512218,
                54.646552
              ],
              [
                11.474376,
                54.626125
              ],
              [
                11.451834,
                54.628363
              ],
              [
                11.358735,
                54.660549
              ],
              [
                11.297699,
                54.691555
              ],
              [
                11.187755,
                54.732245
              ],
              [
                11.138194,
                54.738593
              ],
              [
                11.084646,
                54.753119
              ],
              [
                11.030528,
                54.760647
              ],
              [
                11.009288,
                54.771633
              ],
              [
                10.999197,
                54.78677
              ],
              [
                11.005707,
                54.803656
              ],
              [
                11.030772,
                54.812161
              ],
              [
                11.06129,
                54.809312
              ],
              [
                11.089692,
                54.810614
              ],
              [
                11.108165,
                54.831529
              ],
              [
                11.09197,
                54.835028
              ],
              [
                11.07838,
                54.841132
              ],
              [
                11.025238,
                54.879462
              ],
              [
                11.018809,
                54.886176
              ],
              [
                11.018809,
                54.903388
              ],
              [
                11.0324,
                54.919257
              ],
              [
                11.073985,
                54.948188
              ],
              [
                11.088145,
                54.944159
              ],
              [
                11.2317,
                54.961249
              ],
              [
                11.256033,
                54.954576
              ],
              [
                11.303477,
                54.93244
              ],
              [
                11.321056,
                54.92772
              ],
              [
                11.338878,
                54.919135
              ],
              [
                11.368907,
                54.88109
              ],
              [
                11.392751,
                54.872504
              ],
              [
                11.416759,
                54.86933
              ],
              [
                11.594737,
                54.811103
              ],
              [
                11.585134,
                54.828518
              ],
              [
                11.573578,
                54.839342
              ],
              [
                11.572765,
                54.847968
              ],
              [
                11.594737,
                54.858873
              ],
              [
                11.622081,
                54.858873
              ],
              [
                11.646332,
                54.865383
              ],
              [
                11.656261,
                54.866278
              ],
              [
                11.647227,
                54.877143
              ],
              [
                11.644786,
                54.889635
              ],
              [
                11.646332,
                54.902289
              ],
              [
                11.649425,
                54.91352
              ],
              [
                11.725759,
                54.873358
              ],
              [
                11.731944,
                54.858873
              ],
              [
                11.755626,
                54.841132
              ],
              [
                11.770681,
                54.834296
              ],
              [
                11.787283,
                54.831529
              ],
              [
                11.777192,
                54.825995
              ],
              [
                11.77296,
                54.824693
              ],
              [
                11.787608,
                54.806871
              ],
              [
                11.837738,
                54.782782
              ],
              [
                11.848643,
                54.773179
              ],
              [
                11.851329,
                54.756822
              ],
              [
                11.855479,
                54.749457
              ],
              [
                11.855479,
                54.743598
              ],
              [
                11.845225,
                54.73192
              ]
            ]
          ],
          [
            [
              [
                10.450206,
                54.899807
              ],
              [
                10.466645,
                54.89057
              ],
              [
                10.485688,
                54.883694
              ],
              [
                10.499197,
                54.874579
              ],
              [
                10.498709,
                54.858873
              ],
              [
                10.508149,
                54.854926
              ],
              [
                10.518565,
                54.851996
              ],
              [
                10.440115,
                54.841498
              ],
              [
                10.41863,
                54.827826
              ],
              [
                10.406261,
                54.824693
              ],
              [
                10.383474,
                54.830756
              ],
              [
                10.211436,
                54.939358
              ],
              [
                10.19516,
                54.961859
              ],
              [
                10.18922,
                54.977484
              ],
              [
                10.203868,
                54.968085
              ],
              [
                10.288748,
                54.940741
              ],
              [
                10.313731,
                54.92772
              ],
              [
                10.33725,
                54.905911
              ],
              [
                10.34962,
                54.896715
              ],
              [
                10.364268,
                54.893012
              ],
              [
                10.379405,
                54.893052
              ],
              [
                10.391368,
                54.895453
              ],
              [
                10.395844,
                54.903469
              ],
              [
                10.388845,
                54.920315
              ],
              [
                10.403087,
                54.908393
              ],
              [
                10.415212,
                54.878485
              ],
              [
                10.426036,
                54.872504
              ],
              [
                10.446788,
                54.872382
              ],
              [
                10.460948,
                54.874498
              ],
              [
                10.463634,
                54.882473
              ],
              [
                10.450206,
                54.899807
              ]
            ]
          ],
          [
            [
              [
                12.417166,
                55.030219
              ],
              [
                12.504731,
                55.019761
              ],
              [
                12.537608,
                55.002387
              ],
              [
                12.553722,
                54.968085
              ],
              [
                12.551768,
                54.95718
              ],
              [
                12.542654,
                54.951158
              ],
              [
                12.526215,
                54.948676
              ],
              [
                12.502778,
                54.948188
              ],
              [
                12.384613,
                54.96308
              ],
              [
                12.348399,
                54.960028
              ],
              [
                12.313975,
                54.950873
              ],
              [
                12.28004,
                54.934556
              ],
              [
                12.226817,
                54.892646
              ],
              [
                12.207774,
                54.886176
              ],
              [
                12.178722,
                54.888983
              ],
              [
                12.115001,
                54.907294
              ],
              [
                12.115001,
                54.91352
              ],
              [
                12.129161,
                54.91352
              ],
              [
                12.124685,
                54.923733
              ],
              [
                12.128917,
                54.931627
              ],
              [
                12.138194,
                54.937242
              ],
              [
                12.149099,
                54.940823
              ],
              [
                12.144054,
                54.943793
              ],
              [
                12.134532,
                54.951606
              ],
              [
                12.129161,
                54.954413
              ],
              [
                12.151378,
                54.968899
              ],
              [
                12.164399,
                54.972642
              ],
              [
                12.177013,
                54.968085
              ],
              [
                12.184337,
                54.975531
              ],
              [
                12.177013,
                54.989203
              ],
              [
                12.193126,
                54.988349
              ],
              [
                12.217296,
                54.978664
              ],
              [
                12.232188,
                54.975531
              ],
              [
                12.242198,
                54.97663
              ],
              [
                12.27475,
                54.984442
              ],
              [
                12.286876,
                54.989203
              ],
              [
                12.281505,
                54.999091
              ],
              [
                12.281261,
                55.007148
              ],
              [
                12.285655,
                55.013129
              ],
              [
                12.2942,
                55.016547
              ],
              [
                12.2942,
                55.023383
              ],
              [
                12.261567,
                55.036811
              ],
              [
                12.252696,
                55.04385
              ],
              [
                12.247569,
                55.05386
              ],
              [
                12.250987,
                55.060736
              ],
              [
                12.261974,
                55.064276
              ],
              [
                12.28004,
                55.064276
              ],
              [
                12.301768,
                55.04206
              ],
              [
                12.335297,
                55.033271
              ],
              [
                12.417166,
                55.030219
              ]
            ]
          ],
          [
            [
              [
                10.011404,
                54.975531
              ],
              [
                10.02589,
                54.959784
              ],
              [
                10.065115,
                54.890815
              ],
              [
                10.064464,
                54.881008
              ],
              [
                10.050466,
                54.878852
              ],
              [
                10.021983,
                54.87934
              ],
              [
                10.007091,
                54.874823
              ],
              [
                9.987559,
                54.865912
              ],
              [
                9.968028,
                54.859524
              ],
              [
                9.953624,
                54.862616
              ],
              [
                9.937185,
                54.870917
              ],
              [
                9.891124,
                54.879299
              ],
              [
                9.874278,
                54.886176
              ],
              [
                9.874278,
                54.893012
              ],
              [
                9.90089,
                54.900702
              ],
              [
                9.932302,
                54.892808
              ],
              [
                9.963878,
                54.87995
              ],
              [
                9.991547,
                54.872504
              ],
              [
                9.991547,
                54.87934
              ],
              [
                9.943696,
                54.903632
              ],
              [
                9.898285,
                54.912991
              ],
              [
                9.88795,
                54.91352
              ],
              [
                9.87794,
                54.911322
              ],
              [
                9.863536,
                54.903062
              ],
              [
                9.85377,
                54.899807
              ],
              [
                9.814708,
                54.901068
              ],
              [
                9.780935,
                54.916815
              ],
              [
                9.761241,
                54.943061
              ],
              [
                9.764415,
                54.975531
              ],
              [
                9.758149,
                54.975531
              ],
              [
                9.758149,
                54.981757
              ],
              [
                9.780284,
                54.972846
              ],
              [
                9.804047,
                54.95718
              ],
              [
                9.827403,
                54.945461
              ],
              [
                9.847504,
                54.948188
              ],
              [
                9.843272,
                54.951728
              ],
              [
                9.836681,
                54.958564
              ],
              [
                9.832774,
                54.965155
              ],
              [
                9.836681,
                54.968085
              ],
              [
                9.842133,
                54.970282
              ],
              [
                9.835216,
                54.975165
              ],
              [
                9.793712,
                54.992174
              ],
              [
                9.786794,
                55.000149
              ],
              [
                9.799083,
                55.009711
              ],
              [
                9.799083,
                55.016547
              ],
              [
                9.720551,
                55.012274
              ],
              [
                9.706879,
                55.013129
              ],
              [
                9.696951,
                55.017524
              ],
              [
                9.684825,
                55.018541
              ],
              [
                9.674164,
                55.021064
              ],
              [
                9.668793,
                55.030219
              ],
              [
                9.672374,
                55.034654
              ],
              [
                9.691254,
                55.042792
              ],
              [
                9.696625,
                55.050686
              ],
              [
                9.678233,
                55.050198
              ],
              [
                9.661632,
                55.046536
              ],
              [
                9.645518,
                55.044867
              ],
              [
                9.628429,
                55.050686
              ],
              [
                9.628429,
                55.058051
              ],
              [
                9.716645,
                55.082221
              ],
              [
                9.751964,
                55.085395
              ],
              [
                9.793468,
                55.080756
              ],
              [
                9.853038,
                55.040107
              ],
              [
                9.884776,
                55.030219
              ],
              [
                9.929047,
                55.02619
              ],
              [
                9.960948,
                55.015041
              ],
              [
                9.986583,
                54.997748
              ],
              [
                10.011404,
                54.975531
              ]
            ]
          ],
          [
            [
              [
                10.854991,
                55.04385
              ],
              [
                10.86199,
                55.072089
              ],
              [
                10.895518,
                55.121527
              ],
              [
                10.934255,
                55.159654
              ],
              [
                10.956716,
                55.153713
              ],
              [
                10.908946,
                55.030219
              ],
              [
                10.889903,
                54.997382
              ],
              [
                10.837738,
                54.937242
              ],
              [
                10.741059,
                54.752387
              ],
              [
                10.731293,
                54.740058
              ],
              [
                10.71754,
                54.735785
              ],
              [
                10.693858,
                54.735297
              ],
              [
                10.681895,
                54.744818
              ],
              [
                10.656423,
                54.803656
              ],
              [
                10.645518,
                54.814602
              ],
              [
                10.632091,
                54.823432
              ],
              [
                10.601085,
                54.838324
              ],
              [
                10.625336,
                54.839301
              ],
              [
                10.64088,
                54.843207
              ],
              [
                10.653494,
                54.85163
              ],
              [
                10.669281,
                54.866278
              ],
              [
                10.678559,
                54.883043
              ],
              [
                10.684418,
                54.887844
              ],
              [
                10.693858,
                54.882758
              ],
              [
                10.698904,
                54.881171
              ],
              [
                10.724457,
                54.886176
              ],
              [
                10.722179,
                54.896064
              ],
              [
                10.717784,
                54.907294
              ],
              [
                10.708995,
                54.902981
              ],
              [
                10.700369,
                54.901557
              ],
              [
                10.691905,
                54.902981
              ],
              [
                10.682953,
                54.907294
              ],
              [
                10.697032,
                54.931342
              ],
              [
                10.718272,
                54.949164
              ],
              [
                10.774099,
                54.986558
              ],
              [
                10.798188,
                54.996568
              ],
              [
                10.854991,
                55.04385
              ]
            ]
          ],
          [
            [
              [
                15.151378,
                55.133205
              ],
              [
                15.146658,
                55.128241
              ],
              [
                15.144542,
                55.124823
              ],
              [
                15.142345,
                55.122138
              ],
              [
                15.137706,
                55.119534
              ],
              [
                15.14503,
                55.104885
              ],
              [
                15.147716,
                55.095608
              ],
              [
                15.144705,
                55.087104
              ],
              [
                15.134288,
                55.074856
              ],
              [
                15.112804,
                55.054633
              ],
              [
                15.106619,
                55.044664
              ],
              [
                15.110362,
                55.036363
              ],
              [
                15.110362,
                55.030219
              ],
              [
                15.113242,
                55.018295
              ],
              [
                15.097353,
                55.007823
              ],
              [
                15.086686,
                54.999213
              ],
              [
                15.072666,
                54.991638
              ],
              [
                15.023664,
                54.999339
              ],
              [
                14.98287,
                55.001013
              ],
              [
                14.927265,
                55.013692
              ],
              [
                14.858607,
                55.038226
              ],
              [
                14.780833,
                55.051128
              ],
              [
                14.699555,
                55.089179
              ],
              [
                14.684173,
                55.101347
              ],
              [
                14.697045,
                55.122654
              ],
              [
                14.701427,
                55.1647
              ],
              [
                14.70574,
                55.225653
              ],
              [
                14.709239,
                55.235826
              ],
              [
                14.71754,
                55.246772
              ],
              [
                14.737071,
                55.266669
              ],
              [
                14.745128,
                55.281562
              ],
              [
                14.752126,
                55.298774
              ],
              [
                14.760916,
                55.309272
              ],
              [
                14.774587,
                55.3039
              ],
              [
                14.814952,
                55.270413
              ],
              [
                14.828949,
                55.261705
              ],
              [
                14.851422,
                55.2482
              ],
              [
                14.889008,
                55.233222
              ],
              [
                14.926799,
                55.215799
              ],
              [
                14.954354,
                55.219254
              ],
              [
                14.973399,
                55.216132
              ],
              [
                14.989757,
                55.196031
              ],
              [
                15.000499,
                55.188422
              ],
              [
                15.012869,
                55.183824
              ],
              [
                15.084543,
                55.154579
              ],
              [
                15.131602,
                55.145453
              ],
              [
                15.151378,
                55.133205
              ]
            ]
          ],
          [
            [
              [
                8.47641,
                55.345445
              ],
              [
                8.451671,
                55.339748
              ],
              [
                8.425304,
                55.355536
              ],
              [
                8.402354,
                55.380032
              ],
              [
                8.370942,
                55.427436
              ],
              [
                8.364268,
                55.449042
              ],
              [
                8.37436,
                55.463284
              ],
              [
                8.408214,
                55.468411
              ],
              [
                8.411957,
                55.438707
              ],
              [
                8.428559,
                55.433539
              ],
              [
                8.448904,
                55.435533
              ],
              [
                8.46339,
                55.427436
              ],
              [
                8.463064,
                55.415717
              ],
              [
                8.450206,
                55.393378
              ],
              [
                8.452891,
                55.383368
              ],
              [
                8.46046,
                55.372382
              ],
              [
                8.467459,
                55.353705
              ],
              [
                8.47641,
                55.345445
              ]
            ]
          ],
          [
            [
              [
                10.66627,
                55.064276
              ],
              [
                10.62143,
                55.064276
              ],
              [
                10.604747,
                55.062567
              ],
              [
                10.586111,
                55.057522
              ],
              [
                10.568858,
                55.049872
              ],
              [
                10.556407,
                55.040107
              ],
              [
                10.538259,
                55.029731
              ],
              [
                10.516856,
                55.031317
              ],
              [
                10.47755,
                55.04385
              ],
              [
                10.410655,
                55.046942
              ],
              [
                10.388845,
                55.050686
              ],
              [
                10.379161,
                55.054511
              ],
              [
                10.371349,
                55.059027
              ],
              [
                10.362559,
                55.06273
              ],
              [
                10.350922,
                55.064276
              ],
              [
                10.325938,
                55.062893
              ],
              [
                10.312755,
                55.063666
              ],
              [
                10.234223,
                55.092231
              ],
              [
                10.205251,
                55.093695
              ],
              [
                10.197602,
                55.086086
              ],
              [
                10.197032,
                55.064276
              ],
              [
                10.181895,
                55.070868
              ],
              [
                10.158376,
                55.086656
              ],
              [
                10.141775,
                55.092231
              ],
              [
                10.121267,
                55.092475
              ],
              [
                10.083507,
                55.086982
              ],
              [
                10.065929,
                55.092231
              ],
              [
                10.142589,
                55.1258
              ],
              [
                10.156016,
                55.140082
              ],
              [
                10.138682,
                55.154283
              ],
              [
                10.12615,
                55.17064
              ],
              [
                10.112966,
                55.183783
              ],
              [
                10.094005,
                55.188422
              ],
              [
                10.078949,
                55.18594
              ],
              [
                10.067556,
                55.182278
              ],
              [
                10.055837,
                55.179755
              ],
              [
                10.039317,
                55.180976
              ],
              [
                10.016612,
                55.194281
              ],
              [
                10.003591,
                55.197333
              ],
              [
                9.991547,
                55.188422
              ],
              [
                9.994477,
                55.172797
              ],
              [
                10.029145,
                55.142401
              ],
              [
                10.025645,
                55.125718
              ],
              [
                10.020681,
                55.124457
              ],
              [
                9.985525,
                55.127753
              ],
              [
                9.982921,
                55.130601
              ],
              [
                9.984386,
                55.13467
              ],
              [
                9.984141,
                55.140082
              ],
              [
                9.98699,
                55.13935
              ],
              [
                9.989757,
                55.143378
              ],
              [
                9.98878,
                55.151842
              ],
              [
                9.974294,
                55.174018
              ],
              [
                9.972016,
                55.184719
              ],
              [
                9.974294,
                55.195258
              ],
              [
                9.980724,
                55.204901
              ],
              [
                9.979503,
                55.212836
              ],
              [
                9.964122,
                55.218166
              ],
              [
                9.924001,
                55.223944
              ],
              [
                9.911388,
                55.228502
              ],
              [
                9.900157,
                55.234117
              ],
              [
                9.895356,
                55.239
              ],
              [
                9.89324,
                55.244452
              ],
              [
                9.883962,
                55.253485
              ],
              [
                9.881684,
                55.259508
              ],
              [
                9.883962,
                55.265611
              ],
              [
                9.89324,
                55.274644
              ],
              [
                9.895356,
                55.28026
              ],
              [
                9.89324,
                55.291246
              ],
              [
                9.883962,
                55.308783
              ],
              [
                9.881684,
                55.314439
              ],
              [
                9.884776,
                55.348863
              ],
              [
                9.874522,
                55.353339
              ],
              [
                9.858897,
                55.354071
              ],
              [
                9.829845,
                55.352281
              ],
              [
                9.81658,
                55.355211
              ],
              [
                9.802419,
                55.362372
              ],
              [
                9.778087,
                55.380276
              ],
              [
                9.794932,
                55.383857
              ],
              [
                9.81365,
                55.385159
              ],
              [
                9.830089,
                55.388902
              ],
              [
                9.840099,
                55.400092
              ],
              [
                9.785492,
                55.413764
              ],
              [
                9.793712,
                55.412787
              ],
              [
                9.819591,
                55.413764
              ],
              [
                9.809255,
                55.425482
              ],
              [
                9.791026,
                55.43183
              ],
              [
                9.751313,
                55.434882
              ],
              [
                9.737315,
                55.438178
              ],
              [
                9.703461,
                55.462144
              ],
              [
                9.703461,
                55.468411
              ],
              [
                9.730235,
                55.461493
              ],
              [
                9.758474,
                55.447496
              ],
              [
                9.786306,
                55.437201
              ],
              [
                9.812185,
                55.441067
              ],
              [
                9.71339,
                55.491034
              ],
              [
                9.67628,
                55.495673
              ],
              [
                9.68393,
                55.506049
              ],
              [
                9.693533,
                55.510199
              ],
              [
                9.704763,
                55.512397
              ],
              [
                9.717784,
                55.516791
              ],
              [
                9.755138,
                55.544135
              ],
              [
                9.809093,
                55.550279
              ],
              [
                9.827403,
                55.548407
              ],
              [
                9.830821,
                55.543118
              ],
              [
                9.831309,
                55.534735
              ],
              [
                9.840099,
                55.523627
              ],
              [
                9.888194,
                55.508694
              ],
              [
                9.940278,
                55.519232
              ],
              [
                10.039317,
                55.557766
              ],
              [
                10.16863,
                55.582261
              ],
              [
                10.212657,
                55.600653
              ],
              [
                10.237315,
                55.605536
              ],
              [
                10.264171,
                55.606635
              ],
              [
                10.272146,
                55.605536
              ],
              [
                10.272797,
                55.602525
              ],
              [
                10.279063,
                55.588324
              ],
              [
                10.279552,
                55.58511
              ],
              [
                10.29363,
                55.58808
              ],
              [
                10.29713,
                55.595649
              ],
              [
                10.293793,
                55.616116
              ],
              [
                10.307628,
                55.618232
              ],
              [
                10.33839,
                55.610093
              ],
              [
                10.4074,
                55.582953
              ],
              [
                10.423025,
                55.572008
              ],
              [
                10.435395,
                55.559719
              ],
              [
                10.444184,
                55.553168
              ],
              [
                10.453624,
                55.550279
              ],
              [
                10.471934,
                55.549018
              ],
              [
                10.488536,
                55.545478
              ],
              [
                10.518809,
                55.533433
              ],
              [
                10.502452,
                55.537177
              ],
              [
                10.486827,
                55.537177
              ],
              [
                10.475271,
                55.531968
              ],
              [
                10.470714,
                55.520209
              ],
              [
                10.474376,
                55.515815
              ],
              [
                10.489106,
                55.509101
              ],
              [
                10.491222,
                55.503119
              ],
              [
                10.486013,
                55.494778
              ],
              [
                10.477794,
                55.492499
              ],
              [
                10.467784,
                55.492133
              ],
              [
                10.457042,
                55.489447
              ],
              [
                10.419607,
                55.458808
              ],
              [
                10.436046,
                55.442125
              ],
              [
                10.471528,
                55.443061
              ],
              [
                10.491222,
                55.465277
              ],
              [
                10.502452,
                55.463568
              ],
              [
                10.566905,
                55.482652
              ],
              [
                10.604747,
                55.489447
              ],
              [
                10.609141,
                55.49258
              ],
              [
                10.607188,
                55.499416
              ],
              [
                10.602306,
                55.506252
              ],
              [
                10.597667,
                55.509345
              ],
              [
                10.588715,
                55.510688
              ],
              [
                10.579112,
                55.514106
              ],
              [
                10.571056,
                55.518704
              ],
              [
                10.566905,
                55.523627
              ],
              [
                10.569835,
                55.532416
              ],
              [
                10.582286,
                55.52912
              ],
              [
                10.595551,
                55.521389
              ],
              [
                10.601085,
                55.516791
              ],
              [
                10.61378,
                55.527899
              ],
              [
                10.610525,
                55.543647
              ],
              [
                10.600841,
                55.561225
              ],
              [
                10.594249,
                55.578274
              ],
              [
                10.599132,
                55.573676
              ],
              [
                10.614594,
                55.564602
              ],
              [
                10.615001,
                55.581448
              ],
              [
                10.608409,
                55.606269
              ],
              [
                10.608572,
                55.612982
              ],
              [
                10.627615,
                55.613593
              ],
              [
                10.656912,
                55.594875
              ],
              [
                10.704112,
                55.550279
              ],
              [
                10.706065,
                55.543891
              ],
              [
                10.707042,
                55.53498
              ],
              [
                10.709239,
                55.527045
              ],
              [
                10.714366,
                55.523627
              ],
              [
                10.716807,
                55.52143
              ],
              [
                10.738129,
                55.509345
              ],
              [
                10.744477,
                55.495551
              ],
              [
                10.742361,
                55.487494
              ],
              [
                10.733084,
                55.481879
              ],
              [
                10.703949,
                55.471137
              ],
              [
                10.657481,
                55.459703
              ],
              [
                10.58839,
                55.463365
              ],
              [
                10.5713,
                55.461249
              ],
              [
                10.559418,
                55.455308
              ],
              [
                10.554047,
                55.442572
              ],
              [
                10.563324,
                55.436225
              ],
              [
                10.579438,
                55.435858
              ],
              [
                10.594249,
                55.441067
              ],
              [
                10.58961,
                55.446234
              ],
              [
                10.588552,
                55.449408
              ],
              [
                10.595958,
                55.459662
              ],
              [
                10.615733,
                55.456855
              ],
              [
                10.682953,
                55.447903
              ],
              [
                10.697927,
                55.440253
              ],
              [
                10.796641,
                55.358547
              ],
              [
                10.803071,
                55.349758
              ],
              [
                10.82838,
                55.306586
              ],
              [
                10.834321,
                55.290269
              ],
              [
                10.826915,
                55.290269
              ],
              [
                10.815115,
                55.300849
              ],
              [
                10.796886,
                55.307685
              ],
              [
                10.780284,
                55.304918
              ],
              [
                10.77296,
                55.287095
              ],
              [
                10.778656,
                55.274848
              ],
              [
                10.805349,
                55.250434
              ],
              [
                10.813324,
                55.235582
              ],
              [
                10.815196,
                55.214057
              ],
              [
                10.812673,
                55.194281
              ],
              [
                10.806,
                55.177395
              ],
              [
                10.790782,
                55.156928
              ],
              [
                10.787852,
                55.149482
              ],
              [
                10.786632,
                55.129462
              ],
              [
                10.783376,
                55.124213
              ],
              [
                10.7588,
                55.105292
              ],
              [
                10.74936,
                55.093085
              ],
              [
                10.742686,
                55.081692
              ],
              [
                10.733653,
                55.071845
              ],
              [
                10.717784,
                55.064276
              ],
              [
                10.705577,
                55.062567
              ],
              [
                10.66627,
                55.064276
              ]
            ]
          ],
          [
            [
              [
                12.615733,
                55.688137
              ],
              [
                12.673839,
                55.605536
              ],
              [
                12.674571,
                55.601264
              ],
              [
                12.639415,
                55.578274
              ],
              [
                12.624197,
                55.575629
              ],
              [
                12.605724,
                55.569281
              ],
              [
                12.588878,
                55.561347
              ],
              [
                12.577973,
                55.554023
              ],
              [
                12.556326,
                55.550482
              ],
              [
                12.534841,
                55.569322
              ],
              [
                12.520518,
                55.596747
              ],
              [
                12.520193,
                55.619208
              ],
              [
                12.531016,
                55.631903
              ],
              [
                12.543956,
                55.640367
              ],
              [
                12.556814,
                55.646959
              ],
              [
                12.567393,
                55.653998
              ],
              [
                12.578136,
                55.666449
              ],
              [
                12.595063,
                55.691352
              ],
              [
                12.608409,
                55.701117
              ],
              [
                12.612559,
                55.695136
              ],
              [
                12.614106,
                55.69245
              ],
              [
                12.615733,
                55.688137
              ]
            ]
          ],
          [
            [
              [
                10.559418,
                55.866278
              ],
              [
                10.57309,
                55.878852
              ],
              [
                10.581065,
                55.894517
              ],
              [
                10.580251,
                55.911526
              ],
              [
                10.566905,
                55.92829
              ],
              [
                10.548595,
                55.935736
              ],
              [
                10.528331,
                55.940619
              ],
              [
                10.515391,
                55.951239
              ],
              [
                10.518565,
                55.976142
              ],
              [
                10.528819,
                55.989203
              ],
              [
                10.543956,
                55.997992
              ],
              [
                10.556814,
                55.995795
              ],
              [
                10.56422,
                55.953843
              ],
              [
                10.580251,
                55.93651
              ],
              [
                10.602794,
                55.925238
              ],
              [
                10.628266,
                55.920844
              ],
              [
                10.619395,
                55.910956
              ],
              [
                10.615408,
                55.900336
              ],
              [
                10.616384,
                55.889797
              ],
              [
                10.62143,
                55.879869
              ],
              [
                10.638682,
                55.866116
              ],
              [
                10.650645,
                55.870103
              ],
              [
                10.65919,
                55.880764
              ],
              [
                10.66627,
                55.886705
              ],
              [
                10.669281,
                55.880032
              ],
              [
                10.65504,
                55.865383
              ],
              [
                10.628266,
                55.845771
              ],
              [
                10.623302,
                55.827704
              ],
              [
                10.62436,
                55.794338
              ],
              [
                10.614594,
                55.776842
              ],
              [
                10.582205,
                55.759752
              ],
              [
                10.54713,
                55.765204
              ],
              [
                10.520274,
                55.78856
              ],
              [
                10.511567,
                55.825263
              ],
              [
                10.517263,
                55.845526
              ],
              [
                10.52768,
                55.853909
              ],
              [
                10.542166,
                55.85814
              ],
              [
                10.559418,
                55.866278
              ]
            ]
          ],
          [
            [
              [
                12.040375,
                54.893012
              ],
              [
                12.05893,
                54.894355
              ],
              [
                12.078298,
                54.897854
              ],
              [
                12.096446,
                54.898098
              ],
              [
                12.111827,
                54.889594
              ],
              [
                12.139903,
                54.864936
              ],
              [
                12.170177,
                54.84455
              ],
              [
                12.170177,
                54.838324
              ],
              [
                12.081716,
                54.796454
              ],
              [
                12.067149,
                54.786811
              ],
              [
                12.028005,
                54.743557
              ],
              [
                12.022716,
                54.735297
              ],
              [
                12.012706,
                54.731106
              ],
              [
                11.98585,
                54.712307
              ],
              [
                11.975271,
                54.707994
              ],
              [
                11.960704,
                54.694078
              ],
              [
                11.960216,
                54.66234
              ],
              [
                11.971446,
                54.605618
              ],
              [
                11.969005,
                54.56977
              ],
              [
                11.949067,
                54.56859
              ],
              [
                11.928233,
                54.58397
              ],
              [
                11.923676,
                54.598131
              ],
              [
                11.909353,
                54.609524
              ],
              [
                11.876638,
                54.646959
              ],
              [
                11.869151,
                54.659613
              ],
              [
                11.870616,
                54.680365
              ],
              [
                11.88266,
                54.696438
              ],
              [
                11.910167,
                54.721666
              ],
              [
                11.889903,
                54.724189
              ],
              [
                11.875824,
                54.729722
              ],
              [
                11.872325,
                54.739936
              ],
              [
                11.882823,
                54.756415
              ],
              [
                11.87143,
                54.760321
              ],
              [
                11.865245,
                54.765448
              ],
              [
                11.855479,
                54.776923
              ],
              [
                11.809093,
                54.804918
              ],
              [
                11.805431,
                54.809516
              ],
              [
                11.800955,
                54.817857
              ],
              [
                11.798839,
                54.825873
              ],
              [
                11.800059,
                54.831204
              ],
              [
                11.799815,
                54.836575
              ],
              [
                11.793468,
                54.84455
              ],
              [
                11.776052,
                54.856147
              ],
              [
                11.76059,
                54.863227
              ],
              [
                11.749685,
                54.873114
              ],
              [
                11.745616,
                54.893012
              ],
              [
                11.745372,
                54.911322
              ],
              [
                11.742035,
                54.925442
              ],
              [
                11.731944,
                54.935289
              ],
              [
                11.711436,
                54.940823
              ],
              [
                11.711436,
                54.948188
              ],
              [
                11.749766,
                54.965725
              ],
              [
                11.759288,
                54.968085
              ],
              [
                11.773611,
                54.965033
              ],
              [
                11.792979,
                54.951321
              ],
              [
                11.803966,
                54.948188
              ],
              [
                11.814789,
                54.952094
              ],
              [
                11.837576,
                54.966132
              ],
              [
                11.841807,
                54.964667
              ],
              [
                11.848318,
                54.959133
              ],
              [
                11.862478,
                54.96369
              ],
              [
                11.882823,
                54.975531
              ],
              [
                11.882823,
                54.981757
              ],
              [
                11.872325,
                54.989569
              ],
              [
                11.853526,
                55.020087
              ],
              [
                11.841807,
                55.030219
              ],
              [
                11.774669,
                55.04857
              ],
              [
                11.755626,
                55.050686
              ],
              [
                11.750255,
                55.052802
              ],
              [
                11.73699,
                55.062201
              ],
              [
                11.72877,
                55.064276
              ],
              [
                11.665538,
                55.066392
              ],
              [
                11.646658,
                55.072333
              ],
              [
                11.630382,
                55.081122
              ],
              [
                11.615896,
                55.092231
              ],
              [
                11.669607,
                55.085639
              ],
              [
                11.775238,
                55.05744
              ],
              [
                11.827485,
                55.050686
              ],
              [
                11.805349,
                55.073879
              ],
              [
                11.743419,
                55.100531
              ],
              [
                11.717621,
                55.125718
              ],
              [
                11.803966,
                55.134833
              ],
              [
                11.809581,
                55.138861
              ],
              [
                11.806977,
                55.146877
              ],
              [
                11.785411,
                55.157213
              ],
              [
                11.728526,
                55.154771
              ],
              [
                11.711436,
                55.167914
              ],
              [
                11.726248,
                55.176947
              ],
              [
                11.734711,
                55.188666
              ],
              [
                11.733084,
                55.200141
              ],
              [
                11.717621,
                55.208319
              ],
              [
                11.695079,
                55.208075
              ],
              [
                11.678233,
                55.199368
              ],
              [
                11.663829,
                55.1883
              ],
              [
                11.649425,
                55.180976
              ],
              [
                11.636241,
                55.181627
              ],
              [
                11.599376,
                55.191311
              ],
              [
                11.524181,
                55.202094
              ],
              [
                11.506033,
                55.208319
              ],
              [
                11.492361,
                55.204169
              ],
              [
                11.423188,
                55.22191
              ],
              [
                11.41033,
                55.22012
              ],
              [
                11.382986,
                55.211168
              ],
              [
                11.368907,
                55.208319
              ],
              [
                11.299978,
                55.208319
              ],
              [
                11.299978,
                55.201483
              ],
              [
                11.320486,
                55.194648
              ],
              [
                11.285899,
                55.19538
              ],
              [
                11.260997,
                55.200588
              ],
              [
                11.245372,
                55.214789
              ],
              [
                11.238536,
                55.242418
              ],
              [
                11.253103,
                55.236274
              ],
              [
                11.267833,
                55.235907
              ],
              [
                11.28004,
                55.242336
              ],
              [
                11.286306,
                55.25609
              ],
              [
                11.276052,
                55.251614
              ],
              [
                11.265391,
                55.249457
              ],
              [
                11.241954,
                55.248684
              ],
              [
                11.23878,
                55.254136
              ],
              [
                11.241547,
                55.27851
              ],
              [
                11.235118,
                55.284003
              ],
              [
                11.217133,
                55.290229
              ],
              [
                11.16212,
                55.319159
              ],
              [
                11.152843,
                55.328437
              ],
              [
                11.161957,
                55.330878
              ],
              [
                11.176443,
                55.331855
              ],
              [
                11.188243,
                55.335273
              ],
              [
                11.190115,
                55.345445
              ],
              [
                11.182302,
                55.350409
              ],
              [
                11.167979,
                55.352769
              ],
              [
                11.152599,
                55.353217
              ],
              [
                11.142345,
                55.352281
              ],
              [
                11.135427,
                55.346869
              ],
              [
                11.13087,
                55.338446
              ],
              [
                11.123546,
                55.331855
              ],
              [
                11.108165,
                55.331855
              ],
              [
                11.101899,
                55.33633
              ],
              [
                11.087738,
                55.358547
              ],
              [
                11.087738,
                55.365953
              ],
              [
                11.114594,
                55.364407
              ],
              [
                11.128917,
                55.36518
              ],
              [
                11.138927,
                55.369371
              ],
              [
                11.147716,
                55.375922
              ],
              [
                11.15919,
                55.381293
              ],
              [
                11.171723,
                55.385077
              ],
              [
                11.183279,
                55.38642
              ],
              [
                11.204356,
                55.391832
              ],
              [
                11.214203,
                55.403795
              ],
              [
                11.213145,
                55.415758
              ],
              [
                11.200938,
                55.42121
              ],
              [
                11.204845,
                55.431342
              ],
              [
                11.196462,
                55.453843
              ],
              [
                11.176443,
                55.489447
              ],
              [
                11.16391,
                55.501899
              ],
              [
                11.151134,
                55.510321
              ],
              [
                11.13559,
                55.515123
              ],
              [
                11.115001,
                55.516791
              ],
              [
                11.097179,
                55.509508
              ],
              [
                11.085785,
                55.507554
              ],
              [
                11.080903,
                55.513088
              ],
              [
                11.082774,
                55.526557
              ],
              [
                11.088552,
                55.53384
              ],
              [
                11.098155,
                55.536689
              ],
              [
                11.111583,
                55.537299
              ],
              [
                11.13795,
                55.542914
              ],
              [
                11.148448,
                55.557318
              ],
              [
                11.145681,
                55.576117
              ],
              [
                11.132091,
                55.595282
              ],
              [
                11.087901,
                55.626939
              ],
              [
                11.039236,
                55.643459
              ],
              [
                10.929942,
                55.660142
              ],
              [
                10.929942,
                55.667629
              ],
              [
                11.087738,
                55.660142
              ],
              [
                11.071056,
                55.676947
              ],
              [
                11.008637,
                55.692288
              ],
              [
                10.98463,
                55.701117
              ],
              [
                10.974294,
                55.710842
              ],
              [
                10.968272,
                55.718411
              ],
              [
                10.960216,
                55.724351
              ],
              [
                10.943614,
                55.729071
              ],
              [
                10.891449,
                55.731269
              ],
              [
                10.875499,
                55.736518
              ],
              [
                10.875499,
                55.742743
              ],
              [
                11.033051,
                55.729071
              ],
              [
                11.065684,
                55.732245
              ],
              [
                11.128184,
                55.746324
              ],
              [
                11.162771,
                55.749498
              ],
              [
                11.162771,
                55.742743
              ],
              [
                11.151703,
                55.743638
              ],
              [
                11.141124,
                55.743232
              ],
              [
                11.13087,
                55.741034
              ],
              [
                11.121837,
                55.736518
              ],
              [
                11.137543,
                55.719062
              ],
              [
                11.163422,
                55.70539
              ],
              [
                11.192638,
                55.700344
              ],
              [
                11.218028,
                55.708564
              ],
              [
                11.176443,
                55.729071
              ],
              [
                11.190115,
                55.736518
              ],
              [
                11.199474,
                55.731106
              ],
              [
                11.216156,
                55.728746
              ],
              [
                11.252208,
                55.729071
              ],
              [
                11.268403,
                55.732733
              ],
              [
                11.302419,
                55.746527
              ],
              [
                11.336681,
                55.750922
              ],
              [
                11.352224,
                55.755805
              ],
              [
                11.364024,
                55.765123
              ],
              [
                11.368907,
                55.779975
              ],
              [
                11.369965,
                55.787787
              ],
              [
                11.374685,
                55.801581
              ],
              [
                11.375662,
                55.807929
              ],
              [
                11.372081,
                55.815863
              ],
              [
                11.354666,
                55.830227
              ],
              [
                11.348399,
                55.838324
              ],
              [
                11.373871,
                55.828762
              ],
              [
                11.398448,
                55.826402
              ],
              [
                11.421723,
                55.831977
              ],
              [
                11.44337,
                55.845771
              ],
              [
                11.47755,
                55.841539
              ],
              [
                11.505219,
                55.86872
              ],
              [
                11.510509,
                55.908271
              ],
              [
                11.477387,
                55.941352
              ],
              [
                11.448416,
                55.948188
              ],
              [
                11.384288,
                55.950832
              ],
              [
                11.304535,
                55.967841
              ],
              [
                11.281912,
                55.978949
              ],
              [
                11.272634,
                55.996568
              ],
              [
                11.400564,
                55.961982
              ],
              [
                11.426931,
                55.965522
              ],
              [
                11.581065,
                55.95185
              ],
              [
                11.599376,
                55.942084
              ],
              [
                11.64088,
                55.943427
              ],
              [
                11.711436,
                55.955634
              ],
              [
                11.747813,
                55.968248
              ],
              [
                11.768321,
                55.970526
              ],
              [
                11.779796,
                55.961859
              ],
              [
                11.775401,
                55.95185
              ],
              [
                11.747325,
                55.932807
              ],
              [
                11.73878,
                55.920844
              ],
              [
                11.750499,
                55.910386
              ],
              [
                11.743988,
                55.903754
              ],
              [
                11.727875,
                55.902289
              ],
              [
                11.711436,
                55.907172
              ],
              [
                11.713552,
                55.910834
              ],
              [
                11.717621,
                55.920844
              ],
              [
                11.685802,
                55.919867
              ],
              [
                11.672862,
                55.91592
              ],
              [
                11.663097,
                55.907172
              ],
              [
                11.712657,
                55.8581
              ],
              [
                11.731619,
                55.830715
              ],
              [
                11.717621,
                55.810981
              ],
              [
                11.702403,
                55.809475
              ],
              [
                11.671235,
                55.814276
              ],
              [
                11.656261,
                55.810981
              ],
              [
                11.63795,
                55.796088
              ],
              [
                11.626231,
                55.790595
              ],
              [
                11.607758,
                55.790473
              ],
              [
                11.607758,
                55.783026
              ],
              [
                11.624278,
                55.780015
              ],
              [
                11.673595,
                55.783026
              ],
              [
                11.687022,
                55.786444
              ],
              [
                11.70281,
                55.793402
              ],
              [
                11.720388,
                55.798651
              ],
              [
                11.73878,
                55.797349
              ],
              [
                11.745453,
                55.789374
              ],
              [
                11.75587,
                55.772935
              ],
              [
                11.763682,
                55.756822
              ],
              [
                11.762706,
                55.749498
              ],
              [
                11.682302,
                55.741278
              ],
              [
                11.664561,
                55.737128
              ],
              [
                11.657237,
                55.730862
              ],
              [
                11.669932,
                55.722846
              ],
              [
                11.684337,
                55.721625
              ],
              [
                11.729259,
                55.723578
              ],
              [
                11.73878,
                55.725979
              ],
              [
                11.746349,
                55.731024
              ],
              [
                11.763031,
                55.721381
              ],
              [
                11.787283,
                55.701117
              ],
              [
                11.794444,
                55.687934
              ],
              [
                11.793793,
                55.68301
              ],
              [
                11.787934,
                55.676947
              ],
              [
                11.779796,
                55.660142
              ],
              [
                11.797618,
                55.669623
              ],
              [
                11.810557,
                55.679104
              ],
              [
                11.852306,
                55.730902
              ],
              [
                11.854421,
                55.732164
              ],
              [
                11.855479,
                55.732815
              ],
              [
                11.853282,
                55.739976
              ],
              [
                11.844005,
                55.752672
              ],
              [
                11.841807,
                55.756415
              ],
              [
                11.844981,
                55.76789
              ],
              [
                11.852712,
                55.782294
              ],
              [
                11.869151,
                55.804755
              ],
              [
                11.884044,
                55.813666
              ],
              [
                11.919444,
                55.819403
              ],
              [
                11.937348,
                55.825263
              ],
              [
                11.953624,
                55.853502
              ],
              [
                11.933116,
                55.886135
              ],
              [
                11.909516,
                55.915473
              ],
              [
                11.91684,
                55.934516
              ],
              [
                11.934744,
                55.933661
              ],
              [
                11.969981,
                55.912584
              ],
              [
                11.988617,
                55.907172
              ],
              [
                11.99822,
                55.902818
              ],
              [
                11.997895,
                55.892768
              ],
              [
                11.993826,
                55.881537
              ],
              [
                11.992035,
                55.873725
              ],
              [
                11.996349,
                55.86107
              ],
              [
                12.000173,
                55.856513
              ],
              [
                12.004893,
                55.853461
              ],
              [
                12.012462,
                55.845771
              ],
              [
                12.031261,
                55.816596
              ],
              [
                12.049001,
                55.775336
              ],
              [
                12.051931,
                55.73664
              ],
              [
                12.026134,
                55.715399
              ],
              [
                11.990001,
                55.722805
              ],
              [
                11.972667,
                55.721422
              ],
              [
                11.965343,
                55.704901
              ],
              [
                11.958181,
                55.693427
              ],
              [
                11.923025,
                55.67414
              ],
              [
                11.910167,
                55.660142
              ],
              [
                11.930431,
                55.65762
              ],
              [
                11.959158,
                55.665107
              ],
              [
                11.982188,
                55.6789
              ],
              [
                11.985199,
                55.694892
              ],
              [
                12.00115,
                55.698676
              ],
              [
                12.017589,
                55.695705
              ],
              [
                12.031912,
                55.687201
              ],
              [
                12.040375,
                55.674465
              ],
              [
                12.009288,
                55.680487
              ],
              [
                12.005138,
                55.678168
              ],
              [
                12.011404,
                55.669013
              ],
              [
                12.026622,
                55.662055
              ],
              [
                12.060313,
                55.653998
              ],
              [
                12.069102,
                55.674954
              ],
              [
                12.092052,
                55.706732
              ],
              [
                12.095063,
                55.729071
              ],
              [
                12.053477,
                55.838324
              ],
              [
                12.053477,
                55.873725
              ],
              [
                12.049815,
                55.888007
              ],
              [
                12.026134,
                55.941352
              ],
              [
                12.01059,
                55.955268
              ],
              [
                11.992442,
                55.960598
              ],
              [
                11.970714,
                55.959866
              ],
              [
                11.894298,
                55.942288
              ],
              [
                11.865489,
                55.939358
              ],
              [
                11.848643,
                55.948188
              ],
              [
                11.865571,
                55.972724
              ],
              [
                11.917328,
                55.997626
              ],
              [
                12.012462,
                56.030707
              ],
              [
                12.165375,
                56.103705
              ],
              [
                12.245128,
                56.12873
              ],
              [
                12.328461,
                56.126899
              ],
              [
                12.414887,
                56.099026
              ],
              [
                12.486095,
                56.099026
              ],
              [
                12.505382,
                56.093166
              ],
              [
                12.540375,
                56.075385
              ],
              [
                12.570079,
                56.068264
              ],
              [
                12.621918,
                56.043769
              ],
              [
                12.608409,
                56.028022
              ],
              [
                12.567393,
                55.996568
              ],
              [
                12.552745,
                55.979682
              ],
              [
                12.525564,
                55.939887
              ],
              [
                12.512706,
                55.92829
              ],
              [
                12.512706,
                55.920844
              ],
              [
                12.540294,
                55.898261
              ],
              [
                12.554454,
                55.88288
              ],
              [
                12.560557,
                55.86994
              ],
              [
                12.565115,
                55.851142
              ],
              [
                12.57602,
                55.829169
              ],
              [
                12.589692,
                55.809475
              ],
              [
                12.602224,
                55.797349
              ],
              [
                12.597992,
                55.787584
              ],
              [
                12.595876,
                55.774237
              ],
              [
                12.594737,
                55.752997
              ],
              [
                12.589041,
                55.735745
              ],
              [
                12.587901,
                55.729071
              ],
              [
                12.589203,
                55.72427
              ],
              [
                12.592784,
                55.719143
              ],
              [
                12.602224,
                55.708564
              ],
              [
                12.581228,
                55.693061
              ],
              [
                12.541026,
                55.648871
              ],
              [
                12.503266,
                55.634019
              ],
              [
                12.496755,
                55.621772
              ],
              [
                12.487153,
                55.609849
              ],
              [
                12.465017,
                55.605536
              ],
              [
                12.448578,
                55.608873
              ],
              [
                12.436778,
                55.614407
              ],
              [
                12.423676,
                55.618842
              ],
              [
                12.403575,
                55.619208
              ],
              [
                12.331309,
                55.595404
              ],
              [
                12.312022,
                55.58397
              ],
              [
                12.248383,
                55.546251
              ],
              [
                12.24822,
                55.546129
              ],
              [
                12.19809,
                55.487494
              ],
              [
                12.224864,
                55.434882
              ],
              [
                12.273448,
                55.410224
              ],
              [
                12.290538,
                55.406928
              ],
              [
                12.352061,
                55.404446
              ],
              [
                12.368826,
                55.400092
              ],
              [
                12.41212,
                55.379136
              ],
              [
                12.434744,
                55.363674
              ],
              [
                12.444591,
                55.348863
              ],
              [
                12.4463,
                55.331692
              ],
              [
                12.450857,
                55.317206
              ],
              [
                12.465017,
                55.290269
              ],
              [
                12.450206,
                55.27969
              ],
              [
                12.444591,
                55.276557
              ],
              [
                12.392426,
                55.255316
              ],
              [
                12.182791,
                55.2272
              ],
              [
                12.167003,
                55.217353
              ],
              [
                12.141368,
                55.207994
              ],
              [
                12.121104,
                55.191067
              ],
              [
                12.10906,
                55.170722
              ],
              [
                12.115001,
                55.153713
              ],
              [
                12.107432,
                55.145087
              ],
              [
                12.098969,
                55.141425
              ],
              [
                12.090099,
                55.142239
              ],
              [
                12.08074,
                55.146877
              ],
              [
                12.088145,
                55.168362
              ],
              [
                12.076671,
                55.181952
              ],
              [
                12.056407,
                55.185696
              ],
              [
                12.036794,
                55.177558
              ],
              [
                12.027843,
                55.172675
              ],
              [
                12.02003,
                55.170966
              ],
              [
                12.014659,
                55.167467
              ],
              [
                12.012462,
                55.157131
              ],
              [
                12.017914,
                55.153022
              ],
              [
                12.046641,
                55.140082
              ],
              [
                12.130544,
                55.135891
              ],
              [
                12.16863,
                55.128485
              ],
              [
                12.177013,
                55.105292
              ],
              [
                12.171397,
                55.095445
              ],
              [
                12.16505,
                55.091295
              ],
              [
                12.157725,
                55.089179
              ],
              [
                12.149099,
                55.085395
              ],
              [
                12.128429,
                55.078843
              ],
              [
                12.1185,
                55.073554
              ],
              [
                12.125743,
                55.071112
              ],
              [
                12.163341,
                55.023383
              ],
              [
                12.162283,
                55.004381
              ],
              [
                12.148936,
                54.994127
              ],
              [
                12.128429,
                54.989976
              ],
              [
                12.104991,
                54.989203
              ],
              [
                12.089529,
                54.985663
              ],
              [
                12.055919,
                54.970771
              ],
              [
                12.03297,
                54.968085
              ],
              [
                11.998057,
                54.976508
              ],
              [
                11.943858,
                55.00609
              ],
              [
                11.910167,
                55.009711
              ],
              [
                11.909516,
                55.00495
              ],
              [
                11.911143,
                55.003811
              ],
              [
                11.913829,
                55.003852
              ],
              [
                11.91684,
                55.002875
              ],
              [
                11.911388,
                55.000922
              ],
              [
                11.908376,
                54.998603
              ],
              [
                11.904633,
                54.996568
              ],
              [
                11.897146,
                54.995429
              ],
              [
                11.901541,
                54.976386
              ],
              [
                11.894379,
                54.964993
              ],
              [
                11.88502,
                54.955146
              ],
              [
                11.882823,
                54.940823
              ],
              [
                11.890147,
                54.929633
              ],
              [
                11.903331,
                54.923
              ],
              [
                11.918468,
                54.921942
              ],
              [
                11.931163,
                54.92772
              ],
              [
                11.928559,
                54.931383
              ],
              [
                11.923676,
                54.940823
              ],
              [
                11.932384,
                54.941474
              ],
              [
                11.957856,
                54.948188
              ],
              [
                11.965994,
                54.942613
              ],
              [
                11.980235,
                54.924262
              ],
              [
                11.982188,
                54.920315
              ],
              [
                11.991466,
                54.916327
              ],
              [
                12.023936,
                54.898017
              ],
              [
                12.040375,
                54.893012
              ]
            ]
          ],
          [
            [
              [
                11.512218,
                56.695461
              ],
              [
                11.509532,
                56.71015
              ],
              [
                11.520844,
                56.715399
              ],
              [
                11.60613,
                56.720404
              ],
              [
                11.649425,
                56.729641
              ],
              [
                11.649425,
                56.722154
              ],
              [
                11.645193,
                56.721991
              ],
              [
                11.641938,
                56.720649
              ],
              [
                11.635753,
                56.715969
              ],
              [
                11.618012,
                56.71133
              ],
              [
                11.604259,
                56.701158
              ],
              [
                11.59254,
                56.689846
              ],
              [
                11.581065,
                56.68122
              ],
              [
                11.56422,
                56.677436
              ],
              [
                11.543712,
                56.678656
              ],
              [
                11.524587,
                56.684719
              ],
              [
                11.512218,
                56.695461
              ]
            ]
          ],
          [
            [
              [
                8.825857,
                56.743842
              ],
              [
                8.812673,
                56.734565
              ],
              [
                8.771251,
                56.715969
              ],
              [
                8.766124,
                56.698717
              ],
              [
                8.686371,
                56.686591
              ],
              [
                8.658376,
                56.678127
              ],
              [
                8.648448,
                56.681057
              ],
              [
                8.621755,
                56.713935
              ],
              [
                8.61085,
                56.722154
              ],
              [
                8.586274,
                56.736477
              ],
              [
                8.562266,
                56.743232
              ],
              [
                8.555919,
                56.743842
              ],
              [
                8.524913,
                56.737291
              ],
              [
                8.514659,
                56.738227
              ],
              [
                8.518077,
                56.750067
              ],
              [
                8.522797,
                56.755072
              ],
              [
                8.530284,
                56.759345
              ],
              [
                8.539236,
                56.762519
              ],
              [
                8.548676,
                56.763739
              ],
              [
                8.553233,
                56.768134
              ],
              [
                8.551606,
                56.777777
              ],
              [
                8.548025,
                56.787258
              ],
              [
                8.545258,
                56.791083
              ],
              [
                8.573009,
                56.802558
              ],
              [
                8.643809,
                56.808051
              ],
              [
                8.668793,
                56.825832
              ],
              [
                8.656261,
                56.825141
              ],
              [
                8.643809,
                56.825873
              ],
              [
                8.632009,
                56.82807
              ],
              [
                8.621104,
                56.832017
              ],
              [
                8.62672,
                56.841539
              ],
              [
                8.646739,
                56.85635
              ],
              [
                8.655121,
                56.866848
              ],
              [
                8.651866,
                56.866034
              ],
              [
                8.64975,
                56.874254
              ],
              [
                8.648448,
                56.890692
              ],
              [
                8.651622,
                56.894192
              ],
              [
                8.659353,
                56.894477
              ],
              [
                8.668224,
                56.893785
              ],
              [
                8.675059,
                56.89411
              ],
              [
                8.703787,
                56.900051
              ],
              [
                8.762462,
                56.905422
              ],
              [
                8.791759,
                56.914537
              ],
              [
                8.81365,
                56.910346
              ],
              [
                8.833751,
                56.92475
              ],
              [
                8.867442,
                56.962958
              ],
              [
                8.890391,
                56.95482
              ],
              [
                8.90504,
                56.96601
              ],
              [
                8.91627,
                56.979071
              ],
              [
                8.928884,
                56.97663
              ],
              [
                8.923106,
                56.968573
              ],
              [
                8.911388,
                56.956122
              ],
              [
                8.908458,
                56.948717
              ],
              [
                8.910411,
                56.944403
              ],
              [
                8.920421,
                56.930487
              ],
              [
                8.922699,
                56.922024
              ],
              [
                8.920421,
                56.919908
              ],
              [
                8.908458,
                56.887274
              ],
              [
                8.900401,
                56.874823
              ],
              [
                8.895274,
                56.870307
              ],
              [
                8.88795,
                56.866848
              ],
              [
                8.887706,
                56.87873
              ],
              [
                8.88266,
                56.886379
              ],
              [
                8.875011,
                56.891099
              ],
              [
                8.867442,
                56.89411
              ],
              [
                8.843761,
                56.88345
              ],
              [
                8.83961,
                56.879828
              ],
              [
                8.836436,
                56.869289
              ],
              [
                8.839041,
                56.86286
              ],
              [
                8.843598,
                56.858222
              ],
              [
                8.847016,
                56.853095
              ],
              [
                8.855154,
                56.81977
              ],
              [
                8.863943,
                56.809516
              ],
              [
                8.881114,
                56.805365
              ],
              [
                8.874766,
                56.80036
              ],
              [
                8.868419,
                56.798082
              ],
              [
                8.861339,
                56.797553
              ],
              [
                8.853282,
                56.797838
              ],
              [
                8.860688,
                56.794908
              ],
              [
                8.867442,
                56.791083
              ],
              [
                8.854177,
                56.779934
              ],
              [
                8.839122,
                56.75727
              ],
              [
                8.825857,
                56.743842
              ]
            ]
          ],
          [
            [
              [
                11.142345,
                57.332343
              ],
              [
                11.169932,
                57.332709
              ],
              [
                11.181488,
                57.330308
              ],
              [
                11.190115,
                57.325507
              ],
              [
                11.197276,
                57.313381
              ],
              [
                11.196502,
                57.302821
              ],
              [
                11.189113,
                57.294283
              ],
              [
                11.166876,
                57.296775
              ],
              [
                11.143231,
                57.301351
              ],
              [
                11.06658,
                57.291327
              ],
              [
                11.082693,
                57.283881
              ],
              [
                11.094165,
                57.268996
              ],
              [
                11.091101,
                57.252784
              ],
              [
                11.067166,
                57.238362
              ],
              [
                11.053517,
                57.226202
              ],
              [
                11.045138,
                57.212715
              ],
              [
                11.028835,
                57.201914
              ],
              [
                10.997905,
                57.19791
              ],
              [
                10.977962,
                57.206733
              ],
              [
                10.951815,
                57.23373
              ],
              [
                10.916537,
                57.237369
              ],
              [
                10.888799,
                57.245344
              ],
              [
                10.871104,
                57.254625
              ],
              [
                10.854991,
                57.264635
              ],
              [
                10.854991,
                57.270901
              ],
              [
                10.888425,
                57.274865
              ],
              [
                10.921263,
                57.29228
              ],
              [
                10.946601,
                57.304643
              ],
              [
                10.98687,
                57.305993
              ],
              [
                11.010084,
                57.309873
              ],
              [
                11.027723,
                57.320691
              ],
              [
                11.101927,
                57.320417
              ],
              [
                11.142345,
                57.332343
              ]
            ]
          ]
        ]
      }
    },
    {
      "type": "Feature",
      "properties": {
        "ADM0_ISO": "POL",
        "featurecla": "Admin-0 country",
        "scalerank": 0,
        "LABELRANK": 3,
        "SOVEREIGNT": "Poland",
        "SOV_A3": "POL",
        "ADM0_DIF": 0,
        "LEVEL": 2,
        "TYPE": "Sovereign country",
        "TLC": "1",
        "ADMIN": "Poland",
        "ADM0_A3": "POL",
        "GEOU_DIF": 0,
        "GEOUNIT": "Poland",
        "GU_A3": "POL",
        "SU_DIF": 0,
        "SUBUNIT": "Poland",
        "SU_A3": "POL",
        "BRK_DIFF": 0,
        "NAME": "Poland",
        "NAME_LONG": "Poland",
        "BRK_A3": "POL",
        "BRK_NAME": "Poland",
        "BRK_GROUP": null,
        "ABBREV": "Pol.",
        "POSTAL": "PL",
        "FORMAL_EN": "Republic of Poland",
        "FORMAL_FR": null,
        "NAME_CIAWF": "Poland",
        "NOTE_ADM0": null,
        "NOTE_BRK": null,
        "NAME_SORT": "Poland",
        "NAME_ALT": null,
        "MAPCOLOR7": 3,
        "MAPCOLOR8": 7,
        "MAPCOLOR9": 1,
        "MAPCOLOR13": 2,
        "POP_EST": 37970874,
        "POP_RANK": 15,
        "POP_YEAR": 2019,
        "GDP_MD": 595858,
        "GDP_YEAR": 2019,
        "ECONOMY": "2. Developed region: nonG7",
        "INCOME_GRP": "1. High income: OECD",
        "FIPS_10": "PL",
        "ISO_A2": "PL",
        "ISO_A2_EH": "PL",
        "ISO_A3": "POL",
        "ISO_A3_EH": "POL",
        "ISO_N3": "616",
        "ISO_N3_EH": "616",
        "UN_A3": "616",
        "WB_A2": "PL",
        "WB_A3": "POL",
        "WOE_ID": 23424923,
        "WOE_ID_EH": 23424923,
        "WOE_NOTE": "Exact WOE match as country",
        "ADM0_DIFF": null,
        "ADM0_TLC": "POL",
        "ADM0_A3_US": "POL",
        "ADM0_A3_FR": "POL",
        "ADM0_A3_RU": "POL",
        "ADM0_A3_ES": "POL",
        "ADM0_A3_CN": "POL",
        "ADM0_A3_TW": "POL",
        "ADM0_A3_IN": "POL",
        "ADM0_A3_NP": "POL",
        "ADM0_A3_PK": "POL",
        "ADM0_A3_DE": "POL",
        "ADM0_A3_GB": "POL",
        "ADM0_A3_BR": "POL",
        "ADM0_A3_IL": "POL",
        "ADM0_A3_PS": "POL",
        "ADM0_A3_SA": "POL",
        "ADM0_A3_EG": "POL",
        "ADM0_A3_MA": "POL",
        "ADM0_A3_PT": "POL",
        "ADM0_A3_AR": "POL",
        "ADM0_A3_JP": "POL",
        "ADM0_A3_KO": "POL",
        "ADM0_A3_VN": "POL",
        "ADM0_A3_TR": "POL",
        "ADM0_A3_ID": "POL",
        "ADM0_A3_PL": "POL",
        "ADM0_A3_GR": "POL",
        "ADM0_A3_IT": "POL",
        "ADM0_A3_NL": "POL",
        "ADM0_A3_SE": "POL",
        "ADM0_A3_BD": "POL",
        "ADM0_A3_UA": "POL",
        "ADM0_A3_UN": -99,
        "ADM0_A3_WB": -99,
        "CONTINENT": "Europe",
        "REGION_UN": "Europe",
        "SUBREGION": "Eastern Europe",
        "REGION_WB": "Europe & Central Asia",
        "NAME_LEN": 6,
        "LONG_LEN": 6,
        "ABBREV_LEN": 4,
        "TINY": -99,
        "HOMEPART": 1,
        "MIN_ZOOM": 0,
        "MIN_LABEL": 2.5,
        "MAX_LABEL": 7,
        "LABEL_X": 19.490468,
        "LABEL_Y": 51.990316,
        "NE_ID": 1159321179,
        "WIKIDATAID": "Q36",
        "NAME_AR": "بولندا",
        "NAME_BN": "পোল্যান্ড",
        "NAME_DE": "Polen",
        "NAME_EN": "Poland",
        "NAME_ES": "Polonia",
        "NAME_FA": "لهستان",
        "NAME_FR": "Pologne",
        "NAME_EL": "Πολωνία",
        "NAME_HE": "פולין",
        "NAME_HI": "पोलैंड",
        "NAME_HU": "Lengyelország",
        "NAME_ID": "Polandia",
        "NAME_IT": "Polonia",
        "NAME_JA": "ポーランド",
        "NAME_KO": "폴란드",
        "NAME_NL": "Polen",
        "NAME_PL": "Polska",
        "NAME_PT": "Polónia",
        "NAME_RU": "Польша",
        "NAME_SV": "Polen",
        "NAME_TR": "Polonya",
        "NAME_UK": "Польща",
        "NAME_UR": "پولینڈ",
        "NAME_VI": "Ba Lan",
        "NAME_ZH": "波兰",
        "NAME_ZHT": "波蘭",
        "FCLASS_ISO": "Admin-0 country",
        "TLC_DIFF": null,
        "FCLASS_TLC": "Admin-0 country",
        "FCLASS_US": null,
        "FCLASS_FR": null,
        "FCLASS_RU": null,
        "FCLASS_ES": null,
        "FCLASS_CN": null,
        "FCLASS_TW": null,
        "FCLASS_IN": null,
        "FCLASS_NP": null,
        "FCLASS_PK": null,
        "FCLASS_DE": null,
        "FCLASS_GB": null,
        "FCLASS_BR": null,
        "FCLASS_IL": null,
        "FCLASS_PS": null,
        "FCLASS_SA": null,
        "FCLASS_EG": null,
        "FCLASS_MA": null,
        "FCLASS_PT": null,
        "FCLASS_AR": null,
        "FCLASS_JP": null,
        "FCLASS_KO": null,
        "FCLASS_VN": null,
        "FCLASS_TR": null,
        "FCLASS_ID": null,
        "FCLASS_PL": null,
        "FCLASS_GR": null,
        "FCLASS_IT": null,
        "FCLASS_NL": null,
        "FCLASS_SE": null,
        "FCLASS_BD": null,
        "FCLASS_UA": null
      },
      "bbox": [
        14.123923,
        48.994013,
        24.143156,
        54.838324
      ],
      "geometry": {
        "type": "Polygon",
        "coordinates": [
          [
            [
              18.833196,
              49.510261
            ],
            [
              18.837434,
              49.526952
            ],
            [
              18.83454,
              49.547623
            ],
            [
              18.820174,
              49.590256
            ],
            [
              18.81573,
              49.599299
            ],
            [
              18.803947,
              49.616766
            ],
            [
              18.799297,
              49.626378
            ],
            [
              18.792579,
              49.660794
            ],
            [
              18.788444,
              49.668597
            ],
            [
              18.773458,
              49.675832
            ],
            [
              18.757852,
              49.674075
            ],
            [
              18.742246,
              49.669683
            ],
            [
              18.727673,
              49.668907
            ],
            [
              18.715064,
              49.673817
            ],
            [
              18.695427,
              49.688854
            ],
            [
              18.682404,
              49.695779
            ],
            [
              18.668142,
              49.69857
            ],
            [
              18.637343,
              49.700327
            ],
            [
              18.62401,
              49.706373
            ],
            [
              18.617706,
              49.713866
            ],
            [
              18.60768,
              49.74296
            ],
            [
              18.584116,
              49.774379
            ],
            [
              18.566753,
              49.804765
            ],
            [
              18.566339,
              49.831585
            ],
            [
              18.593831,
              49.852204
            ],
            [
              18.567269,
              49.861454
            ],
            [
              18.562929,
              49.873701
            ],
            [
              18.565409,
              49.889049
            ],
            [
              18.559208,
              49.907187
            ],
            [
              18.544428,
              49.912975
            ],
            [
              18.505051,
              49.896697
            ],
            [
              18.481797,
              49.896645
            ],
            [
              18.407486,
              49.923155
            ],
            [
              18.368832,
              49.932044
            ],
            [
              18.328524,
              49.92884
            ],
            [
              18.330695,
              49.92884
            ],
            [
              18.332452,
              49.928271
            ],
            [
              18.333795,
              49.927135
            ],
            [
              18.334932,
              49.925429
            ],
            [
              18.306923,
              49.909668
            ],
            [
              18.292454,
              49.907808
            ],
            [
              18.27261,
              49.918298
            ],
            [
              18.267029,
              49.925067
            ],
            [
              18.260105,
              49.94057
            ],
            [
              18.255867,
              49.946048
            ],
            [
              18.243982,
              49.951732
            ],
            [
              18.22052,
              49.954885
            ],
            [
              18.208738,
              49.958295
            ],
            [
              18.177216,
              49.975814
            ],
            [
              18.162023,
              49.98124
            ],
            [
              18.098151,
              49.989043
            ],
            [
              18.085128,
              49.998758
            ],
            [
              18.091639,
              50.017207
            ],
            [
              18.033245,
              50.041805
            ],
            [
              18.019074,
              50.044087
            ],
            [
              18.002446,
              50.046765
            ],
            [
              18.00689,
              50.024131
            ],
            [
              18.012161,
              50.022684
            ],
            [
              18.020119,
              50.024286
            ],
            [
              18.028698,
              50.024131
            ],
            [
              18.035726,
              50.017207
            ],
            [
              18.037483,
              50.007233
            ],
            [
              18.032418,
              50.00284
            ],
            [
              17.999862,
              49.996588
            ],
            [
              17.959761,
              49.995812
            ],
            [
              17.941571,
              49.992764
            ],
            [
              17.912116,
              49.975814
            ],
            [
              17.875735,
              49.968682
            ],
            [
              17.839355,
              49.973643
            ],
            [
              17.774553,
              50.015191
            ],
            [
              17.763287,
              50.025216
            ],
            [
              17.755433,
              50.037154
            ],
            [
              17.749852,
              50.049504
            ],
            [
              17.74303,
              50.060563
            ],
            [
              17.731971,
              50.06909
            ],
            [
              17.722566,
              50.075136
            ],
            [
              17.719466,
              50.080872
            ],
            [
              17.72267,
              50.08635
            ],
            [
              17.731971,
              50.091466
            ],
            [
              17.732385,
              50.092189
            ],
            [
              17.732592,
              50.092964
            ],
            [
              17.732385,
              50.093894
            ],
            [
              17.731971,
              50.094876
            ],
            [
              17.717915,
              50.096788
            ],
            [
              17.690734,
              50.10547
            ],
            [
              17.677608,
              50.107744
            ],
            [
              17.666963,
              50.106142
            ],
            [
              17.658488,
              50.102989
            ],
            [
              17.648359,
              50.101801
            ],
            [
              17.632753,
              50.106348
            ],
            [
              17.584177,
              50.145881
            ],
            [
              17.58211,
              50.153167
            ],
            [
              17.589448,
              50.163244
            ],
            [
              17.600403,
              50.16681
            ],
            [
              17.648669,
              50.167998
            ],
            [
              17.675334,
              50.174716
            ],
            [
              17.717915,
              50.191098
            ],
            [
              17.738173,
              50.202363
            ],
            [
              17.747578,
              50.217504
            ],
            [
              17.731971,
              50.236005
            ],
            [
              17.721429,
              50.242722
            ],
            [
              17.719156,
              50.252799
            ],
            [
              17.721119,
              50.261946
            ],
            [
              17.731971,
              50.280653
            ],
            [
              17.734245,
              50.283805
            ],
            [
              17.734969,
              50.286802
            ],
            [
              17.734452,
              50.28949
            ],
            [
              17.731971,
              50.291763
            ],
            [
              17.713575,
              50.30768
            ],
            [
              17.707994,
              50.311039
            ],
            [
              17.691044,
              50.315069
            ],
            [
              17.684533,
              50.312382
            ],
            [
              17.681949,
              50.305561
            ],
            [
              17.676368,
              50.297396
            ],
            [
              17.646705,
              50.271093
            ],
            [
              17.629549,
              50.262101
            ],
            [
              17.606398,
              50.258225
            ],
            [
              17.516998,
              50.268354
            ],
            [
              17.469352,
              50.265563
            ],
            [
              17.44,
              50.242722
            ],
            [
              17.434832,
              50.2405
            ],
            [
              17.429561,
              50.239777
            ],
            [
              17.424187,
              50.240552
            ],
            [
              17.419122,
              50.242722
            ],
            [
              17.409821,
              50.261326
            ],
            [
              17.388013,
              50.272643
            ],
            [
              17.365896,
              50.271558
            ],
            [
              17.355044,
              50.253264
            ],
            [
              17.341711,
              50.259724
            ],
            [
              17.334786,
              50.270008
            ],
            [
              17.332823,
              50.282668
            ],
            [
              17.334063,
              50.295691
            ],
            [
              17.329515,
              50.298223
            ],
            [
              17.325381,
              50.301117
            ],
            [
              17.321867,
              50.304476
            ],
            [
              17.319077,
              50.308248
            ],
            [
              17.337474,
              50.313002
            ],
            [
              17.316803,
              50.318635
            ],
            [
              17.269881,
              50.317757
            ],
            [
              17.24611,
              50.322149
            ],
            [
              17.210866,
              50.336412
            ],
            [
              17.201048,
              50.343233
            ],
            [
              17.195053,
              50.351915
            ],
            [
              17.188852,
              50.364834
            ],
            [
              17.185442,
              50.375686
            ],
            [
              17.187612,
              50.378476
            ],
            [
              17.175933,
              50.38075
            ],
            [
              17.145444,
              50.376719
            ],
            [
              17.131698,
              50.376823
            ],
            [
              17.118882,
              50.381164
            ],
            [
              17.095628,
              50.393669
            ],
            [
              17.084672,
              50.397958
            ],
            [
              16.98194,
              50.416355
            ],
            [
              16.958789,
              50.414598
            ],
            [
              16.944005,
              50.420267
            ],
            [
              16.915794,
              50.431083
            ],
            [
              16.892953,
              50.432943
            ],
            [
              16.865771,
              50.422401
            ],
            [
              16.865874,
              50.408449
            ],
            [
              16.897914,
              50.378218
            ],
            [
              16.909283,
              50.359925
            ],
            [
              16.916724,
              50.338634
            ],
            [
              16.926543,
              50.319255
            ],
            [
              16.945249,
              50.306905
            ],
            [
              16.969641,
              50.297758
            ],
            [
              16.987831,
              50.284942
            ],
            [
              16.998373,
              50.26701
            ],
            [
              16.99982,
              50.242722
            ],
            [
              17.012842,
              50.231664
            ],
            [
              17.014806,
              50.218486
            ],
            [
              17.008398,
              50.20996
            ],
            [
              16.996306,
              50.212905
            ],
            [
              16.98566,
              50.223137
            ],
            [
              16.98101,
              50.229183
            ],
            [
              16.975015,
              50.231819
            ],
            [
              16.960339,
              50.231974
            ],
            [
              16.957548,
              50.229235
            ],
            [
              16.957755,
              50.217143
            ],
            [
              16.955275,
              50.213474
            ],
            [
              16.946283,
              50.21306
            ],
            [
              16.927783,
              50.217298
            ],
            [
              16.918998,
              50.217091
            ],
            [
              16.907009,
              50.211768
            ],
            [
              16.890369,
              50.196937
            ],
            [
              16.880964,
              50.191563
            ],
            [
              16.869762,
              50.189729
            ],
            [
              16.857606,
              50.187739
            ],
            [
              16.837556,
              50.188617
            ],
            [
              16.817712,
              50.186757
            ],
            [
              16.795284,
              50.174406
            ],
            [
              16.777301,
              50.15694
            ],
            [
              16.766449,
              50.1434
            ],
            [
              16.754253,
              50.13229
            ],
            [
              16.732033,
              50.121955
            ],
            [
              16.701233,
              50.094928
            ],
            [
              16.660616,
              50.093016
            ],
            [
              16.618654,
              50.10702
            ],
            [
              16.584238,
              50.127432
            ],
            [
              16.566668,
              50.142212
            ],
            [
              16.557263,
              50.154718
            ],
            [
              16.545894,
              50.188824
            ],
            [
              16.535042,
              50.207738
            ],
            [
              16.50476,
              50.227995
            ],
            [
              16.492047,
              50.242722
            ],
            [
              16.477578,
              50.255332
            ],
            [
              16.452153,
              50.284994
            ],
            [
              16.437787,
              50.297965
            ],
            [
              16.415566,
              50.307938
            ],
            [
              16.371021,
              50.318377
            ],
            [
              16.353244,
              50.333518
            ],
            [
              16.35066,
              50.342251
            ],
            [
              16.351487,
              50.351346
            ],
            [
              16.350764,
              50.360648
            ],
            [
              16.343736,
              50.36995
            ],
            [
              16.334227,
              50.371862
            ],
            [
              16.288649,
              50.371862
            ],
            [
              16.27697,
              50.369433
            ],
            [
              16.269839,
              50.365454
            ],
            [
              16.2625,
              50.36442
            ],
            [
              16.249685,
              50.371035
            ],
            [
              16.24493,
              50.376823
            ],
            [
              16.232011,
              50.402609
            ],
            [
              16.199559,
              50.406278
            ],
            [
              16.190153,
              50.424158
            ],
            [
              16.198008,
              50.440023
            ],
            [
              16.217955,
              50.437129
            ],
            [
              16.216095,
              50.440178
            ],
            [
              16.211237,
              50.451289
            ],
            [
              16.217335,
              50.45165
            ],
            [
              16.226534,
              50.455371
            ],
            [
              16.232011,
              50.456766
            ],
            [
              16.247411,
              50.464983
            ],
            [
              16.264981,
              50.471649
            ],
            [
              16.279967,
              50.479866
            ],
            [
              16.287719,
              50.492785
            ],
            [
              16.303428,
              50.49604
            ],
            [
              16.335468,
              50.490356
            ],
            [
              16.352624,
              50.492785
            ],
            [
              16.362029,
              50.501208
            ],
            [
              16.382596,
              50.514179
            ],
            [
              16.391175,
              50.521827
            ],
            [
              16.388384,
              50.521258
            ],
            [
              16.388281,
              50.52715
            ],
            [
              16.389624,
              50.534849
            ],
            [
              16.391175,
              50.539914
            ],
            [
              16.395516,
              50.545701
            ],
            [
              16.398306,
              50.548492
            ],
            [
              16.398306,
              50.551799
            ],
            [
              16.394482,
              50.559344
            ],
            [
              16.425901,
              50.567561
            ],
            [
              16.416806,
              50.586629
            ],
            [
              16.331644,
              50.644042
            ],
            [
              16.300948,
              50.6551
            ],
            [
              16.268288,
              50.660423
            ],
            [
              16.232011,
              50.660888
            ],
            [
              16.219092,
              50.659131
            ],
            [
              16.211754,
              50.649106
            ],
            [
              16.204519,
              50.636342
            ],
            [
              16.192324,
              50.626575
            ],
            [
              16.175477,
              50.624095
            ],
            [
              16.160284,
              50.628642
            ],
            [
              16.128658,
              50.644042
            ],
            [
              16.086491,
              50.64678
            ],
            [
              16.024479,
              50.608592
            ],
            [
              15.982001,
              50.603631
            ],
            [
              15.979934,
              50.606628
            ],
            [
              15.97921,
              50.60978
            ],
            [
              15.980037,
              50.612984
            ],
            [
              15.982001,
              50.61624
            ],
            [
              15.996367,
              50.623681
            ],
            [
              15.998641,
              50.635567
            ],
            [
              15.993163,
              50.649364
            ],
            [
              15.984481,
              50.662904
            ],
            [
              15.971459,
              50.678613
            ],
            [
              15.958023,
              50.686881
            ],
            [
              15.941486,
              50.68838
            ],
            [
              15.882265,
              50.674221
            ],
            [
              15.854567,
              50.673704
            ],
            [
              15.848159,
              50.675151
            ],
            [
              15.797619,
              50.729773
            ],
            [
              15.794415,
              50.735871
            ],
            [
              15.792245,
              50.742692
            ],
            [
              15.76744,
              50.744191
            ],
            [
              15.684345,
              50.731426
            ],
            [
              15.673803,
              50.733545
            ],
            [
              15.666464,
              50.738093
            ],
            [
              15.653235,
              50.75096
            ],
            [
              15.641866,
              50.755766
            ],
            [
              15.441775,
              50.800208
            ],
            [
              15.400124,
              50.797986
            ],
            [
              15.390822,
              50.790648
            ],
            [
              15.381314,
              50.780002
            ],
            [
              15.370255,
              50.772613
            ],
            [
              15.368579,
              50.772949
            ],
            [
              15.356096,
              50.775455
            ],
            [
              15.349688,
              50.783723
            ],
            [
              15.350515,
              50.793232
            ],
            [
              15.353305,
              50.803257
            ],
            [
              15.352995,
              50.812972
            ],
            [
              15.341006,
              50.83173
            ],
            [
              15.325813,
              50.839689
            ],
            [
              15.307727,
              50.844753
            ],
            [
              15.28778,
              50.854881
            ],
            [
              15.277134,
              50.865734
            ],
            [
              15.265352,
              50.88227
            ],
            [
              15.25605,
              50.899892
            ],
            [
              15.253053,
              50.914103
            ],
            [
              15.260081,
              50.932499
            ],
            [
              15.268763,
              50.94299
            ],
            [
              15.269796,
              50.952653
            ],
            [
              15.253776,
              50.969035
            ],
            [
              15.227111,
              50.977406
            ],
            [
              15.170164,
              50.977975
            ],
            [
              15.160759,
              50.992651
            ],
            [
              15.156108,
              51.007844
            ],
            [
              15.144429,
              51.011564
            ],
            [
              15.13151,
              51.005828
            ],
            [
              15.122518,
              50.992754
            ],
            [
              15.122518,
              50.992651
            ],
            [
              15.119211,
              50.982471
            ],
            [
              15.107946,
              50.981024
            ],
            [
              15.09389,
              50.985416
            ],
            [
              15.082107,
              50.992754
            ],
            [
              15.073632,
              51.002624
            ],
            [
              15.02299,
              51.009652
            ],
            [
              15.003973,
              51.020685
            ],
            [
              15.001182,
              51.012443
            ],
            [
              14.996531,
              51.007844
            ],
            [
              14.982062,
              51.001177
            ],
            [
              14.976377,
              51.000402
            ],
            [
              14.970693,
              50.998697
            ],
            [
              14.965629,
              50.996062
            ],
            [
              14.961081,
              50.992651
            ],
            [
              14.960978,
              50.992651
            ],
            [
              14.965215,
              50.981334
            ],
            [
              14.981442,
              50.973221
            ],
            [
              14.996635,
              50.959216
            ],
            [
              14.997771,
              50.930174
            ],
            [
              14.994671,
              50.92511
            ],
            [
              14.984852,
              50.918082
            ],
            [
              14.982062,
              50.914671
            ],
            [
              14.981132,
              50.90909
            ],
            [
              14.981752,
              50.905266
            ],
            [
              14.982889,
              50.902424
            ],
            [
              14.984129,
              50.867697
            ],
            [
              14.982062,
              50.859067
            ],
            [
              14.867857,
              50.86439
            ],
            [
              14.831683,
              50.857982
            ],
            [
              14.810393,
              50.858447
            ],
            [
              14.810496,
              50.877051
            ],
            [
              14.824655,
              50.89183
            ],
            [
              14.860209,
              50.916842
            ],
            [
              14.910645,
              50.992651
            ],
            [
              14.955293,
              51.064042
            ],
            [
              14.958291,
              51.075514
            ],
            [
              14.958497,
              51.094738
            ],
            [
              14.960254,
              51.104582
            ],
            [
              14.965629,
              51.111507
            ],
            [
              14.97338,
              51.116132
            ],
            [
              14.979995,
              51.122798
            ],
            [
              14.982062,
              51.13564
            ],
            [
              14.983199,
              51.160909
            ],
            [
              14.991364,
              51.18897
            ],
            [
              15.004903,
              51.215609
            ],
            [
              15.022059,
              51.23677
            ],
            [
              15.017925,
              51.239561
            ],
            [
              15.014308,
              51.242661
            ],
            [
              15.019476,
              51.271678
            ],
            [
              15.004903,
              51.291289
            ],
            [
              14.982269,
              51.308006
            ],
            [
              14.963768,
              51.328393
            ],
            [
              14.960978,
              51.335291
            ],
            [
              14.956637,
              51.353223
            ],
            [
              14.956637,
              51.354153
            ],
            [
              14.950648,
              51.396539
            ],
            [
              14.946922,
              51.422909
            ],
            [
              14.955397,
              51.435415
            ],
            [
              14.945061,
              51.449186
            ],
            [
              14.926561,
              51.46133
            ],
            [
              14.910955,
              51.468978
            ],
            [
              14.888321,
              51.475748
            ],
            [
              14.841399,
              51.48443
            ],
            [
              14.818558,
              51.492595
            ],
            [
              14.818558,
              51.492698
            ],
            [
              14.797474,
              51.502103
            ],
            [
              14.732155,
              51.515823
            ],
            [
              14.710037,
              51.530241
            ],
            [
              14.70677,
              51.540828
            ],
            [
              14.704559,
              51.547992
            ],
            [
              14.712724,
              51.567422
            ],
            [
              14.732155,
              51.58662
            ],
            [
              14.743937,
              51.606644
            ],
            [
              14.742283,
              51.632974
            ],
            [
              14.732465,
              51.658347
            ],
            [
              14.719546,
              51.675632
            ],
            [
              14.67097,
              51.700773
            ],
            [
              14.648439,
              51.717206
            ],
            [
              14.638103,
              51.742631
            ],
            [
              14.634176,
              51.769012
            ],
            [
              14.620327,
              51.780536
            ],
            [
              14.60224,
              51.788313
            ],
            [
              14.585807,
              51.803893
            ],
            [
              14.58281,
              51.825081
            ],
            [
              14.595936,
              51.842418
            ],
            [
              14.653296,
              51.878617
            ],
            [
              14.671693,
              51.893888
            ],
            [
              14.687093,
              51.911897
            ],
            [
              14.695568,
              51.931457
            ],
            [
              14.699082,
              51.992512
            ],
            [
              14.704456,
              52.002227
            ],
            [
              14.726057,
              52.026438
            ],
            [
              14.730294,
              52.035895
            ],
            [
              14.732155,
              52.045067
            ],
            [
              14.735359,
              52.054033
            ],
            [
              14.743007,
              52.062534
            ],
            [
              14.761403,
              52.076667
            ],
            [
              14.696394,
              52.106691
            ],
            [
              14.686369,
              52.121032
            ],
            [
              14.692467,
              52.146973
            ],
            [
              14.703216,
              52.165163
            ],
            [
              14.70704,
              52.179452
            ],
            [
              14.69257,
              52.193379
            ],
            [
              14.69257,
              52.19958
            ],
            [
              14.712104,
              52.215444
            ],
            [
              14.712414,
              52.235908
            ],
            [
              14.696911,
              52.253478
            ],
            [
              14.668903,
              52.260997
            ],
            [
              14.640481,
              52.265054
            ],
            [
              14.606581,
              52.275751
            ],
            [
              14.584153,
              52.291228
            ],
            [
              14.590148,
              52.309418
            ],
            [
              14.569167,
              52.338512
            ],
            [
              14.545396,
              52.382153
            ],
            [
              14.539815,
              52.421866
            ],
            [
              14.591595,
              52.449797
            ],
            [
              14.615779,
              52.473284
            ],
            [
              14.632316,
              52.496745
            ],
            [
              14.627665,
              52.507416
            ],
            [
              14.609061,
              52.517803
            ],
            [
              14.616813,
              52.541032
            ],
            [
              14.644821,
              52.576921
            ],
            [
              14.613712,
              52.592527
            ],
            [
              14.607965,
              52.596463
            ],
            [
              14.549943,
              52.636194
            ],
            [
              14.490102,
              52.650638
            ],
            [
              14.46137,
              52.674564
            ],
            [
              14.442353,
              52.679964
            ],
            [
              14.431915,
              52.686088
            ],
            [
              14.397705,
              52.727119
            ],
            [
              14.382202,
              52.738152
            ],
            [
              14.275955,
              52.78572
            ],
            [
              14.24867,
              52.794582
            ],
            [
              14.21601,
              52.817992
            ],
            [
              14.19596,
              52.823366
            ],
            [
              14.173739,
              52.824348
            ],
            [
              14.152758,
              52.828327
            ],
            [
              14.135395,
              52.836595
            ],
            [
              14.123923,
              52.850651
            ],
            [
              14.150485,
              52.86463
            ],
            [
              14.16082,
              52.876748
            ],
            [
              14.164954,
              52.895661
            ],
            [
              14.16268,
              52.908167
            ],
            [
              14.150485,
              52.943643
            ],
            [
              14.14449,
              52.953694
            ],
            [
              14.14449,
              52.959921
            ],
            [
              14.192859,
              52.981651
            ],
            [
              14.253734,
              53.000875
            ],
            [
              14.312645,
              53.029219
            ],
            [
              14.343341,
              53.048624
            ],
            [
              14.356777,
              53.066684
            ],
            [
              14.359568,
              53.075056
            ],
            [
              14.38954,
              53.131668
            ],
            [
              14.387473,
              53.146137
            ],
            [
              14.381478,
              53.160296
            ],
            [
              14.377861,
              53.176549
            ],
            [
              14.380651,
              53.189855
            ],
            [
              14.387783,
              53.202077
            ],
            [
              14.397705,
              53.210991
            ],
            [
              14.408247,
              53.214402
            ],
            [
              14.415585,
              53.22099
            ],
            [
              14.44163,
              53.251841
            ],
            [
              14.428607,
              53.259076
            ],
            [
              14.42468,
              53.264657
            ],
            [
              14.409384,
              53.272434
            ],
            [
              14.403286,
              53.27879
            ],
            [
              14.400185,
              53.288609
            ],
            [
              14.399565,
              53.306747
            ],
            [
              14.398015,
              53.315222
            ],
            [
              14.391261,
              53.334017
            ],
            [
              14.370316,
              53.392298
            ],
            [
              14.359878,
              53.444077
            ],
            [
              14.338897,
              53.465213
            ],
            [
              14.328458,
              53.48609
            ],
            [
              14.30417,
              53.508518
            ],
            [
              14.296936,
              53.529137
            ],
            [
              14.296212,
              53.551306
            ],
            [
              14.298899,
              53.587893
            ],
            [
              14.297039,
              53.597763
            ],
            [
              14.276058,
              53.636624
            ],
            [
              14.260969,
              53.656209
            ],
            [
              14.265103,
              53.671764
            ],
            [
              14.263863,
              53.699876
            ],
            [
              14.263901,
              53.699976
            ],
            [
              14.273692,
              53.700629
            ],
            [
              14.291677,
              53.705268
            ],
            [
              14.304861,
              53.712551
            ],
            [
              14.306163,
              53.720689
            ],
            [
              14.288585,
              53.727973
            ],
            [
              14.29835,
              53.731431
            ],
            [
              14.301606,
              53.734849
            ],
            [
              14.29835,
              53.738267
            ],
            [
              14.288585,
              53.741645
            ],
            [
              14.2942,
              53.749091
            ],
            [
              14.304047,
              53.743883
            ],
            [
              14.318044,
              53.739732
            ],
            [
              14.330414,
              53.734198
            ],
            [
              14.342052,
              53.714911
            ],
            [
              14.356212,
              53.708441
            ],
            [
              14.383556,
              53.700629
            ],
            [
              14.403575,
              53.687812
            ],
            [
              14.414561,
              53.682359
            ],
            [
              14.458669,
              53.677883
            ],
            [
              14.51238,
              53.666449
            ],
            [
              14.531016,
              53.657782
            ],
            [
              14.546235,
              53.644761
            ],
            [
              14.579112,
              53.607245
            ],
            [
              14.590587,
              53.598375
            ],
            [
              14.595876,
              53.601304
            ],
            [
              14.597016,
              53.617336
            ],
            [
              14.601573,
              53.626654
            ],
            [
              14.610037,
              53.632758
            ],
            [
              14.62379,
              53.639228
            ],
            [
              14.623057,
              53.643012
            ],
            [
              14.622813,
              53.646959
            ],
            [
              14.62379,
              53.652818
            ],
            [
              14.613048,
              53.65469
            ],
            [
              14.587413,
              53.656073
            ],
            [
              14.575938,
              53.659654
            ],
            [
              14.544932,
              53.704047
            ],
            [
              14.551443,
              53.726142
            ],
            [
              14.575938,
              53.769517
            ],
            [
              14.587413,
              53.763495
            ],
            [
              14.597341,
              53.765204
            ],
            [
              14.608246,
              53.769029
            ],
            [
              14.62379,
              53.769517
            ],
            [
              14.61671,
              53.794745
            ],
            [
              14.620372,
              53.814846
            ],
            [
              14.627289,
              53.832709
            ],
            [
              14.630626,
              53.851508
            ],
            [
              14.62379,
              53.851508
            ],
            [
              14.621349,
              53.839545
            ],
            [
              14.613536,
              53.83161
            ],
            [
              14.58961,
              53.817328
            ],
            [
              14.595876,
              53.810492
            ],
            [
              14.587087,
              53.812649
            ],
            [
              14.580089,
              53.815334
            ],
            [
              14.574474,
              53.819078
            ],
            [
              14.569102,
              53.824164
            ],
            [
              14.574229,
              53.827094
            ],
            [
              14.583263,
              53.834215
            ],
            [
              14.58961,
              53.837836
            ],
            [
              14.575857,
              53.854804
            ],
            [
              14.552094,
              53.862779
            ],
            [
              14.441173,
              53.869615
            ],
            [
              14.425548,
              53.879828
            ],
            [
              14.438162,
              53.899319
            ],
            [
              14.434906,
              53.901313
            ],
            [
              14.434093,
              53.901597
            ],
            [
              14.433767,
              53.902411
            ],
            [
              14.431895,
              53.906155
            ],
            [
              14.422048,
              53.896145
            ],
            [
              14.414236,
              53.894721
            ],
            [
              14.405772,
              53.897406
            ],
            [
              14.393809,
              53.899319
            ],
            [
              14.385102,
              53.897284
            ],
            [
              14.378266,
              53.89232
            ],
            [
              14.371593,
              53.885891
            ],
            [
              14.363048,
              53.879381
            ],
            [
              14.392914,
              53.875963
            ],
            [
              14.40919,
              53.871568
            ],
            [
              14.417654,
              53.865139
            ],
            [
              14.415701,
              53.853013
            ],
            [
              14.405284,
              53.844184
            ],
            [
              14.392589,
              53.840725
            ],
            [
              14.383556,
              53.844672
            ],
            [
              14.356212,
              53.834459
            ],
            [
              14.342621,
              53.831855
            ],
            [
              14.328298,
              53.831
            ],
            [
              14.328298,
              53.824164
            ],
            [
              14.342052,
              53.82099
            ],
            [
              14.341319,
              53.818915
            ],
            [
              14.328298,
              53.817328
            ],
            [
              14.318858,
              53.818183
            ],
            [
              14.303071,
              53.823065
            ],
            [
              14.291352,
              53.824164
            ],
            [
              14.274669,
              53.830797
            ],
            [
              14.226573,
              53.871975
            ],
            [
              14.203136,
              53.878323
            ],
            [
              14.200819,
              53.878157
            ],
            [
              14.192756,
              53.893766
            ],
            [
              14.175289,
              53.906478
            ],
            [
              14.184798,
              53.908132
            ],
            [
              14.193066,
              53.911491
            ],
            [
              14.210053,
              53.938463
            ],
            [
              14.226573,
              53.934027
            ],
            [
              14.237478,
              53.928656
            ],
            [
              14.268077,
              53.92182
            ],
            [
              14.367035,
              53.916978
            ],
            [
              14.406749,
              53.92182
            ],
            [
              14.445567,
              53.934027
            ],
            [
              14.517345,
              53.965237
            ],
            [
              14.781912,
              54.034613
            ],
            [
              15.010102,
              54.06981
            ],
            [
              15.288341,
              54.138861
            ],
            [
              15.468516,
              54.167141
            ],
            [
              15.665782,
              54.198432
            ],
            [
              15.859711,
              54.249986
            ],
            [
              16.020844,
              54.261786
            ],
            [
              16.131521,
              54.283515
            ],
            [
              16.118907,
              54.276028
            ],
            [
              16.069347,
              54.263007
            ],
            [
              16.091075,
              54.253974
            ],
            [
              16.17921,
              54.263007
            ],
            [
              16.17921,
              54.269192
            ],
            [
              16.172374,
              54.269192
            ],
            [
              16.172374,
              54.276597
            ],
            [
              16.220063,
              54.276597
            ],
            [
              16.219574,
              54.28148
            ],
            [
              16.218516,
              54.282375
            ],
            [
              16.216645,
              54.28205
            ],
            [
              16.213227,
              54.283515
            ],
            [
              16.21518,
              54.299628
            ],
            [
              16.192149,
              54.300279
            ],
            [
              16.137706,
              54.290269
            ],
            [
              16.17213,
              54.300238
            ],
            [
              16.213552,
              54.316107
            ],
            [
              16.275401,
              54.358588
            ],
            [
              16.262869,
              54.343695
            ],
            [
              16.240489,
              54.330024
            ],
            [
              16.231781,
              54.322577
            ],
            [
              16.240896,
              54.32453
            ],
            [
              16.259044,
              54.326728
            ],
            [
              16.274913,
              54.330471
            ],
            [
              16.288829,
              54.340237
            ],
            [
              16.323904,
              54.349921
            ],
            [
              16.336762,
              54.358588
            ],
            [
              16.32488,
              54.373114
            ],
            [
              16.305024,
              54.373481
            ],
            [
              16.296235,
              54.367255
            ],
            [
              16.281586,
              54.358588
            ],
            [
              16.323985,
              54.401313
            ],
            [
              16.439789,
              54.488267
            ],
            [
              16.439789,
              54.482123
            ],
            [
              16.434418,
              54.472357
            ],
            [
              16.444509,
              54.469875
            ],
            [
              16.460623,
              54.473456
            ],
            [
              16.473399,
              54.482123
            ],
            [
              16.479747,
              54.495551
            ],
            [
              16.473888,
              54.499661
            ],
            [
              16.460948,
              54.496487
            ],
            [
              16.446056,
              54.488267
            ],
            [
              16.466563,
              54.512152
            ],
            [
              16.501313,
              54.532416
            ],
            [
              16.569591,
              54.557196
            ],
            [
              16.778494,
              54.575141
            ],
            [
              16.85963,
              54.59394
            ],
            [
              16.902192,
              54.598131
            ],
            [
              16.939952,
              54.606024
            ],
            [
              17.035818,
              54.66706
            ],
            [
              17.337413,
              54.74901
            ],
            [
              17.715668,
              54.790432
            ],
            [
              17.885427,
              54.824123
            ],
            [
              18.152354,
              54.838324
            ],
            [
              18.316905,
              54.838324
            ],
            [
              18.339529,
              54.833482
            ],
            [
              18.375824,
              54.815131
            ],
            [
              18.389171,
              54.811103
            ],
            [
              18.410167,
              54.808295
            ],
            [
              18.75172,
              54.69009
            ],
            [
              18.813975,
              54.643215
            ],
            [
              18.824067,
              54.632229
            ],
            [
              18.834321,
              54.616685
            ],
            [
              18.835297,
              54.603095
            ],
            [
              18.817638,
              54.598131
            ],
            [
              18.813243,
              54.601549
            ],
            [
              18.80836,
              54.608832
            ],
            [
              18.802257,
              54.616034
            ],
            [
              18.784028,
              54.623521
            ],
            [
              18.771821,
              54.642279
            ],
            [
              18.755382,
              54.654486
            ],
            [
              18.707774,
              54.701239
            ],
            [
              18.698497,
              54.703803
            ],
            [
              18.663422,
              54.707994
            ],
            [
              18.654552,
              54.71015
            ],
            [
              18.64503,
              54.71955
            ],
            [
              18.61671,
              54.725246
            ],
            [
              18.556977,
              54.74901
            ],
            [
              18.49822,
              54.765367
            ],
            [
              18.48878,
              54.773179
            ],
            [
              18.456309,
              54.787665
            ],
            [
              18.447765,
              54.789984
            ],
            [
              18.435557,
              54.786811
            ],
            [
              18.42921,
              54.781684
            ],
            [
              18.41505,
              54.753119
            ],
            [
              18.413097,
              54.746527
            ],
            [
              18.413097,
              54.73192
            ],
            [
              18.418468,
              54.728217
            ],
            [
              18.442393,
              54.721991
            ],
            [
              18.447765,
              54.718248
            ],
            [
              18.459809,
              54.706041
            ],
            [
              18.474457,
              54.687567
            ],
            [
              18.473888,
              54.679918
            ],
            [
              18.470063,
              54.673285
            ],
            [
              18.470388,
              54.666734
            ],
            [
              18.481944,
              54.659613
            ],
            [
              18.475922,
              54.640082
            ],
            [
              18.487315,
              54.631781
            ],
            [
              18.506358,
              54.634101
            ],
            [
              18.52296,
              54.646552
            ],
            [
              18.5171,
              54.62995
            ],
            [
              18.525157,
              54.616685
            ],
            [
              18.537608,
              54.605455
            ],
            [
              18.562836,
              54.560004
            ],
            [
              18.570649,
              54.55036
            ],
            [
              18.566742,
              54.527411
            ],
            [
              18.567556,
              54.48786
            ],
            [
              18.574067,
              54.450385
            ],
            [
              18.588064,
              54.433661
            ],
            [
              18.60377,
              54.430609
            ],
            [
              18.634288,
              54.416938
            ],
            [
              18.649913,
              54.413804
            ],
            [
              18.663341,
              54.412991
            ],
            [
              18.680024,
              54.40998
            ],
            [
              18.694347,
              54.404527
            ],
            [
              18.70045,
              54.395819
            ],
            [
              18.717296,
              54.382025
            ],
            [
              18.885916,
              54.350165
            ],
            [
              18.923188,
              54.348538
            ],
            [
              18.954356,
              54.358588
            ],
            [
              18.962901,
              54.353502
            ],
            [
              18.97462,
              54.349758
            ],
            [
              19.002126,
              54.344916
            ],
            [
              19.377208,
              54.377631
            ],
            [
              19.459972,
              54.401028
            ],
            [
              19.499278,
              54.406399
            ],
            [
              19.531016,
              54.414944
            ],
            [
              19.59254,
              54.452379
            ],
            [
              19.609548,
              54.456732
            ],
            [
              19.63077,
              54.446652
            ],
            [
              19.680276,
              54.436678
            ],
            [
              19.758256,
              54.434256
            ],
            [
              19.964703,
              54.427842
            ],
            [
              20.35207,
              54.415749
            ],
            [
              20.640838,
              54.406784
            ],
            [
              20.929606,
              54.397818
            ],
            [
              21.287413,
              54.386759
            ],
            [
              21.720772,
              54.373271
            ],
            [
              21.998946,
              54.364667
            ],
            [
              22.27712,
              54.356063
            ],
            [
              22.510388,
              54.348777
            ],
            [
              22.698387,
              54.342937
            ],
            [
              22.76722,
              54.35627
            ],
            [
              22.78603,
              54.36521
            ],
            [
              22.811344,
              54.392633
            ],
            [
              22.812695,
              54.394097
            ],
            [
              22.837603,
              54.400918
            ],
            [
              22.858894,
              54.399213
            ],
            [
              22.918838,
              54.381126
            ],
            [
              22.92969,
              54.380299
            ],
            [
              22.952428,
              54.38309
            ],
            [
              22.96266,
              54.381695
            ],
            [
              22.973305,
              54.37539
            ],
            [
              22.97899,
              54.367587
            ],
            [
              22.983434,
              54.359784
            ],
            [
              22.989738,
              54.353376
            ],
            [
              23.001004,
              54.34888
            ],
            [
              23.035317,
              54.346503
            ],
            [
              23.041622,
              54.340974
            ],
            [
              23.038004,
              54.331465
            ],
            [
              23.032216,
              54.320148
            ],
            [
              23.032113,
              54.309554
            ],
            [
              23.050096,
              54.294827
            ],
            [
              23.073041,
              54.294878
            ],
            [
              23.096915,
              54.300821
            ],
            [
              23.117069,
              54.303457
            ],
            [
              23.135259,
              54.298289
            ],
            [
              23.197271,
              54.267851
            ],
            [
              23.235408,
              54.254157
            ],
            [
              23.316023,
              54.236277
            ],
            [
              23.33599,
              54.226294
            ],
            [
              23.354471,
              54.217054
            ],
            [
              23.364082,
              54.208269
            ],
            [
              23.382273,
              54.187856
            ],
            [
              23.391471,
              54.180105
            ],
            [
              23.401806,
              54.175971
            ],
            [
              23.423304,
              54.172508
            ],
            [
              23.432502,
              54.169305
            ],
            [
              23.449039,
              54.154938
            ],
            [
              23.462991,
              54.13494
            ],
            [
              23.473947,
              54.112564
            ],
            [
              23.481595,
              54.091221
            ],
            [
              23.496167,
              54.044558
            ],
            [
              23.496477,
              54.021975
            ],
            [
              23.481595,
              54.006627
            ],
            [
              23.469502,
              54.000684
            ],
            [
              23.464128,
              53.996757
            ],
            [
              23.45927,
              53.992313
            ],
            [
              23.45865,
              53.981616
            ],
            [
              23.462888,
              53.972521
            ],
            [
              23.470949,
              53.965286
            ],
            [
              23.481595,
              53.960118
            ],
            [
              23.487486,
              53.955622
            ],
            [
              23.49038,
              53.95061
            ],
            [
              23.48976,
              53.945132
            ],
            [
              23.485625,
              53.939293
            ],
            [
              23.486866,
              53.909992
            ],
            [
              23.497201,
              53.885549
            ],
            [
              23.51043,
              53.862502
            ],
            [
              23.520662,
              53.837335
            ],
            [
              23.52986,
              53.78416
            ],
            [
              23.540402,
              53.763593
            ],
            [
              23.56469,
              53.742405
            ],
            [
              23.564794,
              53.742405
            ],
            [
              23.567068,
              53.681014
            ],
            [
              23.590942,
              53.611251
            ],
            [
              23.675795,
              53.455705
            ],
            [
              23.722924,
              53.397104
            ],
            [
              23.742974,
              53.365478
            ],
            [
              23.782972,
              53.270936
            ],
            [
              23.800645,
              53.242462
            ],
            [
              23.818628,
              53.227967
            ],
            [
              23.828447,
              53.213833
            ],
            [
              23.836198,
              53.199286
            ],
            [
              23.848084,
              53.183809
            ],
            [
              23.865964,
              53.172001
            ],
            [
              23.883121,
              53.163991
            ],
            [
              23.893663,
              53.151951
            ],
            [
              23.891389,
              53.127714
            ],
            [
              23.882397,
              53.113297
            ],
            [
              23.870305,
              53.101256
            ],
            [
              23.860693,
              53.087484
            ],
            [
              23.859349,
              53.067976
            ],
            [
              23.867928,
              53.051027
            ],
            [
              23.89821,
              53.02754
            ],
            [
              23.909682,
              53.012734
            ],
            [
              23.911336,
              53.00506
            ],
            [
              23.908959,
              52.993046
            ],
            [
              23.909062,
              52.986664
            ],
            [
              23.917537,
              52.95881
            ],
            [
              23.91795,
              52.9508
            ],
            [
              23.914953,
              52.944625
            ],
            [
              23.903894,
              52.931137
            ],
            [
              23.901104,
              52.923257
            ],
            [
              23.902034,
              52.912534
            ],
            [
              23.905445,
              52.906539
            ],
            [
              23.909476,
              52.901501
            ],
            [
              23.912059,
              52.893853
            ],
            [
              23.920426,
              52.772625
            ],
            [
              23.922498,
              52.742596
            ],
            [
              23.908752,
              52.699859
            ],
            [
              23.868961,
              52.670042
            ],
            [
              23.736153,
              52.614903
            ],
            [
              23.569031,
              52.585887
            ],
            [
              23.480458,
              52.554416
            ],
            [
              23.392298,
              52.509638
            ],
            [
              23.270548,
              52.395123
            ],
            [
              23.230447,
              52.365074
            ],
            [
              23.21205,
              52.347504
            ],
            [
              23.165645,
              52.289393
            ],
            [
              23.168746,
              52.288928
            ],
            [
              23.176099,
              52.285136
            ],
            [
              23.183525,
              52.281306
            ],
            [
              23.19448,
              52.271462
            ],
            [
              23.197684,
              52.25831
            ],
            [
              23.189726,
              52.240533
            ],
            [
              23.212257,
              52.231671
            ],
            [
              23.284191,
              52.219734
            ],
            [
              23.29959,
              52.223428
            ],
            [
              23.312716,
              52.215289
            ],
            [
              23.374831,
              52.200949
            ],
            [
              23.395812,
              52.19958
            ],
            [
              23.395812,
              52.193379
            ],
            [
              23.388474,
              52.184154
            ],
            [
              23.391368,
              52.182501
            ],
            [
              23.405734,
              52.185911
            ],
            [
              23.418239,
              52.182501
            ],
            [
              23.427231,
              52.17679
            ],
            [
              23.43674,
              52.175679
            ],
            [
              23.450485,
              52.185911
            ],
            [
              23.454413,
              52.181467
            ],
            [
              23.464335,
              52.176351
            ],
            [
              23.470949,
              52.171623
            ],
            [
              23.487693,
              52.181622
            ],
            [
              23.491517,
              52.174103
            ],
            [
              23.488726,
              52.16214
            ],
            [
              23.484695,
              52.158626
            ],
            [
              23.512497,
              52.124442
            ],
            [
              23.531928,
              52.120644
            ],
            [
              23.579366,
              52.121548
            ],
            [
              23.598177,
              52.11452
            ],
            [
              23.604791,
              52.106769
            ],
            [
              23.609856,
              52.09863
            ],
            [
              23.61585,
              52.0923
            ],
            [
              23.625255,
              52.089716
            ],
            [
              23.637451,
              52.084471
            ],
            [
              23.641482,
              52.072921
            ],
            [
              23.642515,
              52.061397
            ],
            [
              23.650783,
              52.048943
            ],
            [
              23.664943,
              52.011168
            ],
            [
              23.676415,
              51.994088
            ],
            [
              23.660705,
              51.98688
            ],
            [
              23.647579,
              51.97409
            ],
            [
              23.628666,
              51.946339
            ],
            [
              23.622155,
              51.927943
            ],
            [
              23.621431,
              51.895567
            ],
            [
              23.61492,
              51.88425
            ],
            [
              23.618847,
              51.883268
            ],
            [
              23.620604,
              51.883217
            ],
            [
              23.621328,
              51.882028
            ],
            [
              23.621845,
              51.877429
            ],
            [
              23.609856,
              51.873269
            ],
            [
              23.605721,
              51.851591
            ],
            [
              23.594559,
              51.843297
            ],
            [
              23.610269,
              51.825184
            ],
            [
              23.628666,
              51.809759
            ],
            [
              23.617504,
              51.786504
            ],
            [
              23.59828,
              51.77467
            ],
            [
              23.577299,
              51.766686
            ],
            [
              23.56035,
              51.754542
            ],
            [
              23.556319,
              51.747359
            ],
            [
              23.552288,
              51.736636
            ],
            [
              23.546604,
              51.713589
            ],
            [
              23.550221,
              51.708421
            ],
            [
              23.556939,
              51.701393
            ],
            [
              23.559213,
              51.695166
            ],
            [
              23.550014,
              51.692427
            ],
            [
              23.546087,
              51.689637
            ],
            [
              23.549291,
              51.683203
            ],
            [
              23.555389,
              51.676304
            ],
            [
              23.56035,
              51.671963
            ],
            [
              23.547534,
              51.662067
            ],
            [
              23.541436,
              51.659742
            ],
            [
              23.532444,
              51.658967
            ],
            [
              23.532444,
              51.6515
            ],
            [
              23.543813,
              51.6438
            ],
            [
              23.545157,
              51.63411
            ],
            [
              23.539886,
              51.607109
            ],
            [
              23.5434,
              51.592743
            ],
            [
              23.552081,
              51.578817
            ],
            [
              23.573992,
              51.555304
            ],
            [
              23.567171,
              51.55489
            ],
            [
              23.56035,
              51.555304
            ],
            [
              23.572752,
              51.539672
            ],
            [
              23.588668,
              51.535899
            ],
            [
              23.602311,
              51.530783
            ],
            [
              23.606238,
              51.517399
            ],
            [
              23.608099,
              51.511224
            ],
            [
              23.614817,
              51.49722
            ],
            [
              23.630526,
              51.490424
            ],
            [
              23.648613,
              51.486212
            ],
            [
              23.662772,
              51.480192
            ],
            [
              23.647166,
              51.460193
            ],
            [
              23.648716,
              51.453966
            ],
            [
              23.689437,
              51.416423
            ],
            [
              23.697602,
              51.404435
            ],
            [
              23.686027,
              51.40105
            ],
            [
              23.678895,
              51.394073
            ],
            [
              23.677655,
              51.38379
            ],
            [
              23.683856,
              51.370276
            ],
            [
              23.665563,
              51.365806
            ],
            [
              23.647786,
              51.353998
            ],
            [
              23.63404,
              51.339296
            ],
            [
              23.628666,
              51.325964
            ],
            [
              23.635177,
              51.304699
            ],
            [
              23.650887,
              51.299609
            ],
            [
              23.670214,
              51.299376
            ],
            [
              23.687267,
              51.2924
            ],
            [
              23.742664,
              51.216255
            ],
            [
              23.765195,
              51.199021
            ],
            [
              23.816045,
              51.178789
            ],
            [
              23.863587,
              51.148274
            ],
            [
              23.874749,
              51.13613
            ],
            [
              23.858213,
              51.13073
            ],
            [
              23.854492,
              51.121532
            ],
            [
              23.869271,
              51.10174
            ],
            [
              23.895523,
              51.076108
            ],
            [
              23.904205,
              51.062724
            ],
            [
              23.915987,
              51.020866
            ],
            [
              23.915987,
              51.014665
            ],
            [
              23.911749,
              51.00681
            ],
            [
              23.919087,
              51.002728
            ],
            [
              23.9318,
              50.999472
            ],
            [
              23.943995,
              50.994201
            ],
            [
              23.955054,
              50.983556
            ],
            [
              23.957845,
              50.975339
            ],
            [
              23.958878,
              50.966348
            ],
            [
              23.964356,
              50.953222
            ],
            [
              23.979342,
              50.937512
            ],
            [
              24.046935,
              50.898031
            ],
            [
              24.130237,
              50.868937
            ],
            [
              24.143156,
              50.856432
            ],
            [
              24.130857,
              50.839069
            ],
            [
              24.100472,
              50.834986
            ],
            [
              24.067295,
              50.834831
            ],
            [
              24.046935,
              50.829095
            ],
            [
              24.020477,
              50.838552
            ],
            [
              23.992881,
              50.836226
            ],
            [
              23.969937,
              50.825168
            ],
            [
              23.957638,
              50.808011
            ],
            [
              23.959498,
              50.788891
            ],
            [
              23.974278,
              50.776178
            ],
            [
              23.997946,
              50.769202
            ],
            [
              24.025851,
              50.767032
            ],
            [
              24.025851,
              50.76083
            ],
            [
              24.012828,
              50.743312
            ],
            [
              24.026884,
              50.728016
            ],
            [
              24.05417,
              50.717164
            ],
            [
              24.081041,
              50.712978
            ],
            [
              24.074943,
              50.690189
            ],
            [
              24.082798,
              50.669156
            ],
            [
              24.108165,
              50.630287
            ],
            [
              24.10843,
              50.629882
            ],
            [
              24.085279,
              50.604406
            ],
            [
              24.095407,
              50.556864
            ],
            [
              24.102539,
              50.543634
            ],
            [
              24.107706,
              50.540844
            ],
            [
              24.106466,
              50.538622
            ],
            [
              24.09396,
              50.52715
            ],
            [
              24.075047,
              50.514282
            ],
            [
              24.010658,
              50.492785
            ],
            [
              24.007867,
              50.480744
            ],
            [
              24.009418,
              50.461469
            ],
            [
              24.007764,
              50.448498
            ],
            [
              24.003217,
              50.437698
            ],
            [
              23.981306,
              50.40478
            ],
            [
              23.928699,
              50.390827
            ],
            [
              23.747522,
              50.38938
            ],
            [
              23.713002,
              50.382404
            ],
            [
              23.695742,
              50.376771
            ],
            [
              23.682203,
              50.368245
            ],
            [
              23.671247,
              50.353568
            ],
            [
              23.658677,
              50.327005
            ],
            [
              23.658018,
              50.325611
            ],
            [
              23.644169,
              50.312692
            ],
            [
              23.565311,
              50.257812
            ],
            [
              23.536372,
              50.242826
            ],
            [
              23.536268,
              50.242826
            ],
            [
              23.536165,
              50.242774
            ],
            [
              23.536062,
              50.242774
            ],
            [
              23.481595,
              50.215954
            ],
            [
              23.436429,
              50.193475
            ],
            [
              23.207916,
              50.03395
            ],
            [
              23.177841,
              50.003977
            ],
            [
              23.141254,
              49.985477
            ],
            [
              23.101463,
              49.957107
            ],
            [
              22.993046,
              49.854426
            ],
            [
              22.951188,
              49.826624
            ],
            [
              22.945917,
              49.818356
            ],
            [
              22.937752,
              49.798202
            ],
            [
              22.933101,
              49.79107
            ],
            [
              22.924419,
              49.785438
            ],
            [
              22.906746,
              49.7812
            ],
            [
              22.897961,
              49.777428
            ],
            [
              22.888246,
              49.769728
            ],
            [
              22.826648,
              49.697381
            ],
            [
              22.809801,
              49.686322
            ],
            [
              22.798846,
              49.683273
            ],
            [
              22.777348,
              49.680483
            ],
            [
              22.766186,
              49.67423
            ],
            [
              22.758951,
              49.6656
            ],
            [
              22.741692,
              49.633664
            ],
            [
              22.665831,
              49.567363
            ],
            [
              22.640922,
              49.528761
            ],
            [
              22.660146,
              49.493001
            ],
            [
              22.666864,
              49.478376
            ],
            [
              22.673065,
              49.435847
            ],
            [
              22.676786,
              49.424478
            ],
            [
              22.679576,
              49.418948
            ],
            [
              22.692599,
              49.405513
            ],
            [
              22.7142,
              49.39063
            ],
            [
              22.719781,
              49.382982
            ],
            [
              22.724225,
              49.367065
            ],
            [
              22.737764,
              49.275391
            ],
            [
              22.73394,
              49.26087
            ],
            [
              22.717094,
              49.230433
            ],
            [
              22.702934,
              49.195034
            ],
            [
              22.687121,
              49.173382
            ],
            [
              22.681747,
              49.161238
            ],
            [
              22.687845,
              49.155915
            ],
            [
              22.692496,
              49.157931
            ],
            [
              22.705725,
              49.168835
            ],
            [
              22.721434,
              49.1616
            ],
            [
              22.720194,
              49.161186
            ],
            [
              22.71637,
              49.160566
            ],
            [
              22.748823,
              49.14558
            ],
            [
              22.778072,
              49.12031
            ],
            [
              22.796469,
              49.11137
            ],
            [
              22.841324,
              49.094886
            ],
            [
              22.853416,
              49.084757
            ],
            [
              22.853519,
              49.076282
            ],
            [
              22.844424,
              49.056697
            ],
            [
              22.843184,
              49.043106
            ],
            [
              22.847525,
              49.033701
            ],
            [
              22.863751,
              49.015356
            ],
            [
              22.865014,
              49.013237
            ],
            [
              22.866955,
              49.009981
            ],
            [
              22.855276,
              48.994013
            ],
            [
              22.835019,
              48.999749
            ],
            [
              22.812902,
              49.012875
            ],
            [
              22.795022,
              49.019025
            ],
            [
              22.783963,
              49.02135
            ],
            [
              22.765463,
              49.038403
            ],
            [
              22.755334,
              49.044708
            ],
            [
              22.744482,
              49.045535
            ],
            [
              22.721951,
              49.041039
            ],
            [
              22.685778,
              49.042796
            ],
            [
              22.664384,
              49.041452
            ],
            [
              22.642886,
              49.043157
            ],
            [
              22.618288,
              49.054216
            ],
            [
              22.580771,
              49.08145
            ],
            [
              22.560721,
              49.085532
            ],
            [
              22.539637,
              49.0722
            ],
            [
              22.505013,
              49.083413
            ],
            [
              22.426775,
              49.085635
            ],
            [
              22.390085,
              49.093025
            ],
            [
              22.339442,
              49.12646
            ],
            [
              22.318151,
              49.131989
            ],
            [
              22.262858,
              49.130594
            ],
            [
              22.215936,
              49.139999
            ],
            [
              22.208494,
              49.144185
            ],
            [
              22.20622,
              49.150489
            ],
            [
              22.209011,
              49.156949
            ],
            [
              22.208908,
              49.163977
            ],
            [
              22.197952,
              49.171987
            ],
            [
              22.189684,
              49.17302
            ],
            [
              22.165706,
              49.171108
            ],
            [
              22.155681,
              49.171522
            ],
            [
              22.144105,
              49.174881
            ],
            [
              22.111549,
              49.188627
            ],
            [
              22.040752,
              49.197463
            ],
            [
              22.012434,
              49.211054
            ],
            [
              22.005819,
              49.242887
            ],
            [
              21.99321,
              49.278182
            ],
            [
              21.964478,
              49.308568
            ],
            [
              21.928408,
              49.330788
            ],
            [
              21.874561,
              49.348358
            ],
            [
              21.837871,
              49.370424
            ],
            [
              21.819577,
              49.377246
            ],
            [
              21.799423,
              49.374817
            ],
            [
              21.782164,
              49.364482
            ],
            [
              21.768004,
              49.353474
            ],
            [
              21.757566,
              49.348927
            ],
            [
              21.742166,
              49.357092
            ],
            [
              21.708576,
              49.390888
            ],
            [
              21.69173,
              49.402154
            ],
            [
              21.681808,
              49.404066
            ],
            [
              21.666305,
              49.401792
            ],
            [
              21.65876,
              49.402464
            ],
            [
              21.648632,
              49.407063
            ],
            [
              21.630028,
              49.418897
            ],
            [
              21.6199,
              49.423341
            ],
            [
              21.601193,
              49.426493
            ],
            [
              21.529569,
              49.421222
            ],
            [
              21.514422,
              49.417213
            ],
            [
              21.496186,
              49.412386
            ],
            [
              21.48151,
              49.415228
            ],
            [
              21.444406,
              49.409905
            ],
            [
              21.42787,
              49.409802
            ],
            [
              21.330408,
              49.427785
            ],
            [
              21.274391,
              49.447267
            ],
            [
              21.260542,
              49.449438
            ],
            [
              21.242455,
              49.441273
            ],
            [
              21.211242,
              49.411094
            ],
            [
              21.194086,
              49.400603
            ],
            [
              21.172588,
              49.398278
            ],
            [
              21.157292,
              49.405151
            ],
            [
              21.143029,
              49.415538
            ],
            [
              21.124943,
              49.423651
            ],
            [
              21.10944,
              49.424581
            ],
            [
              21.068822,
              49.419207
            ],
            [
              21.053526,
              49.414453
            ],
            [
              21.033269,
              49.399673
            ],
            [
              21.045464,
              49.390578
            ],
            [
              21.068512,
              49.381431
            ],
            [
              21.080708,
              49.366342
            ],
            [
              21.072543,
              49.357195
            ],
            [
              21.054043,
              49.354766
            ],
            [
              21.032959,
              49.354611
            ],
            [
              21.017249,
              49.352441
            ],
            [
              20.996682,
              49.339367
            ],
            [
              20.964022,
              49.308103
            ],
            [
              20.942422,
              49.295855
            ],
            [
              20.91896,
              49.290326
            ],
            [
              20.900564,
              49.2926
            ],
            [
              20.884337,
              49.300299
            ],
            [
              20.868007,
              49.31141
            ],
            [
              20.849301,
              49.320505
            ],
            [
              20.833591,
              49.322055
            ],
            [
              20.816538,
              49.321383
            ],
            [
              20.79411,
              49.323657
            ],
            [
              20.778297,
              49.331202
            ],
            [
              20.689517,
              49.4005
            ],
            [
              20.673911,
              49.402309
            ],
            [
              20.636084,
              49.39833
            ],
            [
              20.614483,
              49.400448
            ],
            [
              20.605284,
              49.400035
            ],
            [
              20.595053,
              49.396263
            ],
            [
              20.579136,
              49.383395
            ],
            [
              20.567664,
              49.376367
            ],
            [
              20.543996,
              49.370838
            ],
            [
              20.522085,
              49.374352
            ],
            [
              20.437543,
              49.402515
            ],
            [
              20.421936,
              49.40019
            ],
            [
              20.422143,
              49.382982
            ],
            [
              20.370467,
              49.38169
            ],
            [
              20.329539,
              49.391767
            ],
            [
              20.317653,
              49.391612
            ],
            [
              20.307422,
              49.386599
            ],
            [
              20.303701,
              49.380398
            ],
            [
              20.301634,
              49.371199
            ],
            [
              20.296466,
              49.356937
            ],
            [
              20.289335,
              49.343087
            ],
            [
              20.284374,
              49.338643
            ],
            [
              20.207169,
              49.334199
            ],
            [
              20.191976,
              49.328618
            ],
            [
              20.170169,
              49.311617
            ],
            [
              20.16035,
              49.305622
            ],
            [
              20.138336,
              49.307327
            ],
            [
              20.135856,
              49.308878
            ],
            [
              20.130171,
              49.303917
            ],
            [
              20.111051,
              49.275856
            ],
            [
              20.105367,
              49.263971
            ],
            [
              20.098442,
              49.25286
            ],
            [
              20.08604,
              49.243042
            ],
            [
              20.080355,
              49.208109
            ],
            [
              20.07002,
              49.183097
            ],
            [
              20.050486,
              49.173227
            ],
            [
              20.01731,
              49.183872
            ],
            [
              19.965737,
              49.215653
            ],
            [
              19.937935,
              49.22511
            ],
            [
              19.905896,
              49.222785
            ],
            [
              19.887809,
              49.214
            ],
            [
              19.868292,
              49.200788
            ],
            [
              19.854219,
              49.191262
            ],
            [
              19.831998,
              49.185888
            ],
            [
              19.785903,
              49.188162
            ],
            [
              19.760685,
              49.194208
            ],
            [
              19.747766,
              49.205887
            ],
            [
              19.751797,
              49.219064
            ],
            [
              19.789624,
              49.259475
            ],
            [
              19.794068,
              49.261852
            ],
            [
              19.800476,
              49.263041
            ],
            [
              19.806263,
              49.265263
            ],
            [
              19.808641,
              49.270895
            ],
            [
              19.80678,
              49.275236
            ],
            [
              19.806415,
              49.275488
            ],
            [
              19.798822,
              49.280714
            ],
            [
              19.798563,
              49.281081
            ],
            [
              19.796962,
              49.28335
            ],
            [
              19.79686,
              49.283399
            ],
            [
              19.783216,
              49.290016
            ],
            [
              19.779702,
              49.293375
            ],
            [
              19.779713,
              49.293453
            ],
            [
              19.780322,
              49.297612
            ],
            [
              19.78797,
              49.305105
            ],
            [
              19.78952,
              49.309188
            ],
            [
              19.783629,
              49.357557
            ],
            [
              19.778565,
              49.374197
            ],
            [
              19.769263,
              49.39311
            ],
            [
              19.769056,
              49.393213
            ],
            [
              19.760065,
              49.397658
            ],
            [
              19.726578,
              49.388873
            ],
            [
              19.706321,
              49.387529
            ],
            [
              19.684514,
              49.389079
            ],
            [
              19.627044,
              49.401868
            ],
            [
              19.627097,
              49.402165
            ],
            [
              19.62922,
              49.413936
            ],
            [
              19.6286,
              49.429594
            ],
            [
              19.63015,
              49.43502
            ],
            [
              19.634801,
              49.441324
            ],
            [
              19.594804,
              49.441583
            ],
            [
              19.573926,
              49.445252
            ],
            [
              19.55677,
              49.453882
            ],
            [
              19.551602,
              49.461013
            ],
            [
              19.535479,
              49.492846
            ],
            [
              19.517289,
              49.543282
            ],
            [
              19.505197,
              49.563384
            ],
            [
              19.481735,
              49.573513
            ],
            [
              19.474191,
              49.578732
            ],
            [
              19.457344,
              49.598059
            ],
            [
              19.44889,
              49.600313
            ],
            [
              19.443392,
              49.60178
            ],
            [
              19.437604,
              49.600126
            ],
            [
              19.43378,
              49.595165
            ],
            [
              19.347067,
              49.532998
            ],
            [
              19.339522,
              49.528761
            ],
            [
              19.325363,
              49.52504
            ],
            [
              19.315027,
              49.523955
            ],
            [
              19.284228,
              49.524162
            ],
            [
              19.265005,
              49.521475
            ],
            [
              19.248675,
              49.516255
            ],
            [
              19.234102,
              49.507212
            ],
            [
              19.220459,
              49.493001
            ],
            [
              19.20444,
              49.460548
            ],
            [
              19.206197,
              49.459411
            ],
            [
              19.209401,
              49.456414
            ],
            [
              19.211364,
              49.45166
            ],
            [
              19.208987,
              49.444993
            ],
            [
              19.204543,
              49.442823
            ],
            [
              19.192244,
              49.442616
            ],
            [
              19.18935,
              49.442203
            ],
            [
              19.182322,
              49.422721
            ],
            [
              19.179738,
              49.410267
            ],
            [
              19.172504,
              49.402257
            ],
            [
              19.141705,
              49.394195
            ],
            [
              19.11659,
              49.39094
            ],
            [
              19.106255,
              49.391405
            ],
            [
              19.096643,
              49.394609
            ],
            [
              19.076799,
              49.404066
            ],
            [
              19.067601,
              49.406133
            ],
            [
              19.045793,
              49.402774
            ],
            [
              19.007139,
              49.388098
            ],
            [
              18.981818,
              49.386806
            ],
            [
              18.962284,
              49.389183
            ],
            [
              18.956703,
              49.400448
            ],
            [
              18.960837,
              49.433315
            ],
            [
              18.958253,
              49.448146
            ],
            [
              18.953396,
              49.461685
            ],
            [
              18.952362,
              49.475948
            ],
            [
              18.961147,
              49.492794
            ],
            [
              18.932208,
              49.504318
            ],
            [
              18.833196,
              49.510261
            ]
          ]
        ]
      }
    },
    {
      "type": "Feature",
      "properties": {
        "ADM0_ISO": "AUT",
        "featurecla": "Admin-0 country",
        "scalerank": 0,
        "LABELRANK": 4,
        "SOVEREIGNT": "Austria",
        "SOV_A3": "AUT",
        "ADM0_DIF": 0,
        "LEVEL": 2,
        "TYPE": "Sovereign country",
        "TLC": "1",
        "ADMIN": "Austria",
        "ADM0_A3": "AUT",
        "GEOU_DIF": 0,
        "GEOUNIT": "Austria",
        "GU_A3": "AUT",
        "SU_DIF": 0,
        "SUBUNIT": "Austria",
        "SU_A3": "AUT",
        "BRK_DIFF": 0,
        "NAME": "Austria",
        "NAME_LONG": "Austria",
        "BRK_A3": "AUT",
        "BRK_NAME": "Austria",
        "BRK_GROUP": null,
        "ABBREV": "Aust.",
        "POSTAL": "A",
        "FORMAL_EN": "Republic of Austria",
        "FORMAL_FR": null,
        "NAME_CIAWF": "Austria",
        "NOTE_ADM0": null,
        "NOTE_BRK": null,
        "NAME_SORT": "Austria",
        "NAME_ALT": null,
        "MAPCOLOR7": 3,
        "MAPCOLOR8": 1,
        "MAPCOLOR9": 3,
        "MAPCOLOR13": 4,
        "POP_EST": 8877067,
        "POP_RANK": 13,
        "POP_YEAR": 2019,
        "GDP_MD": 445075,
        "GDP_YEAR": 2019,
        "ECONOMY": "2. Developed region: nonG7",
        "INCOME_GRP": "1. High income: OECD",
        "FIPS_10": "AU",
        "ISO_A2": "AT",
        "ISO_A2_EH": "AT",
        "ISO_A3": "AUT",
        "ISO_A3_EH": "AUT",
        "ISO_N3": "040",
        "ISO_N3_EH": "040",
        "UN_A3": "040",
        "WB_A2": "AT",
        "WB_A3": "AUT",
        "WOE_ID": 23424750,
        "WOE_ID_EH": 23424750,
        "WOE_NOTE": "Exact WOE match as country",
        "ADM0_DIFF": null,
        "ADM0_TLC": "AUT",
        "ADM0_A3_US": "AUT",
        "ADM0_A3_FR": "AUT",
        "ADM0_A3_RU": "AUT",
        "ADM0_A3_ES": "AUT",
        "ADM0_A3_CN": "AUT",
        "ADM0_A3_TW": "AUT",
        "ADM0_A3_IN": "AUT",
        "ADM0_A3_NP": "AUT",
        "ADM0_A3_PK": "AUT",
        "ADM0_A3_DE": "AUT",
        "ADM0_A3_GB": "AUT",
        "ADM0_A3_BR": "AUT",
        "ADM0_A3_IL": "AUT",
        "ADM0_A3_PS": "AUT",
        "ADM0_A3_SA": "AUT",
        "ADM0_A3_EG": "AUT",
        "ADM0_A3_MA": "AUT",
        "ADM0_A3_PT": "AUT",
        "ADM0_A3_AR": "AUT",
        "ADM0_A3_JP": "AUT",
        "ADM0_A3_KO": "AUT",
        "ADM0_A3_VN": "AUT",
        "ADM0_A3_TR": "AUT",
        "ADM0_A3_ID": "AUT",
        "ADM0_A3_PL": "AUT",
        "ADM0_A3_GR": "AUT",
        "ADM0_A3_IT": "AUT",
        "ADM0_A3_NL": "AUT",
        "ADM0_A3_SE": "AUT",
        "ADM0_A3_BD": "AUT",
        "ADM0_A3_UA": "AUT",
        "ADM0_A3_UN": -99,
        "ADM0_A3_WB": -99,
        "CONTINENT": "Europe",
        "REGION_UN": "Europe",
        "SUBREGION": "Western Europe",
        "REGION_WB": "Europe & Central Asia",
        "NAME_LEN": 7,
        "LONG_LEN": 7,
        "ABBREV_LEN": 5,
        "TINY": -99,
        "HOMEPART": 1,
        "MIN_ZOOM": 0,
        "MIN_LABEL": 3,
        "MAX_LABEL": 8,
        "LABEL_X": 14.130515,
        "LABEL_Y": 47.518859,
        "NE_ID": 1159320379,
        "WIKIDATAID": "Q40",
        "NAME_AR": "النمسا",
        "NAME_BN": "অস্ট্রিয়া",
        "NAME_DE": "Österreich",
        "NAME_EN": "Austria",
        "NAME_ES": "Austria",
        "NAME_FA": "اتریش",
        "NAME_FR": "Autriche",
        "NAME_EL": "Αυστρία",
        "NAME_HE": "אוסטריה",
        "NAME_HI": "ऑस्ट्रिया",
        "NAME_HU": "Ausztria",
        "NAME_ID": "Austria",
        "NAME_IT": "Austria",
        "NAME_JA": "オーストリア",
        "NAME_KO": "오스트리아",
        "NAME_NL": "Oostenrijk",
        "NAME_PL": "Austria",
        "NAME_PT": "Áustria",
        "NAME_RU": "Австрия",
        "NAME_SV": "Österrike",
        "NAME_TR": "Avusturya",
        "NAME_UK": "Австрія",
        "NAME_UR": "آسٹریا",
        "NAME_VI": "Áo",
        "NAME_ZH": "奥地利",
        "NAME_ZHT": "奧地利",
        "FCLASS_ISO": "Admin-0 country",
        "TLC_DIFF": null,
        "FCLASS_TLC": "Admin-0 country",
        "FCLASS_US": null,
        "FCLASS_FR": null,
        "FCLASS_RU": null,
        "FCLASS_ES": null,
        "FCLASS_CN": null,
        "FCLASS_TW": null,
        "FCLASS_IN": null,
        "FCLASS_NP": null,
        "FCLASS_PK": null,
        "FCLASS_DE": null,
        "FCLASS_GB": null,
        "FCLASS_BR": null,
        "FCLASS_IL": null,
        "FCLASS_PS": null,
        "FCLASS_SA": null,
        "FCLASS_EG": null,
        "FCLASS_MA": null,
        "FCLASS_PT": null,
        "FCLASS_AR": null,
        "FCLASS_JP": null,
        "FCLASS_KO": null,
        "FCLASS_VN": null,
        "FCLASS_TR": null,
        "FCLASS_ID": null,
        "FCLASS_PL": null,
        "FCLASS_GR": null,
        "FCLASS_IT": null,
        "FCLASS_NL": null,
        "FCLASS_SE": null,
        "FCLASS_BD": null,
        "FCLASS_UA": null
      },
      "bbox": [
        9.521155,
        46.378643,
        17.148338,
        49.009774
      ],
      "geometry": {
        "type": "Polygon",
        "coordinates": [
          [
            [
              16.945043,
              48.604166
            ],
            [
              16.954345,
              48.557399
            ],
            [
              16.949055,
              48.544836
            ],
            [
              16.946903,
              48.539726
            ],
            [
              16.93047,
              48.528202
            ],
            [
              16.913934,
              48.519339
            ],
            [
              16.906492,
              48.509908
            ],
            [
              16.901221,
              48.496602
            ],
            [
              16.875073,
              48.471539
            ],
            [
              16.864944,
              48.458077
            ],
            [
              16.86081,
              48.443788
            ],
            [
              16.851922,
              48.390407
            ],
            [
              16.849338,
              48.384102
            ],
            [
              16.846858,
              48.381131
            ],
            [
              16.845101,
              48.376583
            ],
            [
              16.84448,
              48.365602
            ],
            [
              16.847581,
              48.359582
            ],
            [
              16.855332,
              48.356455
            ],
            [
              16.875486,
              48.355034
            ],
            [
              16.881171,
              48.352812
            ],
            [
              16.891713,
              48.347024
            ],
            [
              16.901945,
              48.339402
            ],
            [
              16.906492,
              48.33147
            ],
            [
              16.904218,
              48.327025
            ],
            [
              16.900291,
              48.321238
            ],
            [
              16.898431,
              48.316173
            ],
            [
              16.902771,
              48.314106
            ],
            [
              16.905459,
              48.311988
            ],
            [
              16.908869,
              48.306975
            ],
            [
              16.912073,
              48.301239
            ],
            [
              16.913313,
              48.296691
            ],
            [
              16.916621,
              48.2908
            ],
            [
              16.924269,
              48.287519
            ],
            [
              16.933364,
              48.284728
            ],
            [
              16.944423,
              48.27801
            ],
            [
              16.950624,
              48.276589
            ],
            [
              16.954345,
              48.273127
            ],
            [
              16.955275,
              48.268786
            ],
            [
              16.953931,
              48.25734
            ],
            [
              16.954345,
              48.25256
            ],
            [
              16.969951,
              48.216645
            ],
            [
              16.974705,
              48.198558
            ],
            [
              16.974808,
              48.17688
            ],
            [
              16.98194,
              48.161299
            ],
            [
              17.007158,
              48.142799
            ],
            [
              17.020904,
              48.137166
            ],
            [
              17.036923,
              48.135513
            ],
            [
              17.047465,
              48.130991
            ],
            [
              17.062455,
              48.112724
            ],
            [
              17.067206,
              48.106936
            ],
            [
              17.080228,
              48.097608
            ],
            [
              17.069996,
              48.089159
            ],
            [
              17.064829,
              48.07903
            ],
            [
              17.059144,
              48.060427
            ],
            [
              17.063072,
              48.058773
            ],
            [
              17.075061,
              48.052081
            ],
            [
              17.069686,
              48.035674
            ],
            [
              17.092631,
              48.02725
            ],
            [
              17.12498,
              48.019525
            ],
            [
              17.148338,
              48.005443
            ],
            [
              17.085603,
              47.970148
            ],
            [
              17.096145,
              47.961931
            ],
            [
              17.095731,
              47.95573
            ],
            [
              17.090874,
              47.949477
            ],
            [
              17.088083,
              47.940899
            ],
            [
              17.086119,
              47.93922
            ],
            [
              17.076818,
              47.934956
            ],
            [
              17.07413,
              47.932114
            ],
            [
              17.075164,
              47.927773
            ],
            [
              17.080125,
              47.925758
            ],
            [
              17.085396,
              47.924621
            ],
            [
              17.087463,
              47.922632
            ],
            [
              17.083329,
              47.904829
            ],
            [
              17.077541,
              47.891729
            ],
            [
              17.067619,
              47.881626
            ],
            [
              17.051186,
              47.872893
            ],
            [
              17.016563,
              47.867699
            ],
            [
              17.004057,
              47.863281
            ],
            [
              17.004367,
              47.852377
            ],
            [
              17.010672,
              47.847882
            ],
            [
              17.031652,
              47.841345
            ],
            [
              17.039507,
              47.837365
            ],
            [
              17.049119,
              47.818684
            ],
            [
              17.05563,
              47.812354
            ],
            [
              17.040644,
              47.801114
            ],
            [
              17.041988,
              47.783906
            ],
            [
              17.048706,
              47.763649
            ],
            [
              17.050566,
              47.730989
            ],
            [
              17.055527,
              47.720913
            ],
            [
              17.064002,
              47.71329
            ],
            [
              17.075371,
              47.708484
            ],
            [
              17.054804,
              47.702025
            ],
            [
              16.98194,
              47.695436
            ],
            [
              16.902668,
              47.682026
            ],
            [
              16.864738,
              47.686729
            ],
            [
              16.850165,
              47.712929
            ],
            [
              16.836936,
              47.705358
            ],
            [
              16.817299,
              47.684248
            ],
            [
              16.80624,
              47.676884
            ],
            [
              16.797455,
              47.675463
            ],
            [
              16.741128,
              47.681458
            ],
            [
              16.730379,
              47.685902
            ],
            [
              16.719217,
              47.693731
            ],
            [
              16.711569,
              47.704066
            ],
            [
              16.707848,
              47.714608
            ],
            [
              16.702474,
              47.7236
            ],
            [
              16.689865,
              47.729568
            ],
            [
              16.609766,
              47.750627
            ],
            [
              16.567805,
              47.754192
            ],
            [
              16.531115,
              47.742978
            ],
            [
              16.52512,
              47.733315
            ],
            [
              16.526877,
              47.720137
            ],
            [
              16.521399,
              47.711533
            ],
            [
              16.512924,
              47.706004
            ],
            [
              16.47303,
              47.691767
            ],
            [
              16.461145,
              47.684532
            ],
            [
              16.45453,
              47.681768
            ],
            [
              16.449879,
              47.682414
            ],
            [
              16.444918,
              47.68554
            ],
            [
              16.43913,
              47.690475
            ],
            [
              16.431792,
              47.685463
            ],
            [
              16.4166,
              47.668823
            ],
            [
              16.407815,
              47.66133
            ],
            [
              16.425901,
              47.654276
            ],
            [
              16.481919,
              47.638954
            ],
            [
              16.509617,
              47.64314
            ],
            [
              16.575453,
              47.624949
            ],
            [
              16.608422,
              47.628773
            ],
            [
              16.63023,
              47.622004
            ],
            [
              16.647697,
              47.606139
            ],
            [
              16.656172,
              47.585934
            ],
            [
              16.65059,
              47.566555
            ],
            [
              16.66754,
              47.560096
            ],
            [
              16.68139,
              47.550561
            ],
            [
              16.689141,
              47.53803
            ],
            [
              16.688004,
              47.52263
            ],
            [
              16.677359,
              47.509866
            ],
            [
              16.648213,
              47.501546
            ],
            [
              16.636845,
              47.4932
            ],
            [
              16.640875,
              47.452919
            ],
            [
              16.626973,
              47.445549
            ],
            [
              16.589406,
              47.425633
            ],
            [
              16.481919,
              47.392302
            ],
            [
              16.46993,
              47.405531
            ],
            [
              16.456597,
              47.411836
            ],
            [
              16.444091,
              47.40951
            ],
            [
              16.433963,
              47.39685
            ],
            [
              16.436443,
              47.358506
            ],
            [
              16.434273,
              47.35556
            ],
            [
              16.429312,
              47.353803
            ],
            [
              16.424971,
              47.351116
            ],
            [
              16.424351,
              47.345199
            ],
            [
              16.427142,
              47.341375
            ],
            [
              16.431689,
              47.339721
            ],
            [
              16.436133,
              47.338559
            ],
            [
              16.43882,
              47.336569
            ],
            [
              16.469206,
              47.293238
            ],
            [
              16.473237,
              47.276805
            ],
            [
              16.466622,
              47.263421
            ],
            [
              16.452463,
              47.254584
            ],
            [
              16.421354,
              47.243138
            ],
            [
              16.421354,
              47.243035
            ],
            [
              16.424661,
              47.225594
            ],
            [
              16.409262,
              47.203683
            ],
            [
              16.412776,
              47.187173
            ],
            [
              16.41877,
              47.183659
            ],
            [
              16.426728,
              47.184124
            ],
            [
              16.4351,
              47.183581
            ],
            [
              16.441818,
              47.177121
            ],
            [
              16.442128,
              47.168336
            ],
            [
              16.433963,
              47.151283
            ],
            [
              16.433653,
              47.145754
            ],
            [
              16.447089,
              47.139708
            ],
            [
              16.480885,
              47.150767
            ],
            [
              16.497318,
              47.149681
            ],
            [
              16.509514,
              47.137537
            ],
            [
              16.50476,
              47.125833
            ],
            [
              16.481919,
              47.10524
            ],
            [
              16.460835,
              47.0963
            ],
            [
              16.454323,
              47.081701
            ],
            [
              16.461765,
              47.068498
            ],
            [
              16.481919,
              47.063898
            ],
            [
              16.493701,
              47.059816
            ],
            [
              16.497215,
              47.054622
            ],
            [
              16.493184,
              47.049145
            ],
            [
              16.481919,
              47.04421
            ],
            [
              16.437167,
              47.031782
            ],
            [
              16.424661,
              47.024082
            ],
            [
              16.45329,
              47.021679
            ],
            [
              16.467553,
              47.018423
            ],
            [
              16.481919,
              47.00938
            ],
            [
              16.486363,
              46.998554
            ],
            [
              16.467449,
              46.995427
            ],
            [
              16.441404,
              46.99522
            ],
            [
              16.424764,
              46.993102
            ],
            [
              16.424764,
              46.992998
            ],
            [
              16.420424,
              46.99026
            ],
            [
              16.415566,
              46.989433
            ],
            [
              16.410398,
              46.990415
            ],
            [
              16.405024,
              46.993153
            ],
            [
              16.387764,
              47.002042
            ],
            [
              16.366577,
              47.003825
            ],
            [
              16.325856,
              47.00044
            ],
            [
              16.288545,
              47.005582
            ],
            [
              16.274903,
              47.004315
            ],
            [
              16.265394,
              46.993257
            ],
            [
              16.261054,
              46.97809
            ],
            [
              16.252992,
              46.973516
            ],
            [
              16.24307,
              46.972018
            ],
            [
              16.232942,
              46.966075
            ],
            [
              16.230358,
              46.959977
            ],
            [
              16.231185,
              46.954422
            ],
            [
              16.230668,
              46.94835
            ],
            [
              16.22395,
              46.941064
            ],
            [
              16.217025,
              46.937395
            ],
            [
              16.196148,
              46.931297
            ],
            [
              16.170723,
              46.918533
            ],
            [
              16.159148,
              46.910316
            ],
            [
              16.122871,
              46.876365
            ],
            [
              16.110055,
              46.867916
            ],
            [
              16.094035,
              46.862774
            ],
            [
              16.052936,
              46.84606
            ],
            [
              16.032024,
              46.837556
            ],
            [
              16.028441,
              46.836947
            ],
            [
              15.987582,
              46.830011
            ],
            [
              15.981691,
              46.827685
            ],
            [
              15.971976,
              46.820632
            ],
            [
              15.972906,
              46.818435
            ],
            [
              15.97735,
              46.816213
            ],
            [
              15.978177,
              46.809134
            ],
            [
              15.971252,
              46.778076
            ],
            [
              15.970985,
              46.77505
            ],
            [
              15.969702,
              46.760532
            ],
            [
              15.970529,
              46.743014
            ],
            [
              15.982001,
              46.718545
            ],
            [
              16.003291,
              46.709191
            ],
            [
              16.014557,
              46.693714
            ],
            [
              16.016723,
              46.670691
            ],
            [
              16.016593,
              46.670757
            ],
            [
              15.997917,
              46.686919
            ],
            [
              15.986962,
              46.69219
            ],
            [
              15.946344,
              46.697151
            ],
            [
              15.878545,
              46.720715
            ],
            [
              15.850743,
              46.724488
            ],
            [
              15.822941,
              46.722834
            ],
            [
              15.78461,
              46.7122
            ],
            [
              15.755141,
              46.704024
            ],
            [
              15.728683,
              46.70299
            ],
            [
              15.652098,
              46.710819
            ],
            [
              15.635975,
              46.717563
            ],
            [
              15.632875,
              46.702473
            ],
            [
              15.632978,
              46.689632
            ],
            [
              15.626984,
              46.680873
            ],
            [
              15.621745,
              46.678175
            ],
            [
              15.616648,
              46.67555
            ],
            [
              15.603729,
              46.673018
            ],
            [
              15.58864,
              46.675963
            ],
            [
              15.567349,
              46.675757
            ],
            [
              15.545955,
              46.671881
            ],
            [
              15.530659,
              46.663845
            ],
            [
              15.52084,
              46.649608
            ],
            [
              15.520308,
              46.64772
            ],
            [
              15.517636,
              46.63824
            ],
            [
              15.513939,
              46.632545
            ],
            [
              15.511228,
              46.628369
            ],
            [
              15.492625,
              46.618293
            ],
            [
              15.462653,
              46.614649
            ],
            [
              15.440018,
              46.62439
            ],
            [
              15.435381,
              46.627195
            ],
            [
              15.417591,
              46.637955
            ],
            [
              15.388135,
              46.645578
            ],
            [
              15.332784,
              46.64358
            ],
            [
              15.204891,
              46.638963
            ],
            [
              15.172557,
              46.64136
            ],
            [
              15.105591,
              46.646323
            ],
            [
              15.085723,
              46.647795
            ],
            [
              15.061954,
              46.649557
            ],
            [
              15.004386,
              46.636844
            ],
            [
              14.967179,
              46.600257
            ],
            [
              14.947955,
              46.619274
            ],
            [
              14.933589,
              46.621135
            ],
            [
              14.919507,
              46.615017
            ],
            [
              14.897726,
              46.605554
            ],
            [
              14.894063,
              46.605215
            ],
            [
              14.877055,
              46.603642
            ],
            [
              14.862999,
              46.604831
            ],
            [
              14.85039,
              46.601136
            ],
            [
              14.833647,
              46.584393
            ],
            [
              14.822278,
              46.567546
            ],
            [
              14.814519,
              46.551337
            ],
            [
              14.807189,
              46.536024
            ],
            [
              14.796663,
              46.519401
            ],
            [
              14.788585,
              46.506646
            ],
            [
              14.783004,
              46.503261
            ],
            [
              14.760887,
              46.496284
            ],
            [
              14.735255,
              46.493339
            ],
            [
              14.726367,
              46.497706
            ],
            [
              14.709727,
              46.492512
            ],
            [
              14.703733,
              46.487758
            ],
            [
              14.698772,
              46.480962
            ],
            [
              14.687093,
              46.471221
            ],
            [
              14.679961,
              46.458871
            ],
            [
              14.672546,
              46.459791
            ],
            [
              14.666629,
              46.460524
            ],
            [
              14.662081,
              46.459698
            ],
            [
              14.642031,
              46.445228
            ],
            [
              14.631696,
              46.440577
            ],
            [
              14.621567,
              46.43851
            ],
            [
              14.599863,
              46.437167
            ],
            [
              14.590148,
              46.434428
            ],
            [
              14.575368,
              46.419726
            ],
            [
              14.566997,
              46.400373
            ],
            [
              14.562108,
              46.391737
            ],
            [
              14.557695,
              46.38394
            ],
            [
              14.540332,
              46.378643
            ],
            [
              14.527102,
              46.388229
            ],
            [
              14.515837,
              46.40536
            ],
            [
              14.502194,
              46.418356
            ],
            [
              14.467675,
              46.412672
            ],
            [
              14.450931,
              46.414481
            ],
            [
              14.437145,
              46.418884
            ],
            [
              14.420029,
              46.424351
            ],
            [
              14.414448,
              46.429002
            ],
            [
              14.411244,
              46.434635
            ],
            [
              14.40649,
              46.439337
            ],
            [
              14.395844,
              46.440991
            ],
            [
              14.362151,
              46.435875
            ],
            [
              14.242323,
              46.438237
            ],
            [
              14.149865,
              46.440061
            ],
            [
              14.147933,
              46.440425
            ],
            [
              14.137255,
              46.442438
            ],
            [
              14.081032,
              46.47595
            ],
            [
              14.066355,
              46.48104
            ],
            [
              14.050026,
              46.484399
            ],
            [
              14.032456,
              46.484709
            ],
            [
              14.014922,
              46.482531
            ],
            [
              13.998763,
              46.480523
            ],
            [
              13.98233,
              46.481918
            ],
            [
              13.890862,
              46.511787
            ],
            [
              13.860683,
              46.51525
            ],
            [
              13.795778,
              46.507886
            ],
            [
              13.782135,
              46.507782
            ],
            [
              13.716093,
              46.518867
            ],
            [
              13.700951,
              46.519746
            ],
            [
              13.685345,
              46.517627
            ],
            [
              13.670256,
              46.518712
            ],
            [
              13.549229,
              46.545842
            ],
            [
              13.506751,
              46.546927
            ],
            [
              13.499103,
              46.550622
            ],
            [
              13.484944,
              46.561733
            ],
            [
              13.478019,
              46.563567
            ],
            [
              13.417041,
              46.560492
            ],
            [
              13.373323,
              46.565789
            ],
            [
              13.271417,
              46.550777
            ],
            [
              13.231109,
              46.552173
            ],
            [
              13.210025,
              46.558012
            ],
            [
              13.146463,
              46.584961
            ],
            [
              13.064504,
              46.598035
            ],
            [
              12.83041,
              46.609637
            ],
            [
              12.773566,
              46.635191
            ],
            [
              12.7485,
              46.640996
            ],
            [
              12.739873,
              46.642994
            ],
            [
              12.732018,
              46.64227
            ],
            [
              12.715999,
              46.637955
            ],
            [
              12.706593,
              46.637749
            ],
            [
              12.697395,
              46.640539
            ],
            [
              12.679205,
              46.650022
            ],
            [
              12.671368,
              46.652466
            ],
            [
              12.669593,
              46.653019
            ],
            [
              12.62019,
              46.656481
            ],
            [
              12.562003,
              46.65121
            ],
            [
              12.547327,
              46.652192
            ],
            [
              12.53079,
              46.65767
            ],
            [
              12.499888,
              46.672139
            ],
            [
              12.469632,
              46.675799
            ],
            [
              12.445627,
              46.678702
            ],
            [
              12.40501,
              46.690123
            ],
            [
              12.370387,
              46.711155
            ],
            [
              12.351473,
              46.743246
            ],
            [
              12.342688,
              46.765131
            ],
            [
              12.326048,
              46.772495
            ],
            [
              12.305274,
              46.774459
            ],
            [
              12.284397,
              46.779988
            ],
            [
              12.274785,
              46.784639
            ],
            [
              12.269101,
              46.788566
            ],
            [
              12.266724,
              46.795336
            ],
            [
              12.26693,
              46.808255
            ],
            [
              12.269618,
              46.819831
            ],
            [
              12.273338,
              46.826755
            ],
            [
              12.276129,
              46.83399
            ],
            [
              12.275819,
              46.846289
            ],
            [
              12.26662,
              46.868148
            ],
            [
              12.250807,
              46.875615
            ],
            [
              12.208743,
              46.876623
            ],
            [
              12.1951,
              46.880085
            ],
            [
              12.189002,
              46.884943
            ],
            [
              12.183525,
              46.891222
            ],
            [
              12.172156,
              46.89918
            ],
            [
              12.160994,
              46.90303
            ],
            [
              12.137429,
              46.905924
            ],
            [
              12.126887,
              46.908869
            ],
            [
              12.141563,
              46.918843
            ],
            [
              12.141667,
              46.927989
            ],
            [
              12.134742,
              46.937446
            ],
            [
              12.128231,
              46.948582
            ],
            [
              12.122133,
              46.971656
            ],
            [
              12.117792,
              46.983076
            ],
            [
              12.111178,
              46.992998
            ],
            [
              12.12172,
              47.010517
            ],
            [
              12.182284,
              47.033616
            ],
            [
              12.203575,
              47.053331
            ],
            [
              12.203897,
              47.067012
            ],
            [
              12.204195,
              47.079686
            ],
            [
              12.180631,
              47.085215
            ],
            [
              12.133146,
              47.078832
            ],
            [
              12.116242,
              47.076559
            ],
            [
              12.014956,
              47.040489
            ],
            [
              11.943643,
              47.038164
            ],
            [
              11.899511,
              47.027725
            ],
            [
              11.857033,
              47.012015
            ],
            [
              11.822513,
              46.993257
            ],
            [
              11.777141,
              46.988296
            ],
            [
              11.766082,
              46.983438
            ],
            [
              11.746445,
              46.972457
            ],
            [
              11.73487,
              46.970622
            ],
            [
              11.716163,
              46.97548
            ],
            [
              11.683814,
              46.991913
            ],
            [
              11.664797,
              46.993257
            ],
            [
              11.657252,
              46.992533
            ],
            [
              11.649707,
              46.992998
            ],
            [
              11.648467,
              46.993257
            ],
            [
              11.64795,
              46.993257
            ],
            [
              11.59648,
              47.00044
            ],
            [
              11.572709,
              46.998915
            ],
            [
              11.543667,
              46.993102
            ],
            [
              11.543564,
              46.993102
            ],
            [
              11.543357,
              46.992998
            ],
            [
              11.543254,
              46.992998
            ],
            [
              11.533849,
              46.989536
            ],
            [
              11.524443,
              46.988347
            ],
            [
              11.515348,
              46.989484
            ],
            [
              11.506977,
              46.992998
            ],
            [
              11.501706,
              46.997856
            ],
            [
              11.495918,
              47.001602
            ],
            [
              11.489407,
              47.004212
            ],
            [
              11.471837,
              47.00708
            ],
            [
              11.461812,
              47.005504
            ],
            [
              11.452923,
              47.000879
            ],
            [
              11.445275,
              46.993102
            ],
            [
              11.445172,
              46.992998
            ],
            [
              11.411169,
              46.970493
            ],
            [
              11.380576,
              46.971553
            ],
            [
              11.349467,
              46.98194
            ],
            [
              11.31381,
              46.987262
            ],
            [
              11.243737,
              46.979252
            ],
            [
              11.174491,
              46.963853
            ],
            [
              11.156611,
              46.956515
            ],
            [
              11.091912,
              46.912435
            ],
            [
              11.083643,
              46.900136
            ],
            [
              11.073101,
              46.86497
            ],
            [
              11.054291,
              46.834145
            ],
            [
              11.053464,
              46.830321
            ],
            [
              11.054601,
              46.819934
            ],
            [
              11.052844,
              46.814921
            ],
            [
              11.048503,
              46.811692
            ],
            [
              11.037445,
              46.808255
            ],
            [
              11.033311,
              46.805568
            ],
            [
              11.010883,
              46.779213
            ],
            [
              10.99693,
              46.76911
            ],
            [
              10.982668,
              46.767741
            ],
            [
              10.965718,
              46.771642
            ],
            [
              10.930888,
              46.773994
            ],
            [
              10.913731,
              46.77234
            ],
            [
              10.880348,
              46.764589
            ],
            [
              10.870426,
              46.764072
            ],
            [
              10.860195,
              46.766991
            ],
            [
              10.843141,
              46.777043
            ],
            [
              10.83415,
              46.780246
            ],
            [
              10.823918,
              46.78035
            ],
            [
              10.804901,
              46.776629
            ],
            [
              10.795082,
              46.776888
            ],
            [
              10.76635,
              46.788101
            ],
            [
              10.754775,
              46.790763
            ],
            [
              10.733691,
              46.786189
            ],
            [
              10.722942,
              46.786448
            ],
            [
              10.716947,
              46.795207
            ],
            [
              10.721598,
              46.800142
            ],
            [
              10.743819,
              46.812518
            ],
            [
              10.748677,
              46.819443
            ],
            [
              10.738962,
              46.829546
            ],
            [
              10.662481,
              46.860965
            ],
            [
              10.647081,
              46.863756
            ],
            [
              10.629408,
              46.862412
            ],
            [
              10.527708,
              46.843214
            ],
            [
              10.486264,
              46.846366
            ],
            [
              10.453811,
              46.864427
            ],
            [
              10.451434,
              46.88577
            ],
            [
              10.463836,
              46.919747
            ],
            [
              10.458462,
              46.936619
            ],
            [
              10.449574,
              46.943906
            ],
            [
              10.415571,
              46.962406
            ],
            [
              10.394693,
              46.985402
            ],
            [
              10.384358,
              46.992998
            ],
            [
              10.384358,
              46.993153
            ],
            [
              10.384255,
              46.993153
            ],
            [
              10.378984,
              46.995505
            ],
            [
              10.373403,
              46.996254
            ],
            [
              10.367925,
              46.995505
            ],
            [
              10.338883,
              46.98411
            ],
            [
              10.313665,
              46.964318
            ],
            [
              10.296198,
              46.941374
            ],
            [
              10.295681,
              46.922693
            ],
            [
              10.270773,
              46.921892
            ],
            [
              10.251343,
              46.92538
            ],
            [
              10.235116,
              46.923313
            ],
            [
              10.219924,
              46.905769
            ],
            [
              10.215169,
              46.893108
            ],
            [
              10.214342,
              46.884685
            ],
            [
              10.211655,
              46.877036
            ],
            [
              10.201423,
              46.86683
            ],
            [
              10.157808,
              46.851612
            ],
            [
              10.13197,
              46.846573
            ],
            [
              10.125188,
              46.846751
            ],
            [
              10.1113,
              46.847116
            ],
            [
              10.068098,
              46.856624
            ],
            [
              10.045567,
              46.865564
            ],
            [
              10.006913,
              46.890757
            ],
            [
              9.899943,
              46.914398
            ],
            [
              9.875138,
              46.927421
            ],
            [
              9.862426,
              46.939772
            ],
            [
              9.860772,
              46.949151
            ],
            [
              9.863976,
              46.959925
            ],
            [
              9.866457,
              46.983387
            ],
            [
              9.870591,
              46.992947
            ],
            [
              9.870591,
              46.998838
            ],
            [
              9.866767,
              47.001938
            ],
            [
              9.860566,
              47.001602
            ],
            [
              9.856328,
              47.004083
            ],
            [
              9.857982,
              47.015478
            ],
            [
              9.669053,
              47.056199
            ],
            [
              9.65231,
              47.05793
            ],
            [
              9.59991,
              47.053486
            ],
            [
              9.581203,
              47.05687
            ],
            [
              9.608798,
              47.080771
            ],
            [
              9.615723,
              47.106764
            ],
            [
              9.605594,
              47.132266
            ],
            [
              9.581823,
              47.154901
            ],
            [
              9.552057,
              47.16689
            ],
            [
              9.551954,
              47.175571
            ],
            [
              9.561876,
              47.190609
            ],
            [
              9.562909,
              47.19774
            ],
            [
              9.554331,
              47.211615
            ],
            [
              9.544823,
              47.220323
            ],
            [
              9.540378,
              47.229108
            ],
            [
              9.547096,
              47.243035
            ],
            [
              9.53025,
              47.253654
            ],
            [
              9.521155,
              47.262801
            ],
            [
              9.553298,
              47.299853
            ],
            [
              9.587404,
              47.32781
            ],
            [
              9.591228,
              47.334683
            ],
            [
              9.596396,
              47.352305
            ],
            [
              9.601047,
              47.36127
            ],
            [
              9.639804,
              47.394524
            ],
            [
              9.649519,
              47.409717
            ],
            [
              9.650346,
              47.452092
            ],
            [
              9.621717,
              47.469197
            ],
            [
              9.58451,
              47.480721
            ],
            [
              9.554951,
              47.5109
            ],
            [
              9.553059,
              47.516891
            ],
            [
              9.547482,
              47.534547
            ],
            [
              9.549887,
              47.533534
            ],
            [
              9.554144,
              47.532743
            ],
            [
              9.612622,
              47.521881
            ],
            [
              9.676701,
              47.52263
            ],
            [
              9.703986,
              47.531415
            ],
            [
              9.718455,
              47.546711
            ],
            [
              9.730858,
              47.564901
            ],
            [
              9.752665,
              47.582058
            ],
            [
              9.767135,
              47.587277
            ],
            [
              9.782121,
              47.588414
            ],
            [
              9.79628,
              47.584952
            ],
            [
              9.807959,
              47.576322
            ],
            [
              9.811266,
              47.564488
            ],
            [
              9.809303,
              47.552318
            ],
            [
              9.813127,
              47.54175
            ],
            [
              9.833487,
              47.534619
            ],
            [
              9.841549,
              47.535032
            ],
            [
              9.853848,
              47.540407
            ],
            [
              9.858912,
              47.541337
            ],
            [
              9.888988,
              47.533792
            ],
            [
              9.918753,
              47.53219
            ],
            [
              9.933843,
              47.534206
            ],
            [
              9.945935,
              47.540769
            ],
            [
              9.948726,
              47.524232
            ],
            [
              9.959164,
              47.514879
            ],
            [
              9.97167,
              47.506404
            ],
            [
              9.980765,
              47.492942
            ],
            [
              9.980765,
              47.489919
            ],
            [
              9.981075,
              47.48687
            ],
            [
              9.982625,
              47.481031
            ],
            [
              9.993581,
              47.476586
            ],
            [
              10.002366,
              47.47917
            ],
            [
              10.011254,
              47.484441
            ],
            [
              10.022623,
              47.487955
            ],
            [
              10.071819,
              47.439121
            ],
            [
              10.080604,
              47.42739
            ],
            [
              10.075953,
              47.416874
            ],
            [
              10.053215,
              47.40486
            ],
            [
              10.064171,
              47.396178
            ],
            [
              10.066858,
              47.385791
            ],
            [
              10.067788,
              47.375042
            ],
            [
              10.073162,
              47.365482
            ],
            [
              10.082878,
              47.359074
            ],
            [
              10.089596,
              47.359281
            ],
            [
              10.097244,
              47.363131
            ],
            [
              10.11037,
              47.367394
            ],
            [
              10.11533,
              47.366955
            ],
            [
              10.125666,
              47.362692
            ],
            [
              10.130833,
              47.362666
            ],
            [
              10.135071,
              47.364888
            ],
            [
              10.146956,
              47.373802
            ],
            [
              10.190881,
              47.379228
            ],
            [
              10.209278,
              47.372484
            ],
            [
              10.208555,
              47.354475
            ],
            [
              10.190468,
              47.317475
            ],
            [
              10.192742,
              47.310912
            ],
            [
              10.193259,
              47.304917
            ],
            [
              10.190778,
              47.298251
            ],
            [
              10.18592,
              47.294995
            ],
            [
              10.172691,
              47.292308
            ],
            [
              10.168661,
              47.290422
            ],
            [
              10.159462,
              47.279131
            ],
            [
              10.155431,
              47.272878
            ],
            [
              10.159876,
              47.271121
            ],
            [
              10.174951,
              47.272376
            ],
            [
              10.239354,
              47.277735
            ],
            [
              10.261161,
              47.283497
            ],
            [
              10.305913,
              47.302178
            ],
            [
              10.325447,
              47.314322
            ],
            [
              10.34343,
              47.330756
            ],
            [
              10.365651,
              47.361115
            ],
            [
              10.371646,
              47.367394
            ],
            [
              10.381981,
              47.372122
            ],
            [
              10.403065,
              47.377109
            ],
            [
              10.411643,
              47.381037
            ],
            [
              10.428283,
              47.396049
            ],
            [
              10.442856,
              47.41628
            ],
            [
              10.451951,
              47.438759
            ],
            [
              10.451744,
              47.460205
            ],
            [
              10.44761,
              47.472581
            ],
            [
              10.442236,
              47.481392
            ],
            [
              10.433657,
              47.487852
            ],
            [
              10.419601,
              47.493045
            ],
            [
              10.42973,
              47.532914
            ],
            [
              10.43097,
              47.542164
            ],
            [
              10.424356,
              47.553352
            ],
            [
              10.415674,
              47.564385
            ],
            [
              10.414227,
              47.573015
            ],
            [
              10.429213,
              47.57702
            ],
            [
              10.445956,
              47.579061
            ],
            [
              10.453604,
              47.581102
            ],
            [
              10.457118,
              47.579242
            ],
            [
              10.461563,
              47.569914
            ],
            [
              10.460322,
              47.565987
            ],
            [
              10.455465,
              47.561181
            ],
            [
              10.451744,
              47.554825
            ],
            [
              10.453501,
              47.546246
            ],
            [
              10.458772,
              47.541647
            ],
            [
              10.466937,
              47.53772
            ],
            [
              10.482543,
              47.532862
            ],
            [
              10.525125,
              47.52847
            ],
            [
              10.536907,
              47.529865
            ],
            [
              10.549619,
              47.536789
            ],
            [
              10.569876,
              47.555936
            ],
            [
              10.583726,
              47.562473
            ],
            [
              10.60791,
              47.562266
            ],
            [
              10.739892,
              47.52847
            ],
            [
              10.743923,
              47.525317
            ],
            [
              10.74723,
              47.52015
            ],
            [
              10.752191,
              47.515395
            ],
            [
              10.760769,
              47.513638
            ],
            [
              10.790328,
              47.516067
            ],
            [
              10.830636,
              47.528573
            ],
            [
              10.844795,
              47.531312
            ],
            [
              10.858644,
              47.530666
            ],
            [
              10.86929,
              47.526583
            ],
            [
              10.892234,
              47.514879
            ],
            [
              10.883862,
              47.508006
            ],
            [
              10.851616,
              47.493097
            ],
            [
              10.858438,
              47.485165
            ],
            [
              10.909907,
              47.46899
            ],
            [
              10.959827,
              47.432506
            ],
            [
              10.962824,
              47.427959
            ],
            [
              10.963134,
              47.421241
            ],
            [
              10.96086,
              47.414316
            ],
            [
              10.957656,
              47.409717
            ],
            [
              10.955279,
              47.409614
            ],
            [
              10.965511,
              47.396075
            ],
            [
              10.979464,
              47.390545
            ],
            [
              11.083747,
              47.389512
            ],
            [
              11.10328,
              47.393568
            ],
            [
              11.168599,
              47.424264
            ],
            [
              11.193818,
              47.428941
            ],
            [
              11.215212,
              47.422998
            ],
            [
              11.213041,
              47.395816
            ],
            [
              11.237019,
              47.393956
            ],
            [
              11.258827,
              47.400725
            ],
            [
              11.273089,
              47.411112
            ],
            [
              11.286318,
              47.423205
            ],
            [
              11.305645,
              47.4354
            ],
            [
              11.324249,
              47.439431
            ],
            [
              11.367657,
              47.440129
            ],
            [
              11.383884,
              47.444857
            ],
            [
              11.392462,
              47.454779
            ],
            [
              11.388638,
              47.46222
            ],
            [
              11.377786,
              47.467052
            ],
            [
              11.365487,
              47.469326
            ],
            [
              11.412616,
              47.506094
            ],
            [
              11.435353,
              47.509711
            ],
            [
              11.459951,
              47.507437
            ],
            [
              11.482585,
              47.50258
            ],
            [
              11.529508,
              47.507851
            ],
            [
              11.551212,
              47.51369
            ],
            [
              11.569402,
              47.527384
            ],
            [
              11.574466,
              47.536634
            ],
            [
              11.582321,
              47.559785
            ],
            [
              11.589142,
              47.570379
            ],
            [
              11.617048,
              47.586761
            ],
            [
              11.620458,
              47.589654
            ],
            [
              11.638958,
              47.589241
            ],
            [
              11.682573,
              47.58335
            ],
            [
              11.764015,
              47.583117
            ],
            [
              11.820343,
              47.575288
            ],
            [
              11.830678,
              47.577614
            ],
            [
              11.840703,
              47.594615
            ],
            [
              11.851969,
              47.599163
            ],
            [
              11.935891,
              47.610738
            ],
            [
              12.165645,
              47.603969
            ],
            [
              12.173603,
              47.60508
            ],
            [
              12.202128,
              47.629833
            ],
            [
              12.205745,
              47.636215
            ],
            [
              12.206779,
              47.645568
            ],
            [
              12.205125,
              47.672285
            ],
            [
              12.202335,
              47.677789
            ],
            [
              12.197271,
              47.680088
            ],
            [
              12.189106,
              47.685566
            ],
            [
              12.181768,
              47.692129
            ],
            [
              12.178564,
              47.697658
            ],
            [
              12.1766,
              47.705823
            ],
            [
              12.192413,
              47.710164
            ],
            [
              12.216494,
              47.723703
            ],
            [
              12.225176,
              47.727372
            ],
            [
              12.239749,
              47.731687
            ],
            [
              12.242229,
              47.732023
            ],
            [
              12.239128,
              47.72745
            ],
            [
              12.236545,
              47.716778
            ],
            [
              12.233031,
              47.708872
            ],
            [
              12.226623,
              47.702878
            ],
            [
              12.223315,
              47.695901
            ],
            [
              12.228793,
              47.684868
            ],
            [
              12.238715,
              47.6789
            ],
            [
              12.249567,
              47.680011
            ],
            [
              12.271891,
              47.687891
            ],
            [
              12.293699,
              47.69001
            ],
            [
              12.351473,
              47.68169
            ],
            [
              12.368423,
              47.683551
            ],
            [
              12.407697,
              47.693731
            ],
            [
              12.42413,
              47.69156
            ],
            [
              12.428781,
              47.685798
            ],
            [
              12.43922,
              47.664482
            ],
            [
              12.444697,
              47.656291
            ],
            [
              12.452759,
              47.649754
            ],
            [
              12.482524,
              47.633579
            ],
            [
              12.49658,
              47.628903
            ],
            [
              12.517148,
              47.628541
            ],
            [
              12.538232,
              47.631331
            ],
            [
              12.553838,
              47.636008
            ],
            [
              12.563375,
              47.641761
            ],
            [
              12.598383,
              47.66288
            ],
            [
              12.6174,
              47.669339
            ],
            [
              12.653057,
              47.675127
            ],
            [
              12.688713,
              47.675127
            ],
            [
              12.744834,
              47.66536
            ],
            [
              12.761991,
              47.666859
            ],
            [
              12.751655,
              47.649392
            ],
            [
              12.767365,
              47.63637
            ],
            [
              12.793307,
              47.624794
            ],
            [
              12.81315,
              47.611824
            ],
            [
              12.785865,
              47.602677
            ],
            [
              12.773669,
              47.5795
            ],
            [
              12.77894,
              47.554825
            ],
            [
              12.803642,
              47.541337
            ],
            [
              12.819041,
              47.539528
            ],
            [
              12.828446,
              47.537255
            ],
            [
              12.836921,
              47.532655
            ],
            [
              12.882603,
              47.498575
            ],
            [
              12.931593,
              47.473512
            ],
            [
              12.942548,
              47.470489
            ],
            [
              12.951023,
              47.472478
            ],
            [
              12.959291,
              47.475527
            ],
            [
              12.96973,
              47.475734
            ],
            [
              12.979342,
              47.472246
            ],
            [
              12.984923,
              47.468267
            ],
            [
              12.991124,
              47.465683
            ],
            [
              13.001873,
              47.466019
            ],
            [
              13.008797,
              47.470101
            ],
            [
              13.037323,
              47.493045
            ],
            [
              13.037013,
              47.501365
            ],
            [
              13.034429,
              47.507437
            ],
            [
              13.031225,
              47.512553
            ],
            [
              13.028951,
              47.518031
            ],
            [
              13.028124,
              47.524232
            ],
            [
              13.028124,
              47.541647
            ],
            [
              13.030605,
              47.544257
            ],
            [
              13.040113,
              47.560457
            ],
            [
              13.04125,
              47.561904
            ],
            [
              13.03908,
              47.561336
            ],
            [
              13.038253,
              47.584022
            ],
            [
              13.04094,
              47.58335
            ],
            [
              13.057063,
              47.597664
            ],
            [
              13.057683,
              47.600429
            ],
            [
              13.069569,
              47.620247
            ],
            [
              13.072049,
              47.622417
            ],
            [
              13.07422,
              47.63451
            ],
            [
              13.07484,
              47.646654
            ],
            [
              13.072049,
              47.659469
            ],
            [
              13.064091,
              47.67399
            ],
            [
              13.044557,
              47.696573
            ],
            [
              13.032258,
              47.706624
            ],
            [
              13.019856,
              47.712929
            ],
            [
              13.004353,
              47.714608
            ],
            [
              12.979032,
              47.707089
            ],
            [
              12.964045,
              47.705358
            ],
            [
              12.908338,
              47.71236
            ],
            [
              12.892009,
              47.723548
            ],
            [
              12.910612,
              47.742927
            ],
            [
              12.910819,
              47.743082
            ],
            [
              12.917227,
              47.750161
            ],
            [
              12.918984,
              47.756776
            ],
            [
              12.919294,
              47.763184
            ],
            [
              12.921257,
              47.76954
            ],
            [
              12.926735,
              47.777395
            ],
            [
              12.991227,
              47.847106
            ],
            [
              12.986576,
              47.850259
            ],
            [
              12.964976,
              47.871963
            ],
            [
              12.931076,
              47.924879
            ],
            [
              12.914229,
              47.93599
            ],
            [
              12.906168,
              47.93891
            ],
            [
              12.886014,
              47.952888
            ],
            [
              12.862036,
              47.962552
            ],
            [
              12.853975,
              47.970484
            ],
            [
              12.8486,
              47.980948
            ],
            [
              12.848246,
              47.982389
            ],
            [
              12.845603,
              47.993144
            ],
            [
              12.830617,
              48.015468
            ],
            [
              12.760234,
              48.064871
            ],
            [
              12.750932,
              48.074741
            ],
            [
              12.742043,
              48.086782
            ],
            [
              12.736979,
              48.099959
            ],
            [
              12.738943,
              48.113447
            ],
            [
              12.745041,
              48.12063
            ],
            [
              12.751449,
              48.122103
            ],
            [
              12.75796,
              48.121896
            ],
            [
              12.764058,
              48.123756
            ],
            [
              12.77832,
              48.138717
            ],
            [
              12.782351,
              48.142024
            ],
            [
              12.822142,
              48.160679
            ],
            [
              12.835164,
              48.170704
            ],
            [
              12.853458,
              48.18998
            ],
            [
              12.862553,
              48.196646
            ],
            [
              12.877642,
              48.202046
            ],
            [
              12.93304,
              48.209255
            ],
            [
              12.931696,
              48.211632
            ],
            [
              12.947199,
              48.220004
            ],
            [
              12.979445,
              48.232018
            ],
            [
              13.016652,
              48.255893
            ],
            [
              13.032775,
              48.263567
            ],
            [
              13.136438,
              48.291059
            ],
            [
              13.274207,
              48.307104
            ],
            [
              13.307797,
              48.319636
            ],
            [
              13.405569,
              48.376583
            ],
            [
              13.419522,
              48.392164
            ],
            [
              13.425206,
              48.413377
            ],
            [
              13.42717,
              48.418544
            ],
            [
              13.431717,
              48.423712
            ],
            [
              13.436161,
              48.430585
            ],
            [
              13.438228,
              48.440998
            ],
            [
              13.436368,
              48.469239
            ],
            [
              13.438228,
              48.478541
            ],
            [
              13.442983,
              48.487713
            ],
            [
              13.456418,
              48.506653
            ],
            [
              13.459209,
              48.516394
            ],
            [
              13.457039,
              48.525179
            ],
            [
              13.447737,
              48.534816
            ],
            [
              13.443706,
              48.552851
            ],
            [
              13.440709,
              48.557347
            ],
            [
              13.440089,
              48.560965
            ],
            [
              13.445566,
              48.567915
            ],
            [
              13.454558,
              48.573445
            ],
            [
              13.487218,
              48.581584
            ],
            [
              13.520704,
              48.584581
            ],
            [
              13.624367,
              48.565357
            ],
            [
              13.641834,
              48.559104
            ],
            [
              13.65806,
              48.551094
            ],
            [
              13.673356,
              48.535488
            ],
            [
              13.714336,
              48.523215
            ],
            [
              13.716506,
              48.521691
            ],
            [
              13.725394,
              48.548381
            ],
            [
              13.733869,
              48.559776
            ],
            [
              13.73728,
              48.559259
            ],
            [
              13.758054,
              48.561481
            ],
            [
              13.766012,
              48.563755
            ],
            [
              13.77428,
              48.569207
            ],
            [
              13.779034,
              48.573935
            ],
            [
              13.796191,
              48.598585
            ],
            [
              13.802392,
              48.611711
            ],
            [
              13.805493,
              48.626129
            ],
            [
              13.806216,
              48.642923
            ],
            [
              13.800945,
              48.675221
            ],
            [
              13.803529,
              48.687159
            ],
            [
              13.816862,
              48.695582
            ],
            [
              13.804356,
              48.699561
            ],
            [
              13.799395,
              48.70261
            ],
            [
              13.78875,
              48.716511
            ],
            [
              13.783582,
              48.71527
            ],
            [
              13.785856,
              48.724779
            ],
            [
              13.815725,
              48.76643
            ],
            [
              13.855929,
              48.759299
            ],
            [
              13.874946,
              48.752426
            ],
            [
              13.893136,
              48.743021
            ],
            [
              13.915047,
              48.73098
            ],
            [
              13.98233,
              48.706485
            ],
            [
              13.991115,
              48.700181
            ],
            [
              14.007754,
              48.683283
            ],
            [
              14.014162,
              48.675066
            ],
            [
              14.019227,
              48.671914
            ],
            [
              14.026151,
              48.670054
            ],
            [
              14.032146,
              48.667263
            ],
            [
              14.034729,
              48.661165
            ],
            [
              14.032869,
              48.654912
            ],
            [
              14.028322,
              48.653982
            ],
            [
              14.023464,
              48.654602
            ],
            [
              14.020467,
              48.653155
            ],
            [
              14.013749,
              48.643802
            ],
            [
              14.008064,
              48.642407
            ],
            [
              14.006204,
              48.639513
            ],
            [
              14.010855,
              48.62587
            ],
            [
              14.015196,
              48.620393
            ],
            [
              14.032456,
              48.60613
            ],
            [
              14.040827,
              48.601169
            ],
            [
              14.07483,
              48.591712
            ],
            [
              14.216527,
              48.58117
            ],
            [
              14.315746,
              48.557916
            ],
            [
              14.325358,
              48.558639
            ],
            [
              14.333213,
              48.560706
            ],
            [
              14.353366,
              48.571429
            ],
            [
              14.405353,
              48.586286
            ],
            [
              14.421166,
              48.597061
            ],
            [
              14.443593,
              48.636516
            ],
            [
              14.458166,
              48.643182
            ],
            [
              14.482144,
              48.624475
            ],
            [
              14.522038,
              48.610626
            ],
            [
              14.53382,
              48.608714
            ],
            [
              14.548807,
              48.610936
            ],
            [
              14.578779,
              48.620496
            ],
            [
              14.594179,
              48.621323
            ],
            [
              14.600586,
              48.617576
            ],
            [
              14.601827,
              48.611194
            ],
            [
              14.60193,
              48.604528
            ],
            [
              14.605134,
              48.600316
            ],
            [
              14.612885,
              48.599748
            ],
            [
              14.628182,
              48.603288
            ],
            [
              14.634693,
              48.602332
            ],
            [
              14.645442,
              48.592901
            ],
            [
              14.651333,
              48.583496
            ],
            [
              14.659187,
              48.576959
            ],
            [
              14.675621,
              48.576235
            ],
            [
              14.69114,
              48.586535
            ],
            [
              14.695671,
              48.589542
            ],
            [
              14.700735,
              48.615535
            ],
            [
              14.700219,
              48.646102
            ],
            [
              14.703836,
              48.673103
            ],
            [
              14.722749,
              48.693411
            ],
            [
              14.775356,
              48.724004
            ],
            [
              14.78042,
              48.743124
            ],
            [
              14.790446,
              48.754855
            ],
            [
              14.794476,
              48.766999
            ],
            [
              14.800367,
              48.776507
            ],
            [
              14.815457,
              48.780331
            ],
            [
              14.86765,
              48.775577
            ],
            [
              14.919327,
              48.761573
            ],
            [
              14.939584,
              48.762813
            ],
            [
              14.951056,
              48.780331
            ],
            [
              14.948886,
              48.78214
            ],
            [
              14.944441,
              48.788599
            ],
            [
              14.940101,
              48.796506
            ],
            [
              14.938137,
              48.80281
            ],
            [
              14.93979,
              48.809787
            ],
            [
              14.947025,
              48.822396
            ],
            [
              14.968213,
              48.885028
            ],
            [
              14.968316,
              48.912674
            ],
            [
              14.964182,
              48.943267
            ],
            [
              14.964595,
              48.971741
            ],
            [
              14.978238,
              48.992825
            ],
            [
              14.977308,
              48.998251
            ],
            [
              14.977308,
              49.002902
            ],
            [
              14.978858,
              49.00626
            ],
            [
              14.982062,
              49.007914
            ],
            [
              15.003973,
              49.009774
            ],
            [
              15.059576,
              48.997217
            ],
            [
              15.137401,
              48.993031
            ],
            [
              15.144739,
              48.978924
            ],
            [
              15.148977,
              48.965333
            ],
            [
              15.148563,
              48.951742
            ],
            [
              15.141949,
              48.937479
            ],
            [
              15.161792,
              48.937221
            ],
            [
              15.238067,
              48.95076
            ],
            [
              15.243234,
              48.95293
            ],
            [
              15.257084,
              48.963886
            ],
            [
              15.260391,
              48.969157
            ],
            [
              15.262872,
              48.982593
            ],
            [
              15.266902,
              48.986675
            ],
            [
              15.27455,
              48.986727
            ],
            [
              15.279615,
              48.982593
            ],
            [
              15.283749,
              48.977632
            ],
            [
              15.28871,
              48.975358
            ],
            [
              15.335529,
              48.974996
            ],
            [
              15.357853,
              48.97081
            ],
            [
              15.405912,
              48.954687
            ],
            [
              15.450354,
              48.944817
            ],
            [
              15.471851,
              48.936704
            ],
            [
              15.521254,
              48.908489
            ],
            [
              15.544187,
              48.902612
            ],
            [
              15.603729,
              48.887353
            ],
            [
              15.681347,
              48.858466
            ],
            [
              15.703775,
              48.854952
            ],
            [
              15.726823,
              48.854952
            ],
            [
              15.743669,
              48.858466
            ],
            [
              15.779222,
              48.870868
            ],
            [
              15.787904,
              48.872263
            ],
            [
              15.818497,
              48.872315
            ],
            [
              15.824284,
              48.869421
            ],
            [
              15.828315,
              48.857122
            ],
            [
              15.833276,
              48.852006
            ],
            [
              15.840097,
              48.850094
            ],
            [
              15.859218,
              48.849164
            ],
            [
              15.870173,
              48.843893
            ],
            [
              15.877614,
              48.841671
            ],
            [
              15.885986,
              48.842033
            ],
            [
              15.875754,
              48.833093
            ],
            [
              15.888363,
              48.835056
            ],
            [
              15.899629,
              48.834746
            ],
            [
              15.90707,
              48.830251
            ],
            [
              15.908103,
              48.819709
            ],
            [
              15.925053,
              48.822602
            ],
            [
              15.930324,
              48.818313
            ],
            [
              15.930324,
              48.811389
            ],
            [
              15.931771,
              48.806428
            ],
            [
              16.032334,
              48.758059
            ],
            [
              16.085354,
              48.742866
            ],
            [
              16.177751,
              48.746535
            ],
            [
              16.317588,
              48.73284
            ],
            [
              16.318724,
              48.733512
            ],
            [
              16.339498,
              48.735579
            ],
            [
              16.352727,
              48.728448
            ],
            [
              16.358309,
              48.727259
            ],
            [
              16.374018,
              48.730308
            ],
            [
              16.384974,
              48.737078
            ],
            [
              16.43572,
              48.794542
            ],
            [
              16.453083,
              48.80219
            ],
            [
              16.481919,
              48.7994
            ],
            [
              16.492254,
              48.79971
            ],
            [
              16.510341,
              48.804774
            ],
            [
              16.519539,
              48.805601
            ],
            [
              16.528737,
              48.803534
            ],
            [
              16.545791,
              48.796299
            ],
            [
              16.605529,
              48.784827
            ],
            [
              16.624029,
              48.78338
            ],
            [
              16.643149,
              48.778264
            ],
            [
              16.651004,
              48.766223
            ],
            [
              16.654725,
              48.751857
            ],
            [
              16.661959,
              48.740023
            ],
            [
              16.675085,
              48.733926
            ],
            [
              16.691001,
              48.732065
            ],
            [
              16.729035,
              48.733099
            ],
            [
              16.744332,
              48.729637
            ],
            [
              16.780505,
              48.713772
            ],
            [
              16.798902,
              48.709224
            ],
            [
              16.818125,
              48.710775
            ],
            [
              16.856573,
              48.719818
            ],
            [
              16.873006,
              48.718991
            ],
            [
              16.896674,
              48.696977
            ],
            [
              16.910523,
              48.63078
            ],
            [
              16.945043,
              48.604166
            ]
          ]
        ]
      }
    },
    {
      "type": "Feature",
      "properties": {
        "ADM0_ISO": "CHE",
        "featurecla": "Admin-0 country",
        "scalerank": 0,
        "LABELRANK": 4,
        "SOVEREIGNT": "Switzerland",
        "SOV_A3": "CHE",
        "ADM0_DIF": 0,
        "LEVEL": 2,
        "TYPE": "Sovereign country",
        "TLC": "1",
        "ADMIN": "Switzerland",
        "ADM0_A3": "CHE",
        "GEOU_DIF": 0,
        "GEOUNIT": "Switzerland",
        "GU_A3": "CHE",
        "SU_DIF": 0,
        "SUBUNIT": "Switzerland",
        "SU_A3": "CHE",
        "BRK_DIFF": 0,
        "NAME": "Switzerland",
        "NAME_LONG": "Switzerland",
        "BRK_A3": "CHE",
        "BRK_NAME": "Switzerland",
        "BRK_GROUP": null,
        "ABBREV": "Switz.",
        "POSTAL": "CH",
        "FORMAL_EN": "Swiss Confederation",
        "FORMAL_FR": null,
        "NAME_CIAWF": "Switzerland",
        "NOTE_ADM0": null,
        "NOTE_BRK": null,
        "NAME_SORT": "Switzerland",
        "NAME_ALT": null,
        "MAPCOLOR7": 5,
        "MAPCOLOR8": 2,
        "MAPCOLOR9": 7,
        "MAPCOLOR13": 3,
        "POP_EST": 8574832,
        "POP_RANK": 13,
        "POP_YEAR": 2019,
        "GDP_MD": 703082,
        "GDP_YEAR": 2019,
        "ECONOMY": "2. Developed region: nonG7",
        "INCOME_GRP": "1. High income: OECD",
        "FIPS_10": "SZ",
        "ISO_A2": "CH",
        "ISO_A2_EH": "CH",
        "ISO_A3": "CHE",
        "ISO_A3_EH": "CHE",
        "ISO_N3": "756",
        "ISO_N3_EH": "756",
        "UN_A3": "756",
        "WB_A2": "CH",
        "WB_A3": "CHE",
        "WOE_ID": 23424957,
        "WOE_ID_EH": 23424957,
        "WOE_NOTE": "Exact WOE match as country",
        "ADM0_DIFF": null,
        "ADM0_TLC": "CHE",
        "ADM0_A3_US": "CHE",
        "ADM0_A3_FR": "CHE",
        "ADM0_A3_RU": "CHE",
        "ADM0_A3_ES": "CHE",
        "ADM0_A3_CN": "CHE",
        "ADM0_A3_TW": "CHE",
        "ADM0_A3_IN": "CHE",
        "ADM0_A3_NP": "CHE",
        "ADM0_A3_PK": "CHE",
        "ADM0_A3_DE": "CHE",
        "ADM0_A3_GB": "CHE",
        "ADM0_A3_BR": "CHE",
        "ADM0_A3_IL": "CHE",
        "ADM0_A3_PS": "CHE",
        "ADM0_A3_SA": "CHE",
        "ADM0_A3_EG": "CHE",
        "ADM0_A3_MA": "CHE",
        "ADM0_A3_PT": "CHE",
        "ADM0_A3_AR": "CHE",
        "ADM0_A3_JP": "CHE",
        "ADM0_A3_KO": "CHE",
        "ADM0_A3_VN": "CHE",
        "ADM0_A3_TR": "CHE",
        "ADM0_A3_ID": "CHE",
        "ADM0_A3_PL": "CHE",
        "ADM0_A3_GR": "CHE",
        "ADM0_A3_IT": "CHE",
        "ADM0_A3_NL": "CHE",
        "ADM0_A3_SE": "CHE",
        "ADM0_A3_BD": "CHE",
        "ADM0_A3_UA": "CHE",
        "ADM0_A3_UN": -99,
        "ADM0_A3_WB": -99,
        "CONTINENT": "Europe",
        "REGION_UN": "Europe",
        "SUBREGION": "Western Europe",
        "REGION_WB": "Europe & Central Asia",
        "NAME_LEN": 11,
        "LONG_LEN": 11,
        "ABBREV_LEN": 6,
        "TINY": -99,
        "HOMEPART": 1,
        "MIN_ZOOM": 0,
        "MIN_LABEL": 4,
        "MAX_LABEL": 9,
        "LABEL_X": 7.463965,
        "LABEL_Y": 46.719114,
        "NE_ID": 1159320491,
        "WIKIDATAID": "Q39",
        "NAME_AR": "سويسرا",
        "NAME_BN": "সুইজারল্যান্ড",
        "NAME_DE": "Schweiz",
        "NAME_EN": "Switzerland",
        "NAME_ES": "Suiza",
        "NAME_FA": "سوئیس",
        "NAME_FR": "Suisse",
        "NAME_EL": "Ελβετία",
        "NAME_HE": "שווייץ",
        "NAME_HI": "स्विट्ज़रलैण्ड",
        "NAME_HU": "Svájc",
        "NAME_ID": "Swiss",
        "NAME_IT": "Svizzera",
        "NAME_JA": "スイス",
        "NAME_KO": "스위스",
        "NAME_NL": "Zwitserland",
        "NAME_PL": "Szwajcaria",
        "NAME_PT": "Suíça",
        "NAME_RU": "Швейцария",
        "NAME_SV": "Schweiz",
        "NAME_TR": "İsviçre",
        "NAME_UK": "Швейцарія",
        "NAME_UR": "سویٹزرلینڈ",
        "NAME_VI": "Thụy Sĩ",
        "NAME_ZH": "瑞士",
        "NAME_ZHT": "瑞士",
        "FCLASS_ISO": "Admin-0 country",
        "TLC_DIFF": null,
        "FCLASS_TLC": "Admin-0 country",
        "FCLASS_US": null,
        "FCLASS_FR": null,
        "FCLASS_RU": null,
        "FCLASS_ES": null,
        "FCLASS_CN": null,
        "FCLASS_TW": null,
        "FCLASS_IN": null,
        "FCLASS_NP": null,
        "FCLASS_PK": null,
        "FCLASS_DE": null,
        "FCLASS_GB": null,
        "FCLASS_BR": null,
        "FCLASS_IL": null,
        "FCLASS_PS": null,
        "FCLASS_SA": null,
        "FCLASS_EG": null,
        "FCLASS_MA": null,
        "FCLASS_PT": null,
        "FCLASS_AR": null,
        "FCLASS_JP": null,
        "FCLASS_KO": null,
        "FCLASS_VN": null,
        "FCLASS_TR": null,
        "FCLASS_ID": null,
        "FCLASS_PL": null,
        "FCLASS_GR": null,
        "FCLASS_IT": null,
        "FCLASS_NL": null,
        "FCLASS_SE": null,
        "FCLASS_BD": null,
        "FCLASS_UA": null
      },
      "bbox": [
        5.954809,
        45.820718,
        10.466627,
        47.801166
      ],
      "geometry": {
        "type": "Polygon",
        "coordinates": [
          [
            [
              10.453811,
              46.864427
            ],
            [
              10.44854,
              46.832233
            ],
            [
              10.444923,
              46.823241
            ],
            [
              10.439032,
              46.816885
            ],
            [
              10.417224,
              46.79885
            ],
            [
              10.419085,
              46.783967
            ],
            [
              10.426216,
              46.76942
            ],
            [
              10.428696,
              46.755648
            ],
            [
              10.416604,
              46.743014
            ],
            [
              10.399654,
              46.735546
            ],
            [
              10.395623,
              46.7264
            ],
            [
              10.396554,
              46.715005
            ],
            [
              10.394383,
              46.70082
            ],
            [
              10.384771,
              46.689012
            ],
            [
              10.373919,
              46.681906
            ],
            [
              10.369165,
              46.672398
            ],
            [
              10.377537,
              46.653277
            ],
            [
              10.395623,
              46.638808
            ],
            [
              10.438205,
              46.635656
            ],
            [
              10.459082,
              46.623564
            ],
            [
              10.466627,
              46.604288
            ],
            [
              10.465903,
              46.578476
            ],
            [
              10.457945,
              46.553697
            ],
            [
              10.451833,
              46.546702
            ],
            [
              10.443993,
              46.537729
            ],
            [
              10.425906,
              46.535326
            ],
            [
              10.354282,
              46.548323
            ],
            [
              10.319452,
              46.546049
            ],
            [
              10.306637,
              46.547496
            ],
            [
              10.295371,
              46.551087
            ],
            [
              10.289067,
              46.555687
            ],
            [
              10.283796,
              46.560725
            ],
            [
              10.275941,
              46.565531
            ],
            [
              10.234703,
              46.575298
            ],
            [
              10.230259,
              46.58615
            ],
            [
              10.235737,
              46.606691
            ],
            [
              10.233773,
              46.617982
            ],
            [
              10.217856,
              46.626974
            ],
            [
              10.192122,
              46.626819
            ],
            [
              10.09745,
              46.608035
            ],
            [
              10.087839,
              46.604392
            ],
            [
              10.083498,
              46.597002
            ],
            [
              10.071199,
              46.564394
            ],
            [
              10.062931,
              46.556746
            ],
            [
              10.04133,
              46.541863
            ],
            [
              10.032752,
              46.532975
            ],
            [
              10.031408,
              46.525792
            ],
            [
              10.031201,
              46.503829
            ],
            [
              10.02686,
              46.493184
            ],
            [
              10.028101,
              46.483934
            ],
            [
              10.030478,
              46.476673
            ],
            [
              10.035335,
              46.471066
            ],
            [
              10.044017,
              46.466984
            ],
            [
              10.026344,
              46.446262
            ],
            [
              10.042053,
              46.432722
            ],
            [
              10.071405,
              46.424816
            ],
            [
              10.116157,
              46.418822
            ],
            [
              10.133417,
              46.414016
            ],
            [
              10.140755,
              46.402905
            ],
            [
              10.13321,
              46.381098
            ],
            [
              10.125976,
              46.37438
            ],
            [
              10.104995,
              46.361357
            ],
            [
              10.09745,
              46.351642
            ],
            [
              10.092386,
              46.338103
            ],
            [
              10.091766,
              46.328956
            ],
            [
              10.095797,
              46.320533
            ],
            [
              10.104892,
              46.309371
            ],
            [
              10.14613,
              46.280277
            ],
            [
              10.158945,
              46.262449
            ],
            [
              10.14582,
              46.243328
            ],
            [
              10.117914,
              46.231133
            ],
            [
              10.075746,
              46.220022
            ],
            [
              10.042673,
              46.220487
            ],
            [
              10.041847,
              46.24307
            ],
            [
              10.031718,
              46.260072
            ],
            [
              9.992237,
              46.284359
            ],
            [
              9.977561,
              46.298105
            ],
            [
              9.97105,
              46.320016
            ],
            [
              9.970636,
              46.339808
            ],
            [
              9.964022,
              46.356086
            ],
            [
              9.93901,
              46.367455
            ],
            [
              9.918443,
              46.37115
            ],
            [
              9.899013,
              46.372158
            ],
            [
              9.855398,
              46.366964
            ],
            [
              9.788839,
              46.343296
            ],
            [
              9.768065,
              46.33862
            ],
            [
              9.755249,
              46.340532
            ],
            [
              9.730858,
              46.350712
            ],
            [
              9.720109,
              46.350893
            ],
            [
              9.709257,
              46.342392
            ],
            [
              9.707293,
              46.330972
            ],
            [
              9.708844,
              46.319629
            ],
            [
              9.70843,
              46.311748
            ],
            [
              9.693134,
              46.297072
            ],
            [
              9.674324,
              46.291801
            ],
            [
              9.559705,
              46.292731
            ],
            [
              9.536451,
              46.298622
            ],
            [
              9.515264,
              46.308596
            ],
            [
              9.502551,
              46.32074
            ],
            [
              9.482604,
              46.35681
            ],
            [
              9.473716,
              46.361874
            ],
            [
              9.451598,
              46.370375
            ],
            [
              9.444364,
              46.375284
            ],
            [
              9.4424,
              46.380891
            ],
            [
              9.443847,
              46.396136
            ],
            [
              9.437852,
              46.492047
            ],
            [
              9.434648,
              46.498326
            ],
            [
              9.426794,
              46.497111
            ],
            [
              9.410671,
              46.488895
            ],
            [
              9.403849,
              46.482513
            ],
            [
              9.400335,
              46.475407
            ],
            [
              9.395478,
              46.469413
            ],
            [
              9.384626,
              46.466416
            ],
            [
              9.377081,
              46.468689
            ],
            [
              9.351553,
              46.485484
            ],
            [
              9.350829,
              46.497861
            ],
            [
              9.330986,
              46.501504
            ],
            [
              9.282306,
              46.49737
            ],
            [
              9.263186,
              46.485122
            ],
            [
              9.245823,
              46.461041
            ],
            [
              9.237968,
              46.436547
            ],
            [
              9.24758,
              46.423033
            ],
            [
              9.260912,
              46.416651
            ],
            [
              9.262876,
              46.406626
            ],
            [
              9.260292,
              46.394017
            ],
            [
              9.260396,
              46.379728
            ],
            [
              9.273831,
              46.344252
            ],
            [
              9.275175,
              46.331385
            ],
            [
              9.268974,
              46.309371
            ],
            [
              9.239725,
              46.266996
            ],
            [
              9.224842,
              46.231184
            ],
            [
              9.215747,
              46.221056
            ],
            [
              9.204172,
              46.213563
            ],
            [
              9.192183,
              46.209635
            ],
            [
              9.181331,
              46.204054
            ],
            [
              9.17575,
              46.194132
            ],
            [
              9.171099,
              46.182609
            ],
            [
              9.163788,
              46.172989
            ],
            [
              9.163244,
              46.172273
            ],
            [
              9.090587,
              46.138167
            ],
            [
              9.072087,
              46.118892
            ],
            [
              9.068159,
              46.105972
            ],
            [
              9.07033,
              46.083441
            ],
            [
              9.067126,
              46.071142
            ],
            [
              9.059168,
              46.061789
            ],
            [
              9.049659,
              46.057913
            ],
            [
              9.027748,
              46.053107
            ],
            [
              9.002117,
              46.03931
            ],
            [
              8.997776,
              46.027941
            ],
            [
              9.015553,
              45.993111
            ],
            [
              8.982686,
              45.971975
            ],
            [
              8.980516,
              45.969495
            ],
            [
              8.979793,
              45.966911
            ],
            [
              8.980516,
              45.964379
            ],
            [
              8.982686,
              45.961847
            ],
            [
              8.993435,
              45.95425
            ],
            [
              9.001703,
              45.93606
            ],
            [
              9.010798,
              45.926655
            ],
            [
              9.020514,
              45.922779
            ],
            [
              9.042321,
              45.919731
            ],
            [
              9.051726,
              45.915545
            ],
            [
              9.063095,
              45.898957
            ],
            [
              9.059271,
              45.881955
            ],
            [
              9.034363,
              45.848107
            ],
            [
              9.002427,
              45.820718
            ],
            [
              8.972351,
              45.824646
            ],
            [
              8.939588,
              45.834826
            ],
            [
              8.900004,
              45.826403
            ],
            [
              8.903725,
              45.841802
            ],
            [
              8.909719,
              45.853688
            ],
            [
              8.91375,
              45.86609
            ],
            [
              8.912096,
              45.883402
            ],
            [
              8.906515,
              45.896476
            ],
            [
              8.898144,
              45.90955
            ],
            [
              8.88078,
              45.931099
            ],
            [
              8.870962,
              45.947067
            ],
            [
              8.864451,
              45.953424
            ],
            [
              8.857733,
              45.957093
            ],
            [
              8.800372,
              45.978538
            ],
            [
              8.785076,
              45.982311
            ],
            [
              8.767919,
              45.983086
            ],
            [
              8.769573,
              45.985773
            ],
            [
              8.773397,
              45.990579
            ],
            [
              8.790967,
              46.018691
            ],
            [
              8.819596,
              46.042927
            ],
            [
              8.834375,
              46.066388
            ],
            [
              8.80895,
              46.089746
            ],
            [
              8.793861,
              46.093415
            ],
            [
              8.763165,
              46.092898
            ],
            [
              8.747145,
              46.094449
            ],
            [
              8.739497,
              46.098066
            ],
            [
              8.732159,
              46.107419
            ],
            [
              8.728983,
              46.108233
            ],
            [
              8.723891,
              46.109538
            ],
            [
              8.71769,
              46.107523
            ],
            [
              8.702187,
              46.097963
            ],
            [
              8.695055,
              46.095172
            ],
            [
              8.677485,
              46.095792
            ],
            [
              8.630873,
              46.114706
            ],
            [
              8.611546,
              46.119357
            ],
            [
              8.601831,
              46.122819
            ],
            [
              8.538682,
              46.187621
            ],
            [
              8.51026,
              46.207878
            ],
            [
              8.482665,
              46.217542
            ],
            [
              8.456517,
              46.224828
            ],
            [
              8.43812,
              46.23537
            ],
            [
              8.427165,
              46.251442
            ],
            [
              8.423237,
              46.275833
            ],
            [
              8.426648,
              46.301568
            ],
            [
              8.442874,
              46.353373
            ],
            [
              8.446285,
              46.382183
            ],
            [
              8.445768,
              46.412362
            ],
            [
              8.441634,
              46.434945
            ],
            [
              8.427888,
              46.44869
            ],
            [
              8.399156,
              46.452179
            ],
            [
              8.385907,
              46.450206
            ],
            [
              8.343449,
              46.443885
            ],
            [
              8.316267,
              46.433653
            ],
            [
              8.294976,
              46.418046
            ],
            [
              8.286605,
              46.40536
            ],
            [
              8.290429,
              46.401122
            ],
            [
              8.297043,
              46.397634
            ],
            [
              8.297457,
              46.387506
            ],
            [
              8.291462,
              46.378359
            ],
            [
              8.281541,
              46.370116
            ],
            [
              8.270068,
              46.364044
            ],
            [
              8.24175,
              46.354123
            ],
            [
              8.192554,
              46.309164
            ],
            [
              8.171883,
              46.299191
            ],
            [
              8.128475,
              46.292473
            ],
            [
              8.106874,
              46.285548
            ],
            [
              8.087341,
              46.271802
            ],
            [
              8.077315,
              46.262035
            ],
            [
              8.073078,
              46.253612
            ],
            [
              8.076592,
              46.249736
            ],
            [
              8.09995,
              46.235629
            ],
            [
              8.129509,
              46.196044
            ],
            [
              8.132299,
              46.159354
            ],
            [
              8.110595,
              46.126953
            ],
            [
              8.066877,
              46.100598
            ],
            [
              8.056025,
              46.098066
            ],
            [
              8.035354,
              46.096516
            ],
            [
              8.025329,
              46.091141
            ],
            [
              8.018197,
              46.080858
            ],
            [
              8.016027,
              46.069385
            ],
            [
              8.015924,
              46.058172
            ],
            [
              8.010653,
              46.029698
            ],
            [
              8.008792,
              46.027683
            ],
            [
              7.999077,
              46.0128
            ],
            [
              7.998354,
              46.010629
            ],
            [
              7.985848,
              45.999312
            ],
            [
              7.978717,
              45.995178
            ],
            [
              7.969105,
              45.993111
            ],
            [
              7.898205,
              45.981949
            ],
            [
              7.883782,
              45.973869
            ],
            [
              7.872917,
              45.959383
            ],
            [
              7.870201,
              45.94037
            ],
            [
              7.84962,
              45.939712
            ],
            [
              7.848389,
              45.938076
            ],
            [
              7.845288,
              45.927792
            ],
            [
              7.846115,
              45.922573
            ],
            [
              7.843738,
              45.919214
            ],
            [
              7.831232,
              45.91446
            ],
            [
              7.825444,
              45.914666
            ],
            [
              7.807564,
              45.91849
            ],
            [
              7.780072,
              45.918129
            ],
            [
              7.732013,
              45.930376
            ],
            [
              7.722195,
              45.929601
            ],
            [
              7.71465,
              45.92712
            ],
            [
              7.706279,
              45.925725
            ],
            [
              7.69398,
              45.928671
            ],
            [
              7.692533,
              45.931203
            ],
            [
              7.673722,
              45.950323
            ],
            [
              7.658736,
              45.960038
            ],
            [
              7.643027,
              45.966343
            ],
            [
              7.541121,
              45.984119
            ],
            [
              7.524377,
              45.978073
            ],
            [
              7.514662,
              45.966704
            ],
            [
              7.503707,
              45.956731
            ],
            [
              7.482726,
              45.954871
            ],
            [
              7.452961,
              45.945879
            ],
            [
              7.393843,
              45.9157
            ],
            [
              7.361803,
              45.907845
            ],
            [
              7.286666,
              45.913426
            ],
            [
              7.27354,
              45.910274
            ],
            [
              7.245428,
              45.89813
            ],
            [
              7.183726,
              45.880456
            ],
            [
              7.153547,
              45.876529
            ],
            [
              7.120888,
              45.876116
            ],
            [
              7.090192,
              45.880508
            ],
            [
              7.066938,
              45.890223
            ],
            [
              7.022083,
              45.92526
            ],
            [
              7.015158,
              45.933321
            ],
            [
              7.009784,
              45.943398
            ],
            [
              7.002756,
              45.961692
            ],
            [
              6.991283,
              45.982466
            ],
            [
              6.987666,
              45.993111
            ],
            [
              6.982808,
              45.995385
            ],
            [
              6.915112,
              46.048612
            ],
            [
              6.892375,
              46.055588
            ],
            [
              6.884003,
              46.053211
            ],
            [
              6.876872,
              46.048095
            ],
            [
              6.869224,
              46.044064
            ],
            [
              6.859715,
              46.044994
            ],
            [
              6.85093,
              46.049645
            ],
            [
              6.85031,
              46.052746
            ],
            [
              6.852377,
              46.056931
            ],
            [
              6.851964,
              46.064683
            ],
            [
              6.853411,
              46.065665
            ],
            [
              6.853101,
              46.076103
            ],
            [
              6.851344,
              46.086025
            ],
            [
              6.848553,
              46.085043
            ],
            [
              6.853101,
              46.090211
            ],
            [
              6.861162,
              46.097032
            ],
            [
              6.86819,
              46.10468
            ],
            [
              6.869224,
              46.112329
            ],
            [
              6.853927,
              46.122612
            ],
            [
              6.774346,
              46.134808
            ],
            [
              6.765664,
              46.151603
            ],
            [
              6.774863,
              46.185864
            ],
            [
              6.792226,
              46.221676
            ],
            [
              6.827676,
              46.269477
            ],
            [
              6.804938,
              46.296607
            ],
            [
              6.769488,
              46.322678
            ],
            [
              6.750368,
              46.345518
            ],
            [
              6.755742,
              46.357068
            ],
            [
              6.782097,
              46.378462
            ],
            [
              6.789229,
              46.395205
            ],
            [
              6.788107,
              46.405008
            ],
            [
              6.787058,
              46.414171
            ],
            [
              6.777716,
              46.424106
            ],
            [
              6.762667,
              46.42926
            ],
            [
              6.613684,
              46.455899
            ],
            [
              6.547021,
              46.457372
            ],
            [
              6.482942,
              46.448587
            ],
            [
              6.397676,
              46.408176
            ],
            [
              6.365223,
              46.40244
            ],
            [
              6.332357,
              46.401381
            ],
            [
              6.301558,
              46.394482
            ],
            [
              6.269105,
              46.375026
            ],
            [
              6.24058,
              46.348955
            ],
            [
              6.219496,
              46.329111
            ],
            [
              6.214122,
              46.315469
            ],
            [
              6.218256,
              46.305495
            ],
            [
              6.227454,
              46.288494
            ],
            [
              6.227971,
              46.284463
            ],
            [
              6.237583,
              46.267926
            ],
            [
              6.24182,
              46.263689
            ],
            [
              6.252259,
              46.259916
            ],
            [
              6.269002,
              46.265239
            ],
            [
              6.27603,
              46.26312
            ],
            [
              6.281198,
              46.240073
            ],
            [
              6.255359,
              46.221107
            ],
            [
              6.191384,
              46.191704
            ],
            [
              6.140328,
              46.150207
            ],
            [
              6.107875,
              46.138632
            ],
            [
              6.073872,
              46.149174
            ],
            [
              6.028293,
              46.147934
            ],
            [
              5.982921,
              46.140441
            ],
            [
              5.95884,
              46.130467
            ],
            [
              5.972172,
              46.152171
            ],
            [
              5.979821,
              46.162248
            ],
            [
              5.982921,
              46.170826
            ],
            [
              5.965248,
              46.186226
            ],
            [
              5.954809,
              46.19992
            ],
            [
              5.95853,
              46.211961
            ],
            [
              5.982921,
              46.222709
            ],
            [
              6.042866,
              46.24307
            ],
            [
              6.044519,
              46.243432
            ],
            [
              6.046173,
              46.243535
            ],
            [
              6.048033,
              46.243432
            ],
            [
              6.055888,
              46.241675
            ],
            [
              6.061883,
              46.241158
            ],
            [
              6.067671,
              46.241623
            ],
            [
              6.089685,
              46.246377
            ],
            [
              6.094026,
              46.253044
            ],
            [
              6.093095,
              46.262294
            ],
            [
              6.093612,
              46.273094
            ],
            [
              6.100743,
              46.301413
            ],
            [
              6.104051,
              46.309216
            ],
            [
              6.118607,
              46.331771
            ],
            [
              6.1364,
              46.359342
            ],
            [
              6.135057,
              46.370401
            ],
            [
              6.122861,
              46.385542
            ],
            [
              6.108185,
              46.396497
            ],
            [
              6.059019,
              46.417383
            ],
            [
              6.054235,
              46.419416
            ],
            [
              6.065707,
              46.427012
            ],
            [
              6.067567,
              46.433601
            ],
            [
              6.0655,
              46.440371
            ],
            [
              6.0655,
              46.447993
            ],
            [
              6.064777,
              46.451068
            ],
            [
              6.0624,
              46.455202
            ],
            [
              6.060229,
              46.459904
            ],
            [
              6.060229,
              46.46502
            ],
            [
              6.064157,
              46.471118
            ],
            [
              6.075525,
              46.479593
            ],
            [
              6.110355,
              46.520831
            ],
            [
              6.145702,
              46.55163
            ],
            [
              6.121517,
              46.570285
            ],
            [
              6.118417,
              46.583463
            ],
            [
              6.131853,
              46.595607
            ],
            [
              6.266315,
              46.680356
            ],
            [
              6.337938,
              46.707409
            ],
            [
              6.34786,
              46.71317
            ],
            [
              6.374215,
              46.733609
            ],
            [
              6.407391,
              46.745701
            ],
            [
              6.417933,
              46.751101
            ],
            [
              6.429199,
              46.760816
            ],
            [
              6.433023,
              46.76911
            ],
            [
              6.432609,
              46.785983
            ],
            [
              6.425168,
              46.791615
            ],
            [
              6.419897,
              46.796525
            ],
            [
              6.417107,
              46.802157
            ],
            [
              6.418554,
              46.807015
            ],
            [
              6.434263,
              46.839545
            ],
            [
              6.441188,
              46.848149
            ],
            [
              6.443118,
              46.851455
            ],
            [
              6.446769,
              46.857709
            ],
            [
              6.448422,
              46.871559
            ],
            [
              6.445219,
              46.882617
            ],
            [
              6.431886,
              46.900032
            ],
            [
              6.427752,
              46.909076
            ],
            [
              6.442635,
              46.944164
            ],
            [
              6.491107,
              46.963388
            ],
            [
              6.598698,
              46.986539
            ],
            [
              6.665412,
              47.021291
            ],
            [
              6.688253,
              47.043848
            ],
            [
              6.676264,
              47.0624
            ],
            [
              6.6897,
              47.07829
            ],
            [
              6.699105,
              47.084621
            ],
            [
              6.72422,
              47.09077
            ],
            [
              6.72794,
              47.097126
            ],
            [
              6.731661,
              47.098883
            ],
            [
              6.746027,
              47.103948
            ],
            [
              6.744787,
              47.121053
            ],
            [
              6.774759,
              47.128184
            ],
            [
              6.838076,
              47.168132
            ],
            [
              6.840285,
              47.169525
            ],
            [
              6.859302,
              47.190919
            ],
            [
              6.888344,
              47.211305
            ],
            [
              6.956247,
              47.245231
            ],
            [
              6.952216,
              47.270036
            ],
            [
              6.958624,
              47.290551
            ],
            [
              6.977434,
              47.303729
            ],
            [
              6.986529,
              47.304504
            ],
            [
              6.991904,
              47.305951
            ],
            [
              7.006476,
              47.319361
            ],
            [
              7.016915,
              47.323521
            ],
            [
              7.027147,
              47.325433
            ],
            [
              7.036552,
              47.329515
            ],
            [
              7.044303,
              47.340497
            ],
            [
              7.033865,
              47.350651
            ],
            [
              7.018879,
              47.359901
            ],
            [
              7.003996,
              47.368143
            ],
            [
              6.985599,
              47.362123
            ],
            [
              6.86664,
              47.354165
            ],
            [
              6.871601,
              47.366955
            ],
            [
              6.884003,
              47.382587
            ],
            [
              6.898783,
              47.395713
            ],
            [
              6.924517,
              47.405996
            ],
            [
              6.926068,
              47.424858
            ],
            [
              6.952319,
              47.428837
            ],
            [
              6.968546,
              47.435194
            ],
            [
              6.983429,
              47.443798
            ],
            [
              6.990973,
              47.452221
            ],
            [
              6.986116,
              47.464132
            ],
            [
              6.97578,
              47.477956
            ],
            [
              6.9733,
              47.489092
            ],
            [
              6.991904,
              47.492942
            ],
            [
              7.000792,
              47.49767
            ],
            [
              7.009784,
              47.499247
            ],
            [
              7.018879,
              47.49767
            ],
            [
              7.027974,
              47.492942
            ],
            [
              7.053915,
              47.490384
            ],
            [
              7.103731,
              47.496275
            ],
            [
              7.127296,
              47.492942
            ],
            [
              7.140318,
              47.487852
            ],
            [
              7.142169,
              47.487651
            ],
            [
              7.153651,
              47.486405
            ],
            [
              7.180833,
              47.488265
            ],
            [
              7.162642,
              47.459895
            ],
            [
              7.168327,
              47.443565
            ],
            [
              7.190031,
              47.434728
            ],
            [
              7.219383,
              47.428476
            ],
            [
              7.223517,
              47.426228
            ],
            [
              7.226308,
              47.422636
            ],
            [
              7.230339,
              47.419019
            ],
            [
              7.23809,
              47.416797
            ],
            [
              7.244808,
              47.417727
            ],
            [
              7.282635,
              47.428889
            ],
            [
              7.309093,
              47.432661
            ],
            [
              7.33693,
              47.431854
            ],
            [
              7.378547,
              47.430646
            ],
            [
              7.388219,
              47.433289
            ],
            [
              7.406349,
              47.438242
            ],
            [
              7.420563,
              47.450857
            ],
            [
              7.426089,
              47.455761
            ],
            [
              7.429293,
              47.465114
            ],
            [
              7.427639,
              47.470747
            ],
            [
              7.422782,
              47.475424
            ],
            [
              7.419474,
              47.477852
            ],
            [
              7.41441,
              47.484028
            ],
            [
              7.414307,
              47.490177
            ],
            [
              7.425986,
              47.492503
            ],
            [
              7.441488,
              47.488834
            ],
            [
              7.445996,
              47.486884
            ],
            [
              7.454511,
              47.483201
            ],
            [
              7.46743,
              47.481909
            ],
            [
              7.482726,
              47.491263
            ],
            [
              7.484483,
              47.492942
            ],
            [
              7.485827,
              47.495784
            ],
            [
              7.48593,
              47.498394
            ],
            [
              7.485776,
              47.498768
            ],
            [
              7.484897,
              47.5009
            ],
            [
              7.477765,
              47.507696
            ],
            [
              7.475595,
              47.511726
            ],
            [
              7.476939,
              47.514879
            ],
            [
              7.482726,
              47.516997
            ],
            [
              7.493062,
              47.515499
            ],
            [
              7.501123,
              47.517307
            ],
            [
              7.505464,
              47.523018
            ],
            [
              7.505154,
              47.533017
            ],
            [
              7.501743,
              47.532965
            ],
            [
              7.485103,
              47.541595
            ],
            [
              7.482726,
              47.542267
            ],
            [
              7.520867,
              47.563416
            ],
            [
              7.526341,
              47.566452
            ],
            [
              7.550319,
              47.575495
            ],
            [
              7.585483,
              47.584479
            ],
            [
              7.586028,
              47.584619
            ],
            [
              7.637032,
              47.594977
            ],
            [
              7.659666,
              47.596579
            ],
            [
              7.646541,
              47.571542
            ],
            [
              7.635895,
              47.564591
            ],
            [
              7.612337,
              47.564731
            ],
            [
              7.609747,
              47.564746
            ],
            [
              7.646901,
              47.551445
            ],
            [
              7.661423,
              47.546246
            ],
            [
              7.683438,
              47.544257
            ],
            [
              7.72732,
              47.550423
            ],
            [
              7.76674,
              47.555961
            ],
            [
              7.78555,
              47.563196
            ],
            [
              7.801467,
              47.576089
            ],
            [
              7.819657,
              47.595339
            ],
            [
              7.833713,
              47.590481
            ],
            [
              7.898205,
              47.587846
            ],
            [
              7.904303,
              47.583557
            ],
            [
              7.907507,
              47.574177
            ],
            [
              7.90947,
              47.564798
            ],
            [
              7.912157,
              47.560561
            ],
            [
              8.042279,
              47.560561
            ],
            [
              8.087237,
              47.567382
            ],
            [
              8.096952,
              47.571852
            ],
            [
              8.101397,
              47.576193
            ],
            [
              8.105427,
              47.581257
            ],
            [
              8.113902,
              47.587846
            ],
            [
              8.122067,
              47.592135
            ],
            [
              8.143771,
              47.600067
            ],
            [
              8.162065,
              47.603762
            ],
            [
              8.168886,
              47.608646
            ],
            [
              8.173847,
              47.613529
            ],
            [
              8.179015,
              47.615803
            ],
            [
              8.232965,
              47.621952
            ],
            [
              8.251051,
              47.622004
            ],
            [
              8.276993,
              47.61663
            ],
            [
              8.288569,
              47.615803
            ],
            [
              8.293943,
              47.611462
            ],
            [
              8.299317,
              47.601824
            ],
            [
              8.306345,
              47.592187
            ],
            [
              8.316164,
              47.587846
            ],
            [
              8.354094,
              47.581024
            ],
            [
              8.41807,
              47.580766
            ],
            [
              8.4211,
              47.581112
            ],
            [
              8.448869,
              47.58428
            ],
            [
              8.450109,
              47.589034
            ],
            [
              8.461788,
              47.606139
            ],
            [
              8.49238,
              47.619833
            ],
            [
              8.522353,
              47.621901
            ],
            [
              8.537752,
              47.612134
            ],
            [
              8.549638,
              47.598594
            ],
            [
              8.551719,
              47.596863
            ],
            [
              8.560697,
              47.589396
            ],
            [
              8.574133,
              47.592445
            ],
            [
              8.576305,
              47.595023
            ],
            [
              8.580644,
              47.600171
            ],
            [
              8.581781,
              47.607664
            ],
            [
              8.581264,
              47.614769
            ],
            [
              8.582504,
              47.62159
            ],
            [
              8.582091,
              47.625027
            ],
            [
              8.579714,
              47.628929
            ],
            [
              8.57806,
              47.633476
            ],
            [
              8.580334,
              47.639005
            ],
            [
              8.583951,
              47.641124
            ],
            [
              8.589222,
              47.642468
            ],
            [
              8.593563,
              47.642571
            ],
            [
              8.594493,
              47.640969
            ],
            [
              8.595113,
              47.63482
            ],
            [
              8.601624,
              47.632598
            ],
            [
              8.607309,
              47.656291
            ],
            [
              8.598214,
              47.656885
            ],
            [
              8.593589,
              47.658169
            ],
            [
              8.582194,
              47.66133
            ],
            [
              8.568241,
              47.662932
            ],
            [
              8.519666,
              47.657351
            ],
            [
              8.504679,
              47.65226
            ],
            [
              8.49083,
              47.645568
            ],
            [
              8.476051,
              47.640401
            ],
            [
              8.458274,
              47.639884
            ],
            [
              8.437603,
              47.647842
            ],
            [
              8.411972,
              47.661045
            ],
            [
              8.407011,
              47.661562
            ],
            [
              8.391301,
              47.665464
            ],
            [
              8.397709,
              47.67629
            ],
            [
              8.395229,
              47.684817
            ],
            [
              8.390991,
              47.692129
            ],
            [
              8.392128,
              47.699519
            ],
            [
              8.401947,
              47.707089
            ],
            [
              8.427268,
              47.716468
            ],
            [
              8.437913,
              47.723186
            ],
            [
              8.445458,
              47.743185
            ],
            [
              8.450109,
              47.750471
            ],
            [
              8.463648,
              47.763907
            ],
            [
              8.471503,
              47.76706
            ],
            [
              8.482665,
              47.766853
            ],
            [
              8.536512,
              47.774088
            ],
            [
              8.551602,
              47.779255
            ],
            [
              8.5423,
              47.795017
            ],
            [
              8.558216,
              47.801166
            ],
            [
              8.583124,
              47.800236
            ],
            [
              8.601624,
              47.794603
            ],
            [
              8.603175,
              47.787317
            ],
            [
              8.604105,
              47.774398
            ],
            [
              8.607619,
              47.762254
            ],
            [
              8.617437,
              47.757319
            ],
            [
              8.62984,
              47.762796
            ],
            [
              8.635007,
              47.784604
            ],
            [
              8.644102,
              47.791012
            ],
            [
              8.657022,
              47.788118
            ],
            [
              8.666633,
              47.778273
            ],
            [
              8.674488,
              47.766698
            ],
            [
              8.68193,
              47.75874
            ],
            [
              8.692265,
              47.757164
            ],
            [
              8.703324,
              47.758714
            ],
            [
              8.713142,
              47.757422
            ],
            [
              8.719757,
              47.747319
            ],
            [
              8.71707,
              47.743547
            ],
            [
              8.703737,
              47.730033
            ],
            [
              8.70043,
              47.723496
            ],
            [
              8.704667,
              47.715332
            ],
            [
              8.712625,
              47.708691
            ],
            [
              8.715106,
              47.701069
            ],
            [
              8.71707,
              47.694558
            ],
            [
              8.769883,
              47.695074
            ],
            [
              8.761718,
              47.70125
            ],
            [
              8.77071,
              47.720861
            ],
            [
              8.797581,
              47.720034
            ],
            [
              8.830241,
              47.707192
            ],
            [
              8.856079,
              47.690682
            ],
            [
              8.837682,
              47.687788
            ],
            [
              8.837786,
              47.680838
            ],
            [
              8.851935,
              47.671282
            ],
            [
              8.852668,
              47.670786
            ],
            [
              8.881711,
              47.656136
            ],
            [
              8.906205,
              47.651795
            ],
            [
              8.945376,
              47.654302
            ],
            [
              8.981756,
              47.662156
            ],
            [
              8.997673,
              47.673835
            ],
            [
              9.016586,
              47.6789
            ],
            [
              9.128104,
              47.670425
            ],
            [
              9.183398,
              47.670425
            ],
            [
              9.196937,
              47.656136
            ],
            [
              9.234351,
              47.656162
            ],
            [
              9.273211,
              47.65009
            ],
            [
              9.547482,
              47.534547
            ],
            [
              9.553059,
              47.516891
            ],
            [
              9.554951,
              47.5109
            ],
            [
              9.58451,
              47.480721
            ],
            [
              9.621717,
              47.469197
            ],
            [
              9.650346,
              47.452092
            ],
            [
              9.649519,
              47.409717
            ],
            [
              9.639804,
              47.394524
            ],
            [
              9.601047,
              47.36127
            ],
            [
              9.596396,
              47.352305
            ],
            [
              9.591228,
              47.334683
            ],
            [
              9.587404,
              47.32781
            ],
            [
              9.553298,
              47.299853
            ],
            [
              9.521155,
              47.262801
            ],
            [
              9.504618,
              47.243732
            ],
            [
              9.487358,
              47.210014
            ],
            [
              9.484981,
              47.176346
            ],
            [
              9.492629,
              47.15981
            ],
            [
              9.503481,
              47.145392
            ],
            [
              9.511853,
              47.129372
            ],
            [
              9.51237,
              47.10803
            ],
            [
              9.502861,
              47.094698
            ],
            [
              9.487565,
              47.083949
            ],
            [
              9.475886,
              47.073226
            ],
            [
              9.477023,
              47.063898
            ],
            [
              9.499554,
              47.059351
            ],
            [
              9.560636,
              47.0524
            ],
            [
              9.581203,
              47.05687
            ],
            [
              9.59991,
              47.053486
            ],
            [
              9.65231,
              47.05793
            ],
            [
              9.669053,
              47.056199
            ],
            [
              9.857982,
              47.015478
            ],
            [
              9.856328,
              47.004083
            ],
            [
              9.860566,
              47.001602
            ],
            [
              9.866767,
              47.001938
            ],
            [
              9.870591,
              46.998838
            ],
            [
              9.870591,
              46.992947
            ],
            [
              9.866457,
              46.983387
            ],
            [
              9.863976,
              46.959925
            ],
            [
              9.860772,
              46.949151
            ],
            [
              9.862426,
              46.939772
            ],
            [
              9.875138,
              46.927421
            ],
            [
              9.899943,
              46.914398
            ],
            [
              10.006913,
              46.890757
            ],
            [
              10.045567,
              46.865564
            ],
            [
              10.068098,
              46.856624
            ],
            [
              10.1113,
              46.847116
            ],
            [
              10.125188,
              46.846751
            ],
            [
              10.13197,
              46.846573
            ],
            [
              10.157808,
              46.851612
            ],
            [
              10.201423,
              46.86683
            ],
            [
              10.211655,
              46.877036
            ],
            [
              10.214342,
              46.884685
            ],
            [
              10.215169,
              46.893108
            ],
            [
              10.219924,
              46.905769
            ],
            [
              10.235116,
              46.923313
            ],
            [
              10.251343,
              46.92538
            ],
            [
              10.270773,
              46.921892
            ],
            [
              10.295681,
              46.922693
            ],
            [
              10.296198,
              46.941374
            ],
            [
              10.313665,
              46.964318
            ],
            [
              10.338883,
              46.98411
            ],
            [
              10.367925,
              46.995505
            ],
            [
              10.373403,
              46.996254
            ],
            [
              10.378984,
              46.995505
            ],
            [
              10.384255,
              46.993153
            ],
            [
              10.384358,
              46.993153
            ],
            [
              10.384358,
              46.992998
            ],
            [
              10.394693,
              46.985402
            ],
            [
              10.415571,
              46.962406
            ],
            [
              10.449574,
              46.943906
            ],
            [
              10.458462,
              46.936619
            ],
            [
              10.463836,
              46.919747
            ],
            [
              10.451434,
              46.88577
            ],
            [
              10.453811,
              46.864427
            ]
          ]
        ]
      }
    },
    {
      "type": "Feature",
      "properties": {
        "ADM0_ISO": "NLD",
        "featurecla": "Admin-0 country",
        "scalerank": 0,
        "LABELRANK": 5,
        "SOVEREIGNT": "Netherlands",
        "SOV_A3": "NL1",
        "ADM0_DIF": 1,
        "LEVEL": 2,
        "TYPE": "Country",
        "TLC": "1",
        "ADMIN": "Netherlands",
        "ADM0_A3": "NLD",
        "GEOU_DIF": 0,
        "GEOUNIT": "Netherlands",
        "GU_A3": "NLD",
        "SU_DIF": 0,
        "SUBUNIT": "Netherlands",
        "SU_A3": "NLD",
        "BRK_DIFF": 0,
        "NAME": "Netherlands",
        "NAME_LONG": "Netherlands",
        "BRK_A3": "NLD",
        "BRK_NAME": "Netherlands",
        "BRK_GROUP": null,
        "ABBREV": "Neth.",
        "POSTAL": "NL",
        "FORMAL_EN": "Kingdom of the Netherlands",
        "FORMAL_FR": null,
        "NAME_CIAWF": "Netherlands",
        "NOTE_ADM0": null,
        "NOTE_BRK": null,
        "NAME_SORT": "Netherlands",
        "NAME_ALT": null,
        "MAPCOLOR7": 4,
        "MAPCOLOR8": 2,
        "MAPCOLOR9": 2,
        "MAPCOLOR13": 9,
        "POP_EST": 17332850,
        "POP_RANK": 14,
        "POP_YEAR": 2019,
        "GDP_MD": 907050,
        "GDP_YEAR": 2019,
        "ECONOMY": "2. Developed region: nonG7",
        "INCOME_GRP": "1. High income: OECD",
        "FIPS_10": "NL",
        "ISO_A2": "NL",
        "ISO_A2_EH": "NL",
        "ISO_A3": "NLD",
        "ISO_A3_EH": "NLD",
        "ISO_N3": "528",
        "ISO_N3_EH": "528",
        "UN_A3": "528",
        "WB_A2": "NL",
        "WB_A3": "NLD",
        "WOE_ID": -90,
        "WOE_ID_EH": 23424909,
        "WOE_NOTE": "Doesn't include new former units of Netherlands Antilles (24549811, 24549808, and 24549809)",
        "ADM0_DIFF": null,
        "ADM0_TLC": "NLD",
        "ADM0_A3_US": "NLD",
        "ADM0_A3_FR": "NLD",
        "ADM0_A3_RU": "NLD",
        "ADM0_A3_ES": "NLD",
        "ADM0_A3_CN": "NLD",
        "ADM0_A3_TW": "NLD",
        "ADM0_A3_IN": "NLD",
        "ADM0_A3_NP": "NLD",
        "ADM0_A3_PK": "NLD",
        "ADM0_A3_DE": "NLD",
        "ADM0_A3_GB": "NLD",
        "ADM0_A3_BR": "NLD",
        "ADM0_A3_IL": "NLD",
        "ADM0_A3_PS": "NLD",
        "ADM0_A3_SA": "NLD",
        "ADM0_A3_EG": "NLD",
        "ADM0_A3_MA": "NLD",
        "ADM0_A3_PT": "NLD",
        "ADM0_A3_AR": "NLD",
        "ADM0_A3_JP": "NLD",
        "ADM0_A3_KO": "NLD",
        "ADM0_A3_VN": "NLD",
        "ADM0_A3_TR": "NLD",
        "ADM0_A3_ID": "NLD",
        "ADM0_A3_PL": "NLD",
        "ADM0_A3_GR": "NLD",
        "ADM0_A3_IT": "NLD",
        "ADM0_A3_NL": "NLD",
        "ADM0_A3_SE": "NLD",
        "ADM0_A3_BD": "NLD",
        "ADM0_A3_UA": "NLD",
        "ADM0_A3_UN": -99,
        "ADM0_A3_WB": -99,
        "CONTINENT": "Europe",
        "REGION_UN": "Europe",
        "SUBREGION": "Western Europe",
        "REGION_WB": "Europe & Central Asia",
        "NAME_LEN": 11,
        "LONG_LEN": 11,
        "ABBREV_LEN": 5,
        "TINY": -99,
        "HOMEPART": 1,
        "MIN_ZOOM": 0,
        "MIN_LABEL": 4,
        "MAX_LABEL": 10,
        "LABEL_X": 5.61144,
        "LABEL_Y": 52.422211,
        "NE_ID": 1159321101,
        "WIKIDATAID": "Q55",
        "NAME_AR": "هولندا",
        "NAME_BN": "নেদারল্যান্ডস",
        "NAME_DE": "Niederlande",
        "NAME_EN": "Netherlands",
        "NAME_ES": "Países Bajos",
        "NAME_FA": "هلند",
        "NAME_FR": "Pays-Bas",
        "NAME_EL": "Ολλανδία",
        "NAME_HE": "הולנד",
        "NAME_HI": "नीदरलैण्ड",
        "NAME_HU": "Hollandia",
        "NAME_ID": "Belanda",
        "NAME_IT": "Paesi Bassi",
        "NAME_JA": "オランダ",
        "NAME_KO": "네덜란드",
        "NAME_NL": "Nederland",
        "NAME_PL": "Holandia",
        "NAME_PT": "Países Baixos",
        "NAME_RU": "Нидерланды",
        "NAME_SV": "Nederländerna",
        "NAME_TR": "Hollanda",
        "NAME_UK": "Нідерланди",
        "NAME_UR": "نیدرلینڈز",
        "NAME_VI": "Hà Lan",
        "NAME_ZH": "荷兰",
        "NAME_ZHT": "荷蘭",
        "FCLASS_ISO": "Admin-0 country",
        "TLC_DIFF": null,
        "FCLASS_TLC": "Admin-0 country",
        "FCLASS_US": null,
        "FCLASS_FR": null,
        "FCLASS_RU": null,
        "FCLASS_ES": null,
        "FCLASS_CN": null,
        "FCLASS_TW": null,
        "FCLASS_IN": null,
        "FCLASS_NP": null,
        "FCLASS_PK": null,
        "FCLASS_DE": null,
        "FCLASS_GB": null,
        "FCLASS_BR": null,
        "FCLASS_IL": null,
        "FCLASS_PS": null,
        "FCLASS_SA": null,
        "FCLASS_EG": null,
        "FCLASS_MA": null,
        "FCLASS_PT": null,
        "FCLASS_AR": null,
        "FCLASS_JP": null,
        "FCLASS_KO": null,
        "FCLASS_VN": null,
        "FCLASS_TR": null,
        "FCLASS_ID": null,
        "FCLASS_PL": null,
        "FCLASS_GR": null,
        "FCLASS_IT": null,
        "FCLASS_NL": null,
        "FCLASS_SE": null,
        "FCLASS_BD": null,
        "FCLASS_UA": null
      },
      "bbox": [
        3.349415,
        50.74755,
        7.198506,
        53.558092
      ],
      "geometry": {
        "type": "MultiPolygon",
        "coordinates": [
          [
            [
              [
                7.194591,
                53.245022
              ],
              [
                7.197472,
                53.216624
              ],
              [
                7.198506,
                53.200578
              ],
              [
                7.195405,
                53.184998
              ],
              [
                7.188584,
                53.167789
              ],
              [
                7.174425,
                53.145775
              ],
              [
                7.171944,
                53.137714
              ],
              [
                7.172668,
                53.125751
              ],
              [
                7.176492,
                53.119394
              ],
              [
                7.181349,
                53.114175
              ],
              [
                7.18507,
                53.105442
              ],
              [
                7.194372,
                53.033844
              ],
              [
                7.192821,
                52.998006
              ],
              [
                7.183623,
                52.966122
              ],
              [
                7.161919,
                52.932636
              ],
              [
                7.079857,
                52.854424
              ],
              [
                7.072151,
                52.841317
              ],
              [
                7.061977,
                52.824012
              ],
              [
                7.053295,
                52.790577
              ],
              [
                7.043993,
                52.682625
              ],
              [
                7.036655,
                52.647382
              ],
              [
                7.018465,
                52.625988
              ],
              [
                6.982808,
                52.632783
              ],
              [
                6.967719,
                52.636659
              ],
              [
                6.91842,
                52.632189
              ],
              [
                6.8654,
                52.641956
              ],
              [
                6.770522,
                52.641026
              ],
              [
                6.737035,
                52.634695
              ],
              [
                6.719083,
                52.626759
              ],
              [
                6.701792,
                52.619115
              ],
              [
                6.710164,
                52.60865
              ],
              [
                6.7082,
                52.599685
              ],
              [
                6.703652,
                52.59139
              ],
              [
                6.703962,
                52.583071
              ],
              [
                6.71099,
                52.576637
              ],
              [
                6.743753,
                52.559713
              ],
              [
                6.688253,
                52.542582
              ],
              [
                6.671716,
                52.541678
              ],
              [
                6.684015,
                52.525994
              ],
              [
                6.687529,
                52.50814
              ],
              [
                6.688976,
                52.490518
              ],
              [
                6.695074,
                52.475609
              ],
              [
                6.714814,
                52.461553
              ],
              [
                6.741169,
                52.453673
              ],
              [
                6.820338,
                52.446826
              ],
              [
                6.872014,
                52.434733
              ],
              [
                6.90023,
                52.431917
              ],
              [
                6.926481,
                52.432976
              ],
              [
                6.951493,
                52.437472
              ],
              [
                6.960794,
                52.442847
              ],
              [
                6.966995,
                52.449565
              ],
              [
                6.9733,
                52.451373
              ],
              [
                7.034175,
                52.390783
              ],
              [
                7.048231,
                52.365074
              ],
              [
                7.039756,
                52.328616
              ],
              [
                7.019705,
                52.300039
              ],
              [
                7.012471,
                52.284949
              ],
              [
                7.011851,
                52.26663
              ],
              [
                7.020739,
                52.245262
              ],
              [
                7.0266,
                52.238623
              ],
              [
                7.029111,
                52.235779
              ],
              [
                7.02632,
                52.230637
              ],
              [
                6.981878,
                52.213997
              ],
              [
                6.97113,
                52.206272
              ],
              [
                6.947668,
                52.182811
              ],
              [
                6.927721,
                52.171907
              ],
              [
                6.88483,
                52.160332
              ],
              [
                6.8654,
                52.1478
              ],
              [
                6.843282,
                52.119998
              ],
              [
                6.830673,
                52.112893
              ],
              [
                6.771576,
                52.108793
              ],
              [
                6.765871,
                52.108397
              ],
              [
                6.749851,
                52.102867
              ],
              [
                6.732901,
                52.091989
              ],
              [
                6.72763,
                52.086305
              ],
              [
                6.719465,
                52.073567
              ],
              [
                6.711404,
                52.067288
              ],
              [
                6.699415,
                52.063567
              ],
              [
                6.688873,
                52.063102
              ],
              [
                6.679881,
                52.060467
              ],
              [
                6.672957,
                52.050054
              ],
              [
                6.675024,
                52.034809
              ],
              [
                6.69094,
                52.027859
              ],
              [
                6.712851,
                52.023854
              ],
              [
                6.77817,
                52.001271
              ],
              [
                6.804008,
                51.984373
              ],
              [
                6.809176,
                51.979542
              ],
              [
                6.811656,
                51.972798
              ],
              [
                6.810726,
                51.960576
              ],
              [
                6.805662,
                51.957527
              ],
              [
                6.798014,
                51.956701
              ],
              [
                6.789849,
                51.951145
              ],
              [
                6.767008,
                51.925514
              ],
              [
                6.743753,
                51.908331
              ],
              [
                6.716675,
                51.899262
              ],
              [
                6.628153,
                51.897505
              ],
              [
                6.528624,
                51.876421
              ],
              [
                6.479428,
                51.853012
              ],
              [
                6.462892,
                51.848361
              ],
              [
                6.442531,
                51.848361
              ],
              [
                6.378453,
                51.860117
              ],
              [
                6.386617,
                51.837561
              ],
              [
                6.382483,
                51.827587
              ],
              [
                6.344966,
                51.821102
              ],
              [
                6.341969,
                51.836682
              ],
              [
                6.325743,
                51.842547
              ],
              [
                6.287399,
                51.846165
              ],
              [
                6.282851,
                51.849601
              ],
              [
                6.271792,
                51.8619
              ],
              [
                6.264661,
                51.866189
              ],
              [
                6.256393,
                51.866809
              ],
              [
                6.22518,
                51.862546
              ],
              [
                6.191384,
                51.87115
              ],
              [
                6.159241,
                51.887299
              ],
              [
                6.126995,
                51.89673
              ],
              [
                6.092992,
                51.88531
              ],
              [
                6.105394,
                51.87947
              ],
              [
                6.142705,
                51.855182
              ],
              [
                6.156141,
                51.842056
              ],
              [
                6.140018,
                51.844537
              ],
              [
                6.116453,
                51.848283
              ],
              [
                6.084,
                51.853658
              ],
              [
                6.043279,
                51.846862
              ],
              [
                6.028913,
                51.842108
              ],
              [
                6.008243,
                51.832574
              ],
              [
                5.988916,
                51.827458
              ],
              [
                5.948091,
                51.822962
              ],
              [
                5.931451,
                51.81565
              ],
              [
                5.928041,
                51.806736
              ],
              [
                5.950778,
                51.795909
              ],
              [
                5.964111,
                51.776556
              ],
              [
                5.962354,
                51.756351
              ],
              [
                5.946056,
                51.746288
              ],
              [
                5.940133,
                51.742631
              ],
              [
                5.939306,
                51.731882
              ],
              [
                5.949228,
                51.729376
              ],
              [
                5.97827,
                51.729789
              ],
              [
                5.989742,
                51.726379
              ],
              [
                6.012067,
                51.715863
              ],
              [
                6.021989,
                51.709506
              ],
              [
                6.008553,
                51.681188
              ],
              [
                6.031497,
                51.662998
              ],
              [
                6.099193,
                51.644472
              ],
              [
                6.087514,
                51.622096
              ],
              [
                6.08214,
                51.607807
              ],
              [
                6.086481,
                51.595534
              ],
              [
                6.15304,
                51.538431
              ],
              [
                6.193348,
                51.509338
              ],
              [
                6.200479,
                51.476575
              ],
              [
                6.205337,
                51.458436
              ],
              [
                6.201719,
                51.438644
              ],
              [
                6.194071,
                51.417379
              ],
              [
                6.192727,
                51.398957
              ],
              [
                6.207817,
                51.387666
              ],
              [
                6.202029,
                51.378881
              ],
              [
                6.198929,
                51.35697
              ],
              [
                6.193554,
                51.344516
              ],
              [
                6.183632,
                51.335705
              ],
              [
                6.158208,
                51.324594
              ],
              [
                6.147769,
                51.318161
              ],
              [
                6.096506,
                51.25881
              ],
              [
                6.075422,
                51.242661
              ],
              [
                6.06519,
                51.231629
              ],
              [
                6.056612,
                51.211707
              ],
              [
                6.053718,
                51.189383
              ],
              [
                6.060849,
                51.170909
              ],
              [
                6.08431,
                51.162692
              ],
              [
                6.134126,
                51.184215
              ],
              [
                6.157071,
                51.179254
              ],
              [
                6.149113,
                51.176335
              ],
              [
                6.126272,
                51.164578
              ],
              [
                6.147252,
                51.152254
              ],
              [
                6.132369,
                51.139825
              ],
              [
                6.075422,
                51.120369
              ],
              [
                5.982921,
                51.074687
              ],
              [
                5.969485,
                51.06492
              ],
              [
                5.950262,
                51.03947
              ],
              [
                5.937963,
                51.030943
              ],
              [
                5.919566,
                51.029703
              ],
              [
                5.906233,
                51.037403
              ],
              [
                5.894348,
                51.047144
              ],
              [
                5.880498,
                51.052053
              ],
              [
                5.85249,
                51.042751
              ],
              [
                5.858174,
                51.019342
              ],
              [
                5.873574,
                50.990584
              ],
              [
                5.874607,
                50.965366
              ],
              [
                5.88825,
                50.967123
              ],
              [
                5.914192,
                50.975236
              ],
              [
                5.927731,
                50.977665
              ],
              [
                5.94158,
                50.976476
              ],
              [
                5.967832,
                50.970998
              ],
              [
                6.003695,
                50.973737
              ],
              [
                6.005762,
                50.968518
              ],
              [
                5.999664,
                50.960095
              ],
              [
                5.99584,
                50.951775
              ],
              [
                5.997287,
                50.937357
              ],
              [
                5.999871,
                50.929399
              ],
              [
                6.007519,
                50.924076
              ],
              [
                6.031084,
                50.914723
              ],
              [
                6.063743,
                50.90754
              ],
              [
                6.061779,
                50.903509
              ],
              [
                6.056508,
                50.898083
              ],
              [
                6.054648,
                50.891468
              ],
              [
                6.063123,
                50.870901
              ],
              [
                6.062813,
                50.862943
              ],
              [
                6.056715,
                50.852659
              ],
              [
                6.045553,
                50.844184
              ],
              [
                6.023022,
                50.845425
              ],
              [
                6.009276,
                50.840464
              ],
              [
                6.000491,
                50.830439
              ],
              [
                6.001421,
                50.821809
              ],
              [
                6.003592,
                50.81261
              ],
              [
                5.998321,
                50.800725
              ],
              [
                5.983955,
                50.792198
              ],
              [
                5.968762,
                50.794627
              ],
              [
                5.972999,
                50.781811
              ],
              [
                5.980647,
                50.773439
              ],
              [
                5.990569,
                50.769047
              ],
              [
                5.997081,
                50.762949
              ],
              [
                5.99491,
                50.749927
              ],
              [
                5.974756,
                50.74755
              ],
              [
                5.902203,
                50.749048
              ],
              [
                5.891288,
                50.751246
              ],
              [
                5.879878,
                50.753544
              ],
              [
                5.793165,
                50.752149
              ],
              [
                5.782933,
                50.756696
              ],
              [
                5.76247,
                50.771011
              ],
              [
                5.752444,
                50.773439
              ],
              [
                5.743556,
                50.769099
              ],
              [
                5.732777,
                50.758851
              ],
              [
                5.727846,
                50.754164
              ],
              [
                5.717408,
                50.752821
              ],
              [
                5.706556,
                50.754216
              ],
              [
                5.688366,
                50.76083
              ],
              [
                5.698701,
                50.783775
              ],
              [
                5.700458,
                50.795557
              ],
              [
                5.684852,
                50.798503
              ],
              [
                5.663251,
                50.805065
              ],
              [
                5.657432,
                50.807641
              ],
              [
                5.64072,
                50.815039
              ],
              [
                5.624493,
                50.830284
              ],
              [
                5.622323,
                50.852659
              ],
              [
                5.694463,
                50.903664
              ],
              [
                5.706039,
                50.90661
              ],
              [
                5.717614,
                50.909245
              ],
              [
                5.722369,
                50.911674
              ],
              [
                5.735288,
                50.923973
              ],
              [
                5.752548,
                50.947227
              ],
              [
                5.76402,
                50.959423
              ],
              [
                5.754305,
                50.963092
              ],
              [
                5.744693,
                50.963247
              ],
              [
                5.722369,
                50.959423
              ],
              [
                5.761746,
                50.999162
              ],
              [
                5.777559,
                51.023553
              ],
              [
                5.76402,
                51.035181
              ],
              [
                5.766397,
                51.048436
              ],
              [
                5.771461,
                51.058125
              ],
              [
                5.779626,
                51.061303
              ],
              [
                5.791305,
                51.054998
              ],
              [
                5.79885,
                51.061484
              ],
              [
                5.804327,
                51.068589
              ],
              [
                5.811769,
                51.082309
              ],
              [
                5.808978,
                51.08634
              ],
              [
                5.807428,
                51.089389
              ],
              [
                5.804948,
                51.096624
              ],
              [
                5.815903,
                51.095875
              ],
              [
                5.826652,
                51.096908
              ],
              [
                5.83678,
                51.099492
              ],
              [
                5.845979,
                51.103393
              ],
              [
                5.823241,
                51.118741
              ],
              [
                5.826445,
                51.130162
              ],
              [
                5.840501,
                51.138921
              ],
              [
                5.83802,
                51.143727
              ],
              [
                5.829132,
                51.156465
              ],
              [
                5.812079,
                51.157318
              ],
              [
                5.781383,
                51.152409
              ],
              [
                5.768051,
                51.159462
              ],
              [
                5.747173,
                51.177601
              ],
              [
                5.730844,
                51.18375
              ],
              [
                5.718028,
                51.184603
              ],
              [
                5.67617,
                51.179177
              ],
              [
                5.659013,
                51.179074
              ],
              [
                5.648161,
                51.183957
              ],
              [
                5.638549,
                51.190907
              ],
              [
                5.62501,
                51.196902
              ],
              [
                5.568373,
                51.207651
              ],
              [
                5.551407,
                51.216767
              ],
              [
                5.545532,
                51.219924
              ],
              [
                5.542328,
                51.242661
              ],
              [
                5.535197,
                51.26204
              ],
              [
                5.516696,
                51.277233
              ],
              [
                5.493235,
                51.286535
              ],
              [
                5.471635,
                51.288085
              ],
              [
                5.451894,
                51.282116
              ],
              [
                5.409933,
                51.263539
              ],
              [
                5.389056,
                51.258707
              ],
              [
                5.270717,
                51.261833
              ],
              [
                5.239456,
                51.25693
              ],
              [
                5.232993,
                51.255916
              ],
              [
                5.215423,
                51.258733
              ],
              [
                5.214906,
                51.294338
              ],
              [
                5.197336,
                51.308342
              ],
              [
                5.178836,
                51.309505
              ],
              [
                5.140182,
                51.307386
              ],
              [
                5.122922,
                51.313381
              ],
              [
                5.118064,
                51.319918
              ],
              [
                5.107832,
                51.341984
              ],
              [
                5.102561,
                51.350665
              ],
              [
                5.068145,
                51.37454
              ],
              [
                5.061737,
                51.384255
              ],
              [
                5.065251,
                51.405907
              ],
              [
                5.076413,
                51.421901
              ],
              [
                5.079927,
                51.438541
              ],
              [
                5.06029,
                51.461976
              ],
              [
                5.030318,
                51.47443
              ],
              [
                5.027527,
                51.476807
              ],
              [
                5.012128,
                51.474327
              ],
              [
                5.006133,
                51.468307
              ],
              [
                5.002723,
                51.459005
              ],
              [
                4.995798,
                51.446706
              ],
              [
                4.980192,
                51.430531
              ],
              [
                4.957144,
                51.410997
              ],
              [
                4.931926,
                51.395624
              ],
              [
                4.910325,
                51.391903
              ],
              [
                4.871671,
                51.403039
              ],
              [
                4.853274,
                51.40614
              ],
              [
                4.783304,
                51.407638
              ],
              [
                4.762117,
                51.413375
              ],
              [
                4.767802,
                51.425389
              ],
              [
                4.779067,
                51.426423
              ],
              [
                4.822682,
                51.413685
              ],
              [
                4.815447,
                51.431074
              ],
              [
                4.819891,
                51.446215
              ],
              [
                4.826093,
                51.460555
              ],
              [
                4.823922,
                51.475645
              ],
              [
                4.813587,
                51.48412
              ],
              [
                4.796844,
                51.491018
              ],
              [
                4.778654,
                51.495359
              ],
              [
                4.764184,
                51.496238
              ],
              [
                4.731215,
                51.485618
              ],
              [
                4.653907,
                51.426216
              ],
              [
                4.643571,
                51.42141
              ],
              [
                4.630136,
                51.418206
              ],
              [
                4.614633,
                51.41756
              ],
              [
                4.582697,
                51.422599
              ],
              [
                4.553861,
                51.419291
              ],
              [
                4.540632,
                51.420067
              ],
              [
                4.521512,
                51.428645
              ],
              [
                4.523372,
                51.438412
              ],
              [
                4.531847,
                51.450866
              ],
              [
                4.533191,
                51.467583
              ],
              [
                4.525232,
                51.475929
              ],
              [
                4.512623,
                51.477376
              ],
              [
                4.483064,
                51.474327
              ],
              [
                4.429424,
                51.461976
              ],
              [
                4.377128,
                51.442882
              ],
              [
                4.38922,
                51.434588
              ],
              [
                4.387153,
                51.427456
              ],
              [
                4.380642,
                51.419653
              ],
              [
                4.379918,
                51.409525
              ],
              [
                4.38767,
                51.400533
              ],
              [
                4.410097,
                51.38379
              ],
              [
                4.416195,
                51.373971
              ],
              [
                4.411234,
                51.356737
              ],
              [
                4.392217,
                51.350407
              ],
              [
                4.345605,
                51.352293
              ],
              [
                4.326278,
                51.356427
              ],
              [
                4.290105,
                51.368752
              ],
              [
                4.281124,
                51.368947
              ],
              [
                4.261068,
                51.369379
              ],
              [
                4.257091,
                51.372504
              ],
              [
                4.249034,
                51.384223
              ],
              [
                4.246349,
                51.39643
              ],
              [
                4.246837,
                51.406724
              ],
              [
                4.244884,
                51.414496
              ],
              [
                4.234711,
                51.419013
              ],
              [
                4.222992,
                51.409491
              ],
              [
                4.20102,
                51.405341
              ],
              [
                4.111095,
                51.406968
              ],
              [
                4.090343,
                51.411282
              ],
              [
                4.07016,
                51.419013
              ],
              [
                4.015147,
                51.44892
              ],
              [
                3.99879,
                51.453111
              ],
              [
                3.957042,
                51.455797
              ],
              [
                3.943126,
                51.450385
              ],
              [
                3.913422,
                51.415269
              ],
              [
                3.90211,
                51.404934
              ],
              [
                3.886729,
                51.399807
              ],
              [
                3.850759,
                51.397366
              ],
              [
                3.837901,
                51.392239
              ],
              [
                3.827159,
                51.391059
              ],
              [
                3.816417,
                51.39411
              ],
              [
                3.789073,
                51.412177
              ],
              [
                3.72877,
                51.430813
              ],
              [
                3.689708,
                51.454291
              ],
              [
                3.674001,
                51.45539
              ],
              [
                3.632579,
                51.445705
              ],
              [
                3.610037,
                51.445054
              ],
              [
                3.553396,
                51.453111
              ],
              [
                3.535411,
                51.459215
              ],
              [
                3.520193,
                51.473375
              ],
              [
                3.506847,
                51.489325
              ],
              [
                3.494802,
                51.500922
              ],
              [
                3.461925,
                51.518988
              ],
              [
                3.45102,
                51.529731
              ],
              [
                3.447032,
                51.545966
              ],
              [
                3.45753,
                51.55508
              ],
              [
                3.560395,
                51.594631
              ],
              [
                3.828868,
                51.612738
              ],
              [
                3.851085,
                51.610785
              ],
              [
                3.866059,
                51.605414
              ],
              [
                3.882172,
                51.596096
              ],
              [
                3.896495,
                51.583808
              ],
              [
                3.905772,
                51.569241
              ],
              [
                3.895274,
                51.566596
              ],
              [
                3.878266,
                51.559394
              ],
              [
                3.871593,
                51.555569
              ],
              [
                3.871593,
                51.549384
              ],
              [
                3.967296,
                51.543118
              ],
              [
                4.01588,
                51.530829
              ],
              [
                4.05714,
                51.508368
              ],
              [
                4.070323,
                51.492743
              ],
              [
                4.090017,
                51.458238
              ],
              [
                4.104828,
                51.445705
              ],
              [
                4.128754,
                51.441352
              ],
              [
                4.180837,
                51.445868
              ],
              [
                4.20045,
                51.439521
              ],
              [
                4.220225,
                51.443549
              ],
              [
                4.252778,
                51.442532
              ],
              [
                4.263845,
                51.444403
              ],
              [
                4.283214,
                51.447699
              ],
              [
                4.296723,
                51.470526
              ],
              [
                4.288585,
                51.492133
              ],
              [
                4.267751,
                51.508287
              ],
              [
                4.239757,
                51.5185
              ],
              [
                4.230479,
                51.519558
              ],
              [
                4.194672,
                51.523586
              ],
              [
                4.153331,
                51.535061
              ],
              [
                4.13795,
                51.535875
              ],
              [
                4.106293,
                51.533515
              ],
              [
                4.091319,
                51.535061
              ],
              [
                4.067231,
                51.544013
              ],
              [
                3.988129,
                51.590277
              ],
              [
                4.041189,
                51.606024
              ],
              [
                4.067719,
                51.610663
              ],
              [
                4.157237,
                51.607896
              ],
              [
                4.18336,
                51.602932
              ],
              [
                4.206879,
                51.590522
              ],
              [
                4.207286,
                51.590277
              ],
              [
                4.202647,
                51.609117
              ],
              [
                4.189952,
                51.616685
              ],
              [
                4.186127,
                51.616807
              ],
              [
                4.146658,
                51.617865
              ],
              [
                4.135997,
                51.620429
              ],
              [
                4.125987,
                51.624701
              ],
              [
                4.118012,
                51.630683
              ],
              [
                4.112966,
                51.63939
              ],
              [
                4.109874,
                51.650865
              ],
              [
                4.10963,
                51.662299
              ],
              [
                4.112641,
                51.670803
              ],
              [
                4.125662,
                51.679633
              ],
              [
                4.142914,
                51.684149
              ],
              [
                4.176931,
                51.685858
              ],
              [
                4.166352,
                51.692694
              ],
              [
                4.141124,
                51.703925
              ],
              [
                4.071544,
                51.71719
              ],
              [
                4.05714,
                51.730292
              ],
              [
                4.050792,
                51.763495
              ],
              [
                4.033946,
                51.784247
              ],
              [
                4.009776,
                51.797919
              ],
              [
                3.981456,
                51.810004
              ],
              [
                3.962576,
                51.801215
              ],
              [
                3.937185,
                51.796332
              ],
              [
                3.911388,
                51.796373
              ],
              [
                3.891856,
                51.792955
              ],
              [
                3.888194,
                51.788886
              ],
              [
                3.881114,
                51.788072
              ],
              [
                3.871593,
                51.788275
              ],
              [
                3.862315,
                51.816067
              ],
              [
                3.891368,
                51.828274
              ],
              [
                3.954112,
                51.840155
              ],
              [
                3.962657,
                51.847357
              ],
              [
                3.982188,
                51.848293
              ],
              [
                4.015636,
                51.843573
              ],
              [
                4.043468,
                51.834215
              ],
              [
                4.047618,
                51.833686
              ],
              [
                4.055024,
                51.834215
              ],
              [
                4.06544,
                51.837104
              ],
              [
                4.077647,
                51.843573
              ],
              [
                4.070079,
                51.852729
              ],
              [
                4.044607,
                51.874498
              ],
              [
                4.037852,
                51.877916
              ],
              [
                4.032074,
                51.882025
              ],
              [
                4.029796,
                51.888251
              ],
              [
                4.031993,
                51.896064
              ],
              [
                4.036632,
                51.901557
              ],
              [
                4.04127,
                51.905504
              ],
              [
                4.043468,
                51.908677
              ],
              [
                4.040212,
                51.924058
              ],
              [
                4.021169,
                51.963324
              ],
              [
                4.01002,
                51.980129
              ],
              [
                4.015636,
                51.987698
              ],
              [
                4.022472,
                51.994371
              ],
              [
                4.069021,
                51.987942
              ],
              [
                4.107677,
                51.991889
              ],
              [
                4.141856,
                52.005601
              ],
              [
                4.284679,
                52.112942
              ],
              [
                4.406912,
                52.223456
              ],
              [
                4.508149,
                52.336371
              ],
              [
                4.568614,
                52.445258
              ],
              [
                4.577322,
                52.473578
              ],
              [
                4.577322,
                52.480943
              ],
              [
                4.596934,
                52.506578
              ],
              [
                4.639334,
                52.70067
              ],
              [
                4.657074,
                52.75019
              ],
              [
                4.659841,
                52.765286
              ],
              [
                4.669444,
                52.796576
              ],
              [
                4.711681,
                52.863105
              ],
              [
                4.721365,
                52.895941
              ],
              [
                4.722423,
                52.914496
              ],
              [
                4.72641,
                52.9383
              ],
              [
                4.733897,
                52.958889
              ],
              [
                4.745453,
                52.967597
              ],
              [
                4.806977,
                52.961819
              ],
              [
                4.816905,
                52.967597
              ],
              [
                4.824392,
                52.96015
              ],
              [
                4.809418,
                52.929592
              ],
              [
                4.832774,
                52.911322
              ],
              [
                4.87379,
                52.903957
              ],
              [
                4.913097,
                52.905585
              ],
              [
                4.935802,
                52.913398
              ],
              [
                4.978282,
                52.935696
              ],
              [
                4.999034,
                52.940334
              ],
              [
                5.03891,
                52.943508
              ],
              [
                5.078136,
                52.954006
              ],
              [
                5.27947,
                53.062934
              ],
              [
                5.2942,
                53.073432
              ],
              [
                5.312755,
                53.082831
              ],
              [
                5.358897,
                53.089342
              ],
              [
                5.379242,
                53.097357
              ],
              [
                5.39975,
                53.122056
              ],
              [
                5.427094,
                53.190334
              ],
              [
                5.447439,
                53.220893
              ],
              [
                5.482595,
                53.245551
              ],
              [
                5.504242,
                53.257025
              ],
              [
                5.541026,
                53.266588
              ],
              [
                5.557872,
                53.278022
              ],
              [
                5.573497,
                53.291653
              ],
              [
                5.591563,
                53.302802
              ],
              [
                5.611827,
                53.307115
              ],
              [
                5.659679,
                53.311957
              ],
              [
                5.694591,
                53.330064
              ],
              [
                5.854747,
                53.368801
              ],
              [
                5.890798,
                53.384263
              ],
              [
                5.913748,
                53.385403
              ],
              [
                5.980805,
                53.406073
              ],
              [
                6.077322,
                53.408922
              ],
              [
                6.186046,
                53.410997
              ],
              [
                6.273936,
                53.412665
              ],
              [
                6.284353,
                53.410549
              ],
              [
                6.301931,
                53.401109
              ],
              [
                6.311534,
                53.398993
              ],
              [
                6.320079,
                53.400702
              ],
              [
                6.345551,
                53.412665
              ],
              [
                6.494395,
                53.438707
              ],
              [
                6.730235,
                53.460639
              ],
              [
                6.829112,
                53.450588
              ],
              [
                6.849783,
                53.444892
              ],
              [
                6.866873,
                53.434272
              ],
              [
                6.900564,
                53.351793
              ],
              [
                6.905772,
                53.350491
              ],
              [
                6.930024,
                53.340074
              ],
              [
                6.931895,
                53.337592
              ],
              [
                6.936697,
                53.335395
              ],
              [
                6.941661,
                53.330715
              ],
              [
                6.948578,
                53.326077
              ],
              [
                6.980154,
                53.31977
              ],
              [
                7.02003,
                53.306138
              ],
              [
                7.037771,
                53.309638
              ],
              [
                7.046235,
                53.30386
              ],
              [
                7.058279,
                53.301947
              ],
              [
                7.070079,
                53.303941
              ],
              [
                7.078624,
                53.309638
              ],
              [
                7.08546,
                53.309638
              ],
              [
                7.08546,
                53.302802
              ],
              [
                7.077485,
                53.298651
              ],
              [
                7.073497,
                53.29564
              ],
              [
                7.073741,
                53.291327
              ],
              [
                7.078624,
                53.282945
              ],
              [
                7.08074,
                53.266791
              ],
              [
                7.111095,
                53.256334
              ],
              [
                7.18336,
                53.245103
              ],
              [
                7.194591,
                53.245022
              ]
            ]
          ],
          [
            [
              [
                3.349415,
                51.375223
              ],
              [
                3.510916,
                51.407945
              ],
              [
                3.525727,
                51.415595
              ],
              [
                3.541352,
                51.416734
              ],
              [
                3.604666,
                51.391059
              ],
              [
                3.702159,
                51.373603
              ],
              [
                3.734223,
                51.35578
              ],
              [
                3.755544,
                51.350084
              ],
              [
                3.795909,
                51.350084
              ],
              [
                3.833995,
                51.343248
              ],
              [
                3.858165,
                51.345445
              ],
              [
                3.955821,
                51.371772
              ],
              [
                3.969249,
                51.381659
              ],
              [
                3.97462,
                51.401597
              ],
              [
                3.984141,
                51.410468
              ],
              [
                4.005707,
                51.409817
              ],
              [
                4.029063,
                51.404202
              ],
              [
                4.043468,
                51.398505
              ],
              [
                4.050059,
                51.392239
              ],
              [
                4.06129,
                51.376654
              ],
              [
                4.07016,
                51.370551
              ],
              [
                4.081309,
                51.36815
              ],
              [
                4.105479,
                51.366116
              ],
              [
                4.115489,
                51.360989
              ],
              [
                4.121918,
                51.359361
              ],
              [
                4.156505,
                51.357571
              ],
              [
                4.173676,
                51.373725
              ],
              [
                4.180024,
                51.377427
              ],
              [
                4.199555,
                51.376044
              ],
              [
                4.221491,
                51.368001
              ],
              [
                4.220962,
                51.363817
              ],
              [
                4.21352,
                51.340537
              ],
              [
                4.207939,
                51.330589
              ],
              [
                4.168562,
                51.29687
              ],
              [
                4.118952,
                51.272401
              ],
              [
                3.995032,
                51.23323
              ],
              [
                3.949454,
                51.210777
              ],
              [
                3.927026,
                51.206255
              ],
              [
                3.808687,
                51.205325
              ],
              [
                3.796285,
                51.208762
              ],
              [
                3.781402,
                51.219872
              ],
              [
                3.779748,
                51.230311
              ],
              [
                3.781402,
                51.241421
              ],
              [
                3.776234,
                51.254521
              ],
              [
                3.757321,
                51.262324
              ],
              [
                3.635054,
                51.287827
              ],
              [
                3.609526,
                51.290436
              ],
              [
                3.584825,
                51.289532
              ],
              [
                3.545034,
                51.283925
              ],
              [
                3.529014,
                51.283331
              ],
              [
                3.514338,
                51.281031
              ],
              [
                3.503383,
                51.273952
              ],
              [
                3.501522,
                51.262402
              ],
              [
                3.504106,
                51.249741
              ],
              [
                3.501212,
                51.240284
              ],
              [
                3.453877,
                51.235633
              ],
              [
                3.421941,
                51.237985
              ],
              [
                3.398798,
                51.244698
              ],
              [
                3.391658,
                51.24677
              ],
              [
                3.36737,
                51.263487
              ],
              [
                3.353211,
                51.288602
              ],
              [
                3.353934,
                51.311908
              ],
              [
                3.358068,
                51.336713
              ],
              [
                3.349415,
                51.375223
              ]
            ]
          ],
          [
            [
              [
                4.036632,
                51.685858
              ],
              [
                4.07838,
                51.678616
              ],
              [
                4.097341,
                51.670233
              ],
              [
                4.099376,
                51.65412
              ],
              [
                4.089041,
                51.644029
              ],
              [
                4.072602,
                51.636908
              ],
              [
                4.054861,
                51.632636
              ],
              [
                3.978038,
                51.623277
              ],
              [
                3.960297,
                51.623847
              ],
              [
                3.923106,
                51.632473
              ],
              [
                3.901541,
                51.641995
              ],
              [
                3.891938,
                51.655504
              ],
              [
                3.88559,
                51.668362
              ],
              [
                3.869802,
                51.676093
              ],
              [
                3.830577,
                51.685858
              ],
              [
                3.823904,
                51.689887
              ],
              [
                3.817638,
                51.695258
              ],
              [
                3.809255,
                51.69953
              ],
              [
                3.795909,
                51.700141
              ],
              [
                3.771251,
                51.68183
              ],
              [
                3.765391,
                51.678412
              ],
              [
                3.720551,
                51.676825
              ],
              [
                3.700043,
                51.680609
              ],
              [
                3.686697,
                51.692694
              ],
              [
                3.689464,
                51.725043
              ],
              [
                3.725841,
                51.739732
              ],
              [
                3.810069,
                51.747301
              ],
              [
                3.81422,
                51.748236
              ],
              [
                3.830577,
                51.747301
              ],
              [
                3.843761,
                51.742825
              ],
              [
                3.939626,
                51.741156
              ],
              [
                3.961762,
                51.738105
              ],
              [
                3.978038,
                51.730292
              ],
              [
                4.015391,
                51.701728
              ],
              [
                4.020274,
                51.696479
              ],
              [
                4.026622,
                51.691107
              ],
              [
                4.036632,
                51.685858
              ]
            ]
          ],
          [
            [
              [
                4.892589,
                53.111029
              ],
              [
                4.892589,
                53.104804
              ],
              [
                4.913097,
                53.104804
              ],
              [
                4.906098,
                53.091702
              ],
              [
                4.893077,
                53.076117
              ],
              [
                4.865245,
                53.050198
              ],
              [
                4.818126,
                53.02676
              ],
              [
                4.795665,
                53.000312
              ],
              [
                4.761974,
                52.99433
              ],
              [
                4.726817,
                53.003079
              ],
              [
                4.707693,
                53.028469
              ],
              [
                4.713878,
                53.054633
              ],
              [
                4.733653,
                53.084215
              ],
              [
                4.758474,
                53.108466
              ],
              [
                4.805675,
                53.133002
              ],
              [
                4.829275,
                53.162991
              ],
              [
                4.85434,
                53.18773
              ],
              [
                4.885753,
                53.186713
              ],
              [
                4.889822,
                53.180854
              ],
              [
                4.8921,
                53.175727
              ],
              [
                4.891368,
                53.170966
              ],
              [
                4.885753,
                53.166205
              ],
              [
                4.899913,
                53.15233
              ],
              [
                4.910167,
                53.134589
              ],
              [
                4.909923,
                53.118842
              ],
              [
                4.892589,
                53.111029
              ]
            ]
          ],
          [
            [
              [
                4.878917,
                53.220893
              ],
              [
                4.921235,
                53.25373
              ],
              [
                4.986501,
                53.289984
              ],
              [
                5.054454,
                53.313788
              ],
              [
                5.104828,
                53.309638
              ],
              [
                5.104828,
                53.302802
              ],
              [
                5.078136,
                53.302802
              ],
              [
                5.065603,
                53.298489
              ],
              [
                5.036469,
                53.291815
              ],
              [
                4.95753,
                53.245551
              ],
              [
                4.93572,
                53.225979
              ],
              [
                4.910167,
                53.21247
              ],
              [
                4.878917,
                53.220893
              ]
            ]
          ],
          [
            [
              [
                5.423595,
                53.430365
              ],
              [
                5.437022,
                53.436469
              ],
              [
                5.585297,
                53.453599
              ],
              [
                5.562022,
                53.434312
              ],
              [
                5.533702,
                53.428371
              ],
              [
                5.475434,
                53.426947
              ],
              [
                5.477387,
                53.423529
              ],
              [
                5.479747,
                53.416205
              ],
              [
                5.4817,
                53.412665
              ],
              [
                5.468598,
                53.408515
              ],
              [
                5.427013,
                53.40644
              ],
              [
                5.382498,
                53.39468
              ],
              [
                5.346934,
                53.389228
              ],
              [
                5.208344,
                53.352688
              ],
              [
                5.179861,
                53.353095
              ],
              [
                5.167654,
                53.368232
              ],
              [
                5.178884,
                53.385443
              ],
              [
                5.232432,
                53.396715
              ],
              [
                5.250173,
                53.40644
              ],
              [
                5.27296,
                53.406073
              ],
              [
                5.407237,
                53.422553
              ],
              [
                5.423595,
                53.430365
              ]
            ]
          ],
          [
            [
              [
                5.674001,
                53.467922
              ],
              [
                5.913829,
                53.473863
              ],
              [
                5.9546,
                53.461086
              ],
              [
                5.855642,
                53.447414
              ],
              [
                5.752778,
                53.447414
              ],
              [
                5.727061,
                53.443345
              ],
              [
                5.678966,
                53.430121
              ],
              [
                5.653575,
                53.433743
              ],
              [
                5.636078,
                53.448676
              ],
              [
                5.641938,
                53.463365
              ],
              [
                5.658865,
                53.471869
              ],
              [
                5.674001,
                53.467922
              ]
            ]
          ],
          [
            [
              [
                6.211762,
                53.508857
              ],
              [
                6.310802,
                53.514146
              ],
              [
                6.338715,
                53.508857
              ],
              [
                6.338715,
                53.502021
              ],
              [
                6.325043,
                53.502021
              ],
              [
                6.153168,
                53.468817
              ],
              [
                6.133311,
                53.453599
              ],
              [
                6.127452,
                53.459906
              ],
              [
                6.127126,
                53.46308
              ],
              [
                6.133311,
                53.467922
              ],
              [
                6.122813,
                53.481635
              ],
              [
                6.14796,
                53.494859
              ],
              [
                6.185395,
                53.504869
              ],
              [
                6.211762,
                53.508857
              ]
            ]
          ],
          [
            [
              [
                6.441173,
                53.556627
              ],
              [
                6.455089,
                53.558092
              ],
              [
                6.510102,
                53.543606
              ],
              [
                6.505626,
                53.543769
              ],
              [
                6.501964,
                53.542548
              ],
              [
                6.498871,
                53.539984
              ],
              [
                6.49643,
                53.5362
              ],
              [
                6.460704,
                53.543362
              ],
              [
                6.443044,
                53.549994
              ],
              [
                6.441173,
                53.556627
              ]
            ]
          ]
        ]
      }
    }
  ]
}
